-- MySQL dump 10.13  Distrib 5.6.22, for osx10.8 (x86_64)
--
-- Host: localhost    Database: comiron
-- ------------------------------------------------------
-- Server version	5.6.22

/*!40101 SET @OLD_CHARACTER_SET_CLIENT=@@CHARACTER_SET_CLIENT */;
/*!40101 SET @OLD_CHARACTER_SET_RESULTS=@@CHARACTER_SET_RESULTS */;
/*!40101 SET @OLD_COLLATION_CONNECTION=@@COLLATION_CONNECTION */;
/*!40101 SET NAMES utf8 */;
/*!40103 SET @OLD_TIME_ZONE=@@TIME_ZONE */;
/*!40103 SET TIME_ZONE='+00:00' */;
/*!40014 SET @OLD_UNIQUE_CHECKS=@@UNIQUE_CHECKS, UNIQUE_CHECKS=0 */;
/*!40014 SET @OLD_FOREIGN_KEY_CHECKS=@@FOREIGN_KEY_CHECKS, FOREIGN_KEY_CHECKS=0 */;
/*!40101 SET @OLD_SQL_MODE=@@SQL_MODE, SQL_MODE='NO_AUTO_VALUE_ON_ZERO' */;
/*!40111 SET @OLD_SQL_NOTES=@@SQL_NOTES, SQL_NOTES=0 */;

--
-- Table structure for table `action`
--

DROP TABLE IF EXISTS `action`;
/*!40101 SET @saved_cs_client     = @@character_set_client */;
/*!40101 SET character_set_client = utf8 */;
CREATE TABLE `action` (
  `id` int(11) NOT NULL AUTO_INCREMENT,
  `product_id` int(11) NOT NULL,
  `discount` int(11) DEFAULT '0',
  `ordr` int(11) DEFAULT NULL,
  KEY `id` (`id`),
  KEY `product_id` (`product_id`),
  KEY `ordr` (`ordr`)
) ENGINE=MyISAM AUTO_INCREMENT=8 DEFAULT CHARSET=utf8;
/*!40101 SET character_set_client = @saved_cs_client */;

--
-- Dumping data for table `action`
--

LOCK TABLES `action` WRITE;
/*!40000 ALTER TABLE `action` DISABLE KEYS */;
INSERT INTO `action` VALUES (1,2556,45,NULL),(2,2553,30,NULL),(3,2557,30,NULL),(4,2556,70,NULL),(5,2553,20,NULL),(6,2557,60,NULL),(7,2553,23,NULL);
/*!40000 ALTER TABLE `action` ENABLE KEYS */;
UNLOCK TABLES;

--
-- Table structure for table `activities`
--

DROP TABLE IF EXISTS `activities`;
/*!40101 SET @saved_cs_client     = @@character_set_client */;
/*!40101 SET character_set_client = utf8 */;
CREATE TABLE `activities` (
  `id` int(11) NOT NULL AUTO_INCREMENT,
  `person_id` int(11) NOT NULL,
  `app_id` int(11) NOT NULL,
  `title` mediumtext NOT NULL,
  `body` mediumtext NOT NULL,
  `created` int(11) NOT NULL,
  KEY `id` (`id`),
  KEY `activity_stream_id` (`person_id`),
  KEY `created` (`created`),
  KEY `created_2` (`created`),
  KEY `created_3` (`created`)
) ENGINE=MyISAM AUTO_INCREMENT=31 DEFAULT CHARSET=utf8;
/*!40101 SET character_set_client = @saved_cs_client */;

--
-- Dumping data for table `activities`
--

LOCK TABLES `activities` WRITE;
/*!40000 ALTER TABLE `activities` DISABLE KEYS */;
INSERT INTO `activities` VALUES (5,13,0,'and <a href=\"/profile/14\" rel=\"friend\">Антон Миронов</a> are now friends.','',1363150447),(6,14,0,'and <a href=\"/profile/13\" rel=\"friend\">Михаил Николаев</a> are now friends.','',1363150447),(7,14,0,'and <a href=\"/profile/12\" rel=\"friend\">Anastasiya Deeva</a> are now friends.','',1364008975),(8,12,0,'and <a href=\"/profile/14\" rel=\"friend\">Korben Dallas</a> are now friends.','',1364008975),(9,14,0,'and <a href=\"/profile/16\" rel=\"friend\">Sergey Pavlov</a> are now friends.','',1364133372),(10,16,0,'and <a href=\"/profile/14\" rel=\"friend\">Korben Dallas</a> are now friends.','',1364133372),(11,13,0,'and <a href=\"/profile/16\" rel=\"friend\">Sergey Pavlov</a> are now friends.','',1364136841),(12,16,0,'and <a href=\"/profile/13\" rel=\"friend\">Михаил Николаев</a> are now friends.','',1364136841),(13,14,0,'and <a href=\"/profile/19\" rel=\"friend\">Елена Григорьевна</a> are now friends.','',1364622225),(14,19,0,'and <a href=\"/profile/14\" rel=\"friend\">Korben Dallas</a> are now friends.','',1364622225),(15,14,0,'and <a href=\"/profile/20\" rel=\"friend\">Ksenia Mironova</a> are now friends.','',1365122401),(16,20,0,'and <a href=\"/profile/14\" rel=\"friend\">Korben Dallas</a> are now friends.','',1365122401),(17,21,0,'and <a href=\"/profile/14\" rel=\"friend\">Korben Dallas</a> are now friends.','',1365256014),(18,14,0,'and <a href=\"/profile/21\" rel=\"friend\">Вячеслав Миронов</a> are now friends.','',1365256014),(19,12,0,'and <a href=\"/profile/22\" rel=\"friend\">Vitaliy Deev</a> are now friends.','',1367492460),(20,22,0,'and <a href=\"/profile/12\" rel=\"friend\">Anastasiya Deeva</a> are now friends.','',1367492460),(21,15,0,'and <a href=\"/profile/12\" rel=\"friend\">Anastasiya Deeva</a> are now friends.','',1367603773),(22,12,0,'and <a href=\"/profile/15\" rel=\"friend\">Анастасия Деева</a> are now friends.','',1367603773),(23,14,0,'and <a href=\"/profile/23\" rel=\"friend\">Андрей Силаев</a> are now friends.','',1368206056),(24,23,0,'and <a href=\"/profile/14\" rel=\"friend\">Korben Dallas</a> are now friends.','',1368206056),(25,20,0,'and <a href=\"/profile/12\" rel=\"friend\">Anastasiya Deeva</a> are now friends.','',1368851593),(26,12,0,'and <a href=\"/profile/20\" rel=\"friend\">Ksenia Mironova</a> are now friends.','',1368851593),(27,13,0,'and <a href=\"/profile/23\" rel=\"friend\">Андрей Силаев</a> are now friends.','',1368851850),(28,23,0,'and <a href=\"/profile/13\" rel=\"friend\">Михаил Николаев</a> are now friends.','',1368851850),(29,12,0,'and <a href=\"/profile/25\" rel=\"friend\">123123 123123</a> are now friends.','',1380222075),(30,25,0,'and <a href=\"/profile/12\" rel=\"friend\">Anastasiya Deeva</a> are now friends.','',1380222075);
/*!40000 ALTER TABLE `activities` ENABLE KEYS */;
UNLOCK TABLES;

--
-- Table structure for table `address`
--

DROP TABLE IF EXISTS `address`;
/*!40101 SET @saved_cs_client     = @@character_set_client */;
/*!40101 SET character_set_client = utf8 */;
CREATE TABLE `address` (
  `id` int(11) unsigned NOT NULL AUTO_INCREMENT,
  `addrstring` varchar(255) DEFAULT NULL,
  `aoid` varchar(255) DEFAULT NULL,
  `houseid` varchar(255) DEFAULT NULL,
  `country_id` int(11) DEFAULT NULL,
  `postalcode` varchar(15) DEFAULT NULL,
  `country_code` varchar(3) DEFAULT NULL,
  `additional` varchar(255) DEFAULT NULL,
  `object` varchar(20) NOT NULL,
  `object_id` int(11) NOT NULL,
  `aoidpath` varchar(255) DEFAULT NULL,
  `city` varchar(255) DEFAULT NULL,
  PRIMARY KEY (`id`),
  KEY `country_id` (`country_id`,`country_code`,`object`,`object_id`)
) ENGINE=MyISAM AUTO_INCREMENT=5 DEFAULT CHARSET=utf8;
/*!40101 SET character_set_client = @saved_cs_client */;

--
-- Dumping data for table `address`
--

LOCK TABLES `address` WRITE;
/*!40000 ALTER TABLE `address` DISABLE KEYS */;
INSERT INTO `address` VALUES (1,'г.Челябинск, ул.Солнечная 12а-34',NULL,NULL,2,'454014','RU','3 подъезд','people',15,NULL,'Челябинск'),(2,'г.Челябинск, ул.Солнечная 12а-34',NULL,NULL,2,'454014','RU','3 подъезд','shop',15,NULL,'Челябинск'),(3,'г.Екатеринбург, ул.Солнечная 12а-34',NULL,NULL,2,'454014','RU','3 подъезд','shop',124,NULL,'Екатеринбург'),(4,'г.Челябинск, ул.Солнечная 12а-34',NULL,NULL,2,'454014','RU','3 подъезд','shop',124,NULL,'Челябинск');
/*!40000 ALTER TABLE `address` ENABLE KEYS */;
UNLOCK TABLES;

--
-- Table structure for table `addresses`
--

DROP TABLE IF EXISTS `addresses`;
/*!40101 SET @saved_cs_client     = @@character_set_client */;
/*!40101 SET character_set_client = utf8 */;
CREATE TABLE `addresses` (
  `id` int(11) NOT NULL AUTO_INCREMENT,
  `country_id` int(11) DEFAULT NULL,
  `extended_address` char(128) DEFAULT NULL,
  `latitude` int(11) DEFAULT NULL,
  `locality` varchar(128) DEFAULT NULL,
  `longitude` int(11) DEFAULT NULL,
  `po_box` char(32) DEFAULT NULL,
  `postal_code` char(32) DEFAULT NULL,
  `region_id` int(11) DEFAULT NULL,
  `street_address` char(128) DEFAULT NULL,
  `address_type` char(128) DEFAULT NULL,
  `unstructured_address` char(255) DEFAULT NULL,
  PRIMARY KEY (`id`)
) ENGINE=MyISAM DEFAULT CHARSET=utf8;
/*!40101 SET character_set_client = @saved_cs_client */;

--
-- Dumping data for table `addresses`
--

LOCK TABLES `addresses` WRITE;
/*!40000 ALTER TABLE `addresses` DISABLE KEYS */;
/*!40000 ALTER TABLE `addresses` ENABLE KEYS */;
UNLOCK TABLES;

--
-- Table structure for table `albums`
--

DROP TABLE IF EXISTS `albums`;
/*!40101 SET @saved_cs_client     = @@character_set_client */;
/*!40101 SET character_set_client = utf8 */;
CREATE TABLE `albums` (
  `id` int(11) NOT NULL AUTO_INCREMENT,
  `title` char(255) DEFAULT NULL,
  `description` text,
  `address_id` int(11) DEFAULT NULL,
  `owner_id` int(11) NOT NULL,
  `media_mime_type` char(64) DEFAULT NULL,
  `media_type` enum('AUDIO','IMAGE','VIDEO') NOT NULL,
  `thumbnail_url` char(128) DEFAULT NULL,
  `app_id` int(11) DEFAULT '0',
  `created` int(11) DEFAULT NULL,
  `modified` int(11) DEFAULT NULL,
  `media_count` int(11) DEFAULT '0',
  `media_id` int(11) DEFAULT NULL,
  KEY `id` (`id`),
  KEY `owner_id` (`owner_id`)
) ENGINE=MyISAM AUTO_INCREMENT=21 DEFAULT CHARSET=utf8;
/*!40101 SET character_set_client = @saved_cs_client */;

--
-- Dumping data for table `albums`
--

LOCK TABLES `albums` WRITE;
/*!40000 ALTER TABLE `albums` DISABLE KEYS */;
INSERT INTO `albums` VALUES (6,'Фотки','',NULL,13,'image','IMAGE','/images/albums/6/177.220x220.jpg',0,1363147462,1363324087,1,177),(9,'Korben Dallas','',NULL,14,'image','IMAGE','/images/albums/9/161.220x220.jpg',0,1363321596,1363580545,12,161),(8,'nmbmnb','nbkjhjk',NULL,12,'image','IMAGE','/images/albums/8/159.220x220.png',0,1363152284,1380265479,6,159),(10,'Ралли','Город Челябинск, поворот на вахрушево',NULL,14,'image','IMAGE','/images/albums/10/184.220x220.jpg',0,1363596176,1363596206,7,184),(11,'Кантегир 2013','',NULL,13,'image','IMAGE','/images/albums/11/235.220x220.jpg',0,1364056869,1364057095,29,235),(12,'Китай Весна 2013','',NULL,21,'image','IMAGE',NULL,0,1365170960,1365170960,0,NULL),(13,'','',NULL,24,'image','IMAGE',NULL,0,1368650678,1368650678,0,NULL),(14,'1','',NULL,30,'image','IMAGE','/images/albums/14/487.220x220.png',0,1388451534,1396037324,4,487),(15,'Отпуск','',NULL,15,'image','IMAGE',NULL,0,1429620353,1429620353,0,NULL),(16,'Альбом2','',NULL,15,'image','IMAGE',NULL,0,1429620462,1429620462,0,NULL),(20,'album','',NULL,15,'image','IMAGE',NULL,0,1431423794,1431423794,0,NULL),(19,'Альбом5','',NULL,15,'image','IMAGE',NULL,0,1429620697,1429620697,0,NULL);
/*!40000 ALTER TABLE `albums` ENABLE KEYS */;
UNLOCK TABLES;

--
-- Table structure for table `application_settings`
--

DROP TABLE IF EXISTS `application_settings`;
/*!40101 SET @saved_cs_client     = @@character_set_client */;
/*!40101 SET character_set_client = utf8 */;
CREATE TABLE `application_settings` (
  `application_id` int(11) NOT NULL,
  `person_id` int(11) NOT NULL,
  `name` char(128) NOT NULL,
  `value` char(255) NOT NULL,
  UNIQUE KEY `application_id` (`application_id`,`person_id`,`name`)
) ENGINE=MyISAM DEFAULT CHARSET=utf8;
/*!40101 SET character_set_client = @saved_cs_client */;

--
-- Dumping data for table `application_settings`
--

LOCK TABLES `application_settings` WRITE;
/*!40000 ALTER TABLE `application_settings` DISABLE KEYS */;
/*!40000 ALTER TABLE `application_settings` ENABLE KEYS */;
UNLOCK TABLES;

--
-- Table structure for table `applications`
--

DROP TABLE IF EXISTS `applications`;
/*!40101 SET @saved_cs_client     = @@character_set_client */;
/*!40101 SET character_set_client = utf8 */;
CREATE TABLE `applications` (
  `id` int(11) NOT NULL AUTO_INCREMENT,
  `url` char(128) NOT NULL,
  `title` char(128) DEFAULT NULL,
  `directory_title` varchar(128) DEFAULT NULL,
  `screenshot` char(128) DEFAULT NULL,
  `thumbnail` char(128) DEFAULT NULL,
  `author` char(128) DEFAULT NULL,
  `author_email` char(128) DEFAULT NULL,
  `description` mediumtext,
  `settings` mediumtext,
  `views` mediumtext,
  `version` varchar(64) NOT NULL,
  `height` int(11) NOT NULL DEFAULT '0',
  `scrolling` int(11) NOT NULL DEFAULT '0',
  `approved` enum('Y','N') DEFAULT 'N',
  `modified` int(11) NOT NULL,
  UNIQUE KEY `url` (`url`),
  KEY `id` (`id`)
) ENGINE=MyISAM DEFAULT CHARSET=utf8;
/*!40101 SET character_set_client = @saved_cs_client */;

--
-- Dumping data for table `applications`
--

LOCK TABLES `applications` WRITE;
/*!40000 ALTER TABLE `applications` DISABLE KEYS */;
/*!40000 ALTER TABLE `applications` ENABLE KEYS */;
UNLOCK TABLES;

--
-- Table structure for table `article`
--

DROP TABLE IF EXISTS `article`;
/*!40101 SET @saved_cs_client     = @@character_set_client */;
/*!40101 SET character_set_client = utf8 */;
CREATE TABLE `article` (
  `id` int(11) NOT NULL AUTO_INCREMENT,
  `name` varchar(250) DEFAULT NULL,
  `txt` text,
  `shop_id` int(11) DEFAULT '0',
  `visible` int(11) NOT NULL DEFAULT '0',
  `ordr` int(11) NOT NULL DEFAULT '0',
  `article_id` int(11) NOT NULL DEFAULT '0',
  PRIMARY KEY (`id`),
  KEY `visible` (`visible`),
  KEY `ordr` (`ordr`),
  KEY `shop_id` (`shop_id`),
  KEY `article_id` (`article_id`)
) ENGINE=InnoDB AUTO_INCREMENT=21 DEFAULT CHARSET=utf8;
/*!40101 SET character_set_client = @saved_cs_client */;

--
-- Dumping data for table `article`
--

LOCK TABLES `article` WRITE;
/*!40000 ALTER TABLE `article` DISABLE KEYS */;
INSERT INTO `article` VALUES (15,'Контакты','г. Челябинск, автодорога Меридиан\r\nТК Галеон\r\n8 (351) 2002135\r\n8 (351) 2002125',13,1,1,0),(16,'О Компании','квп куыр вапрт ыа купр ваыр е\r\nкувнр кер ыве\r\n кер екар',13,1,2,0),(17,'статья','ффывфыв фыв',14,1,1,0),(18,'test','<p>test</p>',106,1,1,0),(19,'О Компании','<div>\r\n<div>\r\n<div>\r\n<div>нь рождения:</div>\r\n<div>11 октября&nbsp;1983 г.</div>\r\n</div>\r\n<div>\r\n<div><span>Родной город:</span></div>\r\n<div>\r\n<ul>\r\n<li>Ч<span>елябинск</span></li>\r\n<li><span>Место </span><em>работы:</em></li>\r\n<li><em>Студия Креограф - веб-маркетинг и разработка ПО</em></li>\r\n<li><em>Дочь:</em></li>\r\n</ul>\r\n</div>\r\n</div>\r\n<div>\r\n<div><em><span><span>Лера Деева</span></span></em></div>\r\n</div>\r\n</div>\r\nПоказать подробную информацию</div>\r\n<div></div>\r\n<div>\r\n<div>\r\n<div>\r\n<div></div>\r\n</div>\r\n</div>\r\n</div>\r\n<p></p>',124,1,1,0),(20,'Контакты','текст',124,1,2,0);
/*!40000 ALTER TABLE `article` ENABLE KEYS */;
UNLOCK TABLES;

--
-- Table structure for table `authenticated`
--

DROP TABLE IF EXISTS `authenticated`;
/*!40101 SET @saved_cs_client     = @@character_set_client */;
/*!40101 SET character_set_client = utf8 */;
CREATE TABLE `authenticated` (
  `person_id` int(11) NOT NULL,
  `hash` varchar(41) NOT NULL,
  PRIMARY KEY (`hash`),
  UNIQUE KEY `person_id` (`person_id`)
) ENGINE=MyISAM DEFAULT CHARSET=utf8;
/*!40101 SET character_set_client = @saved_cs_client */;

--
-- Dumping data for table `authenticated`
--

LOCK TABLES `authenticated` WRITE;
/*!40000 ALTER TABLE `authenticated` DISABLE KEYS */;
INSERT INTO `authenticated` VALUES (4,'1cc30923fc36a2d1ebdd145212e67c89064b4ae0'),(5,'a1a4f91dc5b5886cb7102af1af8b816a8f409032'),(6,'c60683252f992852e173e652cea5c9e014386564'),(11,'901aa76efd669130621606d6f8886fd0d1658ab2'),(13,'a2d6062b35fbcfbcff38ebbc216a8f55e714da67'),(14,'f098fe4a1df6753ae4281164aafba3eec02d8f77'),(16,'8eee3fa79b3a49480c981733b06c6aee7639da5f'),(17,'5b0df24c522bcf51541ee1d5e4e942e27b55c464'),(18,'45105479efec29d0c5e874a70094313592c64bda'),(19,'023717c4c6ff096501750c258f5d44de4513c9fe'),(20,'1afa579a792a14fc19e68d84fa4a81d74edfb803'),(21,'09e9eda7b89c9391b3f02cbaf17ec88a4315b9af'),(22,'519de7c3a8b588911bbf5dab1851154fe25a962f'),(23,'2edec020e86d8e0b2f9b3a5ef029e702af87158f'),(24,'4f81633b71b1ea6c6b1428d45a1ff84f2b170f0c'),(1,'2ff8e0549b414f4c9655ce0f0e0eab84c67ed600'),(2,'eb8f1e5719f4d1abf233387b82b33a8a0633c45a'),(3,'042759655be44155bfb2240a160da55c3f011f1a'),(25,'84185c47f0b4ab90da5935d19e467c4d909f56ba'),(26,'8afdb4afa81c4b93ad7d0f380bc4c9fbbd4d7b27'),(27,'33c2e239dd623c7c521a434add15f3e2424fea03'),(28,'8fe528bd7eccb3130f5b5c84b5695c4a4cd8e41c'),(29,'34dfd47028152cdff945300953c63aebcfca5414'),(30,'97aeb48fd3e75a377f8d0a02cae6a40e490bd00e'),(31,'f9d9172af48cba6a037a30c0bf50a820014cee04'),(32,'c96699719833e632cf3f5f7b181ac23ed7a13637'),(33,'af4fa40f8af1211435aeecde9e53110fd3399e67'),(34,'581a0d98904ec447ffa093f4edc261b283a0c82b');
/*!40000 ALTER TABLE `authenticated` ENABLE KEYS */;
UNLOCK TABLES;

--
-- Table structure for table `car`
--

DROP TABLE IF EXISTS `car`;
/*!40101 SET @saved_cs_client     = @@character_set_client */;
/*!40101 SET character_set_client = utf8 */;
CREATE TABLE `car` (
  `id` int(11) NOT NULL AUTO_INCREMENT,
  `marka_id` int(11) DEFAULT NULL,
  `model_id` int(11) DEFAULT NULL,
  `person_id` int(11) DEFAULT NULL,
  `year` int(11) DEFAULT NULL,
  `descr` text,
  `complect` char(250) DEFAULT NULL,
  `isvisible` int(1) NOT NULL DEFAULT '0',
  `created` int(11) DEFAULT NULL,
  PRIMARY KEY (`id`),
  KEY `person_id` (`person_id`),
  KEY `model_id` (`model_id`),
  KEY `year` (`year`),
  KEY `complect` (`complect`),
  KEY `marka_id` (`marka_id`),
  KEY `isvisible` (`isvisible`),
  KEY `created` (`created`)
) ENGINE=MyISAM AUTO_INCREMENT=449 DEFAULT CHARSET=utf8;
/*!40101 SET character_set_client = @saved_cs_client */;

--
-- Dumping data for table `car`
--

LOCK TABLES `car` WRITE;
/*!40000 ALTER TABLE `car` DISABLE KEYS */;
INSERT INTO `car` VALUES (171,17,183,12,2000,'','compl',1,1375301080),(170,89,0,12,2012,'123123','',1,1375272529),(448,NULL,NULL,34,NULL,NULL,NULL,0,1456465785);
/*!40000 ALTER TABLE `car` ENABLE KEYS */;
UNLOCK TABLES;

--
-- Table structure for table `car_marka`
--

DROP TABLE IF EXISTS `car_marka`;
/*!40101 SET @saved_cs_client     = @@character_set_client */;
/*!40101 SET character_set_client = utf8 */;
CREATE TABLE `car_marka` (
  `id` int(11) NOT NULL AUTO_INCREMENT,
  `isrussian` int(1) DEFAULT '0',
  `name` char(250) DEFAULT NULL,
  PRIMARY KEY (`id`),
  KEY `name` (`name`),
  KEY `isrussia` (`isrussian`)
) ENGINE=MyISAM AUTO_INCREMENT=130 DEFAULT CHARSET=utf8;
/*!40101 SET character_set_client = @saved_cs_client */;

--
-- Dumping data for table `car_marka`
--

LOCK TABLES `car_marka` WRITE;
/*!40000 ALTER TABLE `car_marka` DISABLE KEYS */;
INSERT INTO `car_marka` VALUES (2,1,'АСТРО'),(3,1,'ВАЗ'),(4,1,'ГАЗ'),(5,1,'ЗАЗ'),(6,1,'ЗИЛ'),(7,1,'ИЖ'),(8,1,'КАМАЗ'),(9,1,'ЛУАЗ'),(10,1,'МОСКВИЧ (АЗЛК)'),(11,1,'СЕАЗ'),(12,1,'СМЗ'),(13,1,'ТАГАЗ'),(14,1,'УАЗ'),(15,1,'ЭКСКЛЮЗИВ'),(16,0,'AC'),(17,0,'ACURA'),(18,0,'ALFA ROMEO'),(19,0,'ARO'),(20,0,'ASIA'),(21,0,'ASTON MARTIN'),(22,0,'AUDI'),(23,0,'BENTLEY'),(24,0,'BMW'),(25,0,'BMW ALPINA'),(26,0,'BRILLIANCE'),(27,0,'BUFORI'),(28,0,'BUGATTI'),(29,0,'BUICK'),(30,0,'BYD'),(31,0,'CADILLAC'),(32,0,'CHERY'),(33,0,'CHEVROLET'),(34,0,'CHRYSLER'),(35,0,'CITROEN'),(36,0,'DACIA'),(37,0,'DADI'),(38,0,'DAEWOO'),(39,0,'DAIHATSU'),(40,0,'DAIMLER'),(41,0,'DE LOREAN'),(42,0,'DERWAYS'),(43,0,'DODGE'),(44,0,'DONINVEST'),(45,0,'EAGLE'),(46,0,'FAW'),(47,0,'FERRARI'),(48,0,'FIAT'),(49,0,'FISKER'),(50,0,'FORD'),(51,0,'GEELY'),(52,0,'GEO'),(53,0,'GMC'),(54,0,'GREAT WALL'),(55,0,'HAFEI'),(56,0,'HAIMA'),(57,0,'HONDA'),(58,0,'HUANGHAI'),(59,0,'HUMMER'),(60,0,'HYUNDAI'),(61,0,'INFINITI'),(62,0,'IRAN KHODRO'),(63,0,'ISUZU'),(64,0,'JAC'),(65,0,'JAGUAR'),(66,0,'JEEP'),(67,0,'JMC'),(68,0,'KIA'),(69,0,'KOENIGSEGG'),(70,0,'LAMBORGHINI'),(71,0,'LANCIA'),(72,0,'LAND ROVER'),(73,0,'LEXUS'),(74,0,'LIFAN'),(75,0,'LINCOLN'),(76,0,'LOTUS'),(77,0,'MAHINDRA'),(78,0,'MASERATI'),(79,0,'MAYBACH'),(80,0,'MAZDA'),(81,0,'MERCEDES-BENZ'),(82,0,'MERCURY'),(83,0,'METROCAB'),(84,0,'MG'),(85,0,'MINI'),(86,0,'MITSUBISHI'),(87,0,'MITSUOKA'),(88,0,'MORGAN'),(89,0,'NISSAN'),(90,0,'OLDSMOBILE'),(91,0,'OPEL'),(92,0,'PAGANI'),(93,0,'PEUGEOT'),(94,0,'PLYMOUTH'),(95,0,'PONTIAC'),(96,0,'PORSCHE'),(97,0,'PROTON'),(98,0,'PUCH'),(99,0,'RENAULT'),(100,0,'ROLLS-ROYCE'),(101,0,'ROVER'),(102,0,'SAAB'),(103,0,'SALEEN'),(104,0,'SATURN'),(105,0,'SCION'),(106,0,'SEAT'),(107,0,'SHUANGHUAN'),(108,0,'SKODA'),(109,0,'SMA'),(110,0,'SMART'),(111,0,'SPYKER'),(112,0,'SSANG YONG'),(113,0,'SUBARU'),(114,0,'SUZUKI'),(115,0,'TATA'),(116,0,'TIANMA'),(117,0,'TIANYE'),(118,0,'Tesla'),(119,0,'TOYOTA'),(120,0,'TRABANT'),(121,0,'VAUXHALL'),(122,0,'VOLKSWAGEN'),(123,0,'VOLVO'),(124,0,'VORTEX'),(125,0,'WARTBURG'),(126,0,'WIESMANN'),(127,0,'XIN KAI'),(128,0,'ZASTAVA'),(129,0,'ZX');
/*!40000 ALTER TABLE `car_marka` ENABLE KEYS */;
UNLOCK TABLES;

--
-- Table structure for table `car_model`
--

DROP TABLE IF EXISTS `car_model`;
/*!40101 SET @saved_cs_client     = @@character_set_client */;
/*!40101 SET character_set_client = utf8 */;
CREATE TABLE `car_model` (
  `id` int(11) NOT NULL AUTO_INCREMENT,
  `marka_id` int(11) DEFAULT NULL,
  `name` char(250) DEFAULT NULL,
  PRIMARY KEY (`id`),
  KEY `name` (`name`),
  KEY `marka_id` (`marka_id`)
) ENGINE=MyISAM AUTO_INCREMENT=1817 DEFAULT CHARSET=utf8;
/*!40101 SET character_set_client = @saved_cs_client */;

--
-- Dumping data for table `car_model`
--

LOCK TABLES `car_model` WRITE;
/*!40000 ALTER TABLE `car_model` DISABLE KEYS */;
INSERT INTO `car_model` VALUES (2,3,'1111&nbsp;Ока'),(3,3,'&nbsp;&nbsp;&nbsp;&nbsp;&nbsp;&nbsp;1111'),(4,3,'&nbsp;&nbsp;&nbsp;&nbsp;&nbsp;&nbsp;11113'),(5,3,'2101'),(6,3,'2102'),(7,3,'2103'),(8,3,'2104'),(9,3,'&nbsp;&nbsp;&nbsp;&nbsp;&nbsp;&nbsp;2104'),(10,3,'&nbsp;&nbsp;&nbsp;&nbsp;&nbsp;&nbsp;21043'),(11,3,'&nbsp;&nbsp;&nbsp;&nbsp;&nbsp;&nbsp;21045'),(12,3,'&nbsp;&nbsp;&nbsp;&nbsp;&nbsp;&nbsp;21047'),(13,3,'2105'),(14,3,'&nbsp;&nbsp;&nbsp;&nbsp;&nbsp;&nbsp;2105'),(15,3,'&nbsp;&nbsp;&nbsp;&nbsp;&nbsp;&nbsp;21053'),(16,3,'&nbsp;&nbsp;&nbsp;&nbsp;&nbsp;&nbsp;21054'),(17,3,'&nbsp;&nbsp;&nbsp;&nbsp;&nbsp;&nbsp;21058'),(18,3,'&nbsp;&nbsp;&nbsp;&nbsp;&nbsp;&nbsp;21059'),(19,3,'2106'),(20,3,'&nbsp;&nbsp;&nbsp;&nbsp;&nbsp;&nbsp;2106'),(21,3,'&nbsp;&nbsp;&nbsp;&nbsp;&nbsp;&nbsp;21061'),(22,3,'&nbsp;&nbsp;&nbsp;&nbsp;&nbsp;&nbsp;21063'),(23,3,'&nbsp;&nbsp;&nbsp;&nbsp;&nbsp;&nbsp;21065'),(24,3,'2107'),(25,3,'&nbsp;&nbsp;&nbsp;&nbsp;&nbsp;&nbsp;2107'),(26,3,'&nbsp;&nbsp;&nbsp;&nbsp;&nbsp;&nbsp;21071'),(27,3,'&nbsp;&nbsp;&nbsp;&nbsp;&nbsp;&nbsp;21072'),(28,3,'&nbsp;&nbsp;&nbsp;&nbsp;&nbsp;&nbsp;21073'),(29,3,'&nbsp;&nbsp;&nbsp;&nbsp;&nbsp;&nbsp;21074'),(30,3,'&nbsp;&nbsp;&nbsp;&nbsp;&nbsp;&nbsp;21079'),(31,3,'2108'),(32,3,'&nbsp;&nbsp;&nbsp;&nbsp;&nbsp;&nbsp;2108'),(33,3,'&nbsp;&nbsp;&nbsp;&nbsp;&nbsp;&nbsp;21081'),(34,3,'&nbsp;&nbsp;&nbsp;&nbsp;&nbsp;&nbsp;21083'),(35,3,'&nbsp;&nbsp;&nbsp;&nbsp;&nbsp;&nbsp;21086'),(36,3,'&nbsp;&nbsp;&nbsp;&nbsp;&nbsp;&nbsp;2108I'),(37,3,'2109'),(38,3,'&nbsp;&nbsp;&nbsp;&nbsp;&nbsp;&nbsp;2109'),(39,3,'&nbsp;&nbsp;&nbsp;&nbsp;&nbsp;&nbsp;21091'),(40,3,'&nbsp;&nbsp;&nbsp;&nbsp;&nbsp;&nbsp;21093'),(41,3,'&nbsp;&nbsp;&nbsp;&nbsp;&nbsp;&nbsp;21096'),(42,3,'&nbsp;&nbsp;&nbsp;&nbsp;&nbsp;&nbsp;21099'),(43,3,'&nbsp;&nbsp;&nbsp;&nbsp;&nbsp;&nbsp;21099I'),(44,3,'&nbsp;&nbsp;&nbsp;&nbsp;&nbsp;&nbsp;2109I'),(45,3,'2110'),(46,3,'&nbsp;&nbsp;&nbsp;&nbsp;&nbsp;&nbsp;2110'),(47,3,'&nbsp;&nbsp;&nbsp;&nbsp;&nbsp;&nbsp;21101'),(48,3,'&nbsp;&nbsp;&nbsp;&nbsp;&nbsp;&nbsp;21102'),(49,3,'&nbsp;&nbsp;&nbsp;&nbsp;&nbsp;&nbsp;21103'),(50,3,'&nbsp;&nbsp;&nbsp;&nbsp;&nbsp;&nbsp;21104'),(51,3,'&nbsp;&nbsp;&nbsp;&nbsp;&nbsp;&nbsp;21106'),(52,3,'&nbsp;&nbsp;&nbsp;&nbsp;&nbsp;&nbsp;21108'),(53,3,'Богдан'),(54,3,'2111'),(55,3,'&nbsp;&nbsp;&nbsp;&nbsp;&nbsp;&nbsp;2111'),(56,3,'&nbsp;&nbsp;&nbsp;&nbsp;&nbsp;&nbsp;21111'),(57,3,'&nbsp;&nbsp;&nbsp;&nbsp;&nbsp;&nbsp;21112'),(58,3,'&nbsp;&nbsp;&nbsp;&nbsp;&nbsp;&nbsp;21113'),(59,3,'&nbsp;&nbsp;&nbsp;&nbsp;&nbsp;&nbsp;21114'),(60,3,'Богдан'),(61,3,'2112'),(62,3,'&nbsp;&nbsp;&nbsp;&nbsp;&nbsp;&nbsp;2112'),(63,3,'&nbsp;&nbsp;&nbsp;&nbsp;&nbsp;&nbsp;21121'),(64,3,'&nbsp;&nbsp;&nbsp;&nbsp;&nbsp;&nbsp;21122'),(65,3,'&nbsp;&nbsp;&nbsp;&nbsp;&nbsp;&nbsp;21123'),(66,3,'&nbsp;&nbsp;&nbsp;&nbsp;&nbsp;&nbsp;21124'),(67,3,'2113'),(68,3,'2114'),(69,3,'2115'),(70,3,'&nbsp;&nbsp;&nbsp;&nbsp;&nbsp;&nbsp;2115'),(71,3,'&nbsp;&nbsp;&nbsp;&nbsp;&nbsp;&nbsp;2115&nbsp;WANKEL'),(72,3,'&nbsp;&nbsp;&nbsp;&nbsp;&nbsp;&nbsp;2115I'),(73,3,'2120&nbsp;Надежда'),(74,3,'2121&nbsp;4X4'),(75,3,'&nbsp;&nbsp;&nbsp;&nbsp;&nbsp;&nbsp;2121'),(76,3,'&nbsp;&nbsp;&nbsp;&nbsp;&nbsp;&nbsp;21213'),(77,3,'&nbsp;&nbsp;&nbsp;&nbsp;&nbsp;&nbsp;21214'),(78,3,'&nbsp;&nbsp;&nbsp;&nbsp;&nbsp;&nbsp;21217'),(79,3,'&nbsp;&nbsp;&nbsp;&nbsp;&nbsp;&nbsp;21218'),(80,3,'2123'),(81,3,'2129'),(82,3,'2131'),(83,3,'2329'),(84,3,'GRANTA'),(85,3,'KALINA'),(86,3,'&nbsp;&nbsp;&nbsp;&nbsp;&nbsp;&nbsp;1117&nbsp;KALINA&nbsp;Универсал'),(87,3,'&nbsp;&nbsp;&nbsp;&nbsp;&nbsp;&nbsp;1118&nbsp;KALINA&nbsp;Седан'),(88,3,'&nbsp;&nbsp;&nbsp;&nbsp;&nbsp;&nbsp;1119&nbsp;KALINA&nbsp;SPORT'),(89,3,'&nbsp;&nbsp;&nbsp;&nbsp;&nbsp;&nbsp;1119&nbsp;KALINA&nbsp;Хатчбек'),(90,3,'LARGUS'),(91,3,'PRIORA'),(92,3,'&nbsp;&nbsp;&nbsp;&nbsp;&nbsp;&nbsp;2170&nbsp;PRIORA&nbsp;Седан'),(93,3,'&nbsp;&nbsp;&nbsp;&nbsp;&nbsp;&nbsp;21708'),(94,3,'&nbsp;&nbsp;&nbsp;&nbsp;&nbsp;&nbsp;2171&nbsp;PRIORA&nbsp;Универсал'),(95,3,'&nbsp;&nbsp;&nbsp;&nbsp;&nbsp;&nbsp;2172&nbsp;PRIORA&nbsp;Хатчбэк'),(96,3,'&nbsp;&nbsp;&nbsp;&nbsp;&nbsp;&nbsp;21728&nbsp;PRIORA&nbsp;COUPE'),(97,4,'13'),(98,4,'14'),(99,4,'20'),(100,4,'21'),(101,4,'22'),(102,4,'2330'),(103,4,'24'),(104,4,'31'),(105,4,'&nbsp;&nbsp;&nbsp;&nbsp;&nbsp;&nbsp;3102'),(106,4,'&nbsp;&nbsp;&nbsp;&nbsp;&nbsp;&nbsp;310221'),(107,4,'&nbsp;&nbsp;&nbsp;&nbsp;&nbsp;&nbsp;31029'),(108,4,'&nbsp;&nbsp;&nbsp;&nbsp;&nbsp;&nbsp;3102I'),(109,4,'&nbsp;&nbsp;&nbsp;&nbsp;&nbsp;&nbsp;3105'),(110,4,'&nbsp;&nbsp;&nbsp;&nbsp;&nbsp;&nbsp;3110'),(111,4,'&nbsp;&nbsp;&nbsp;&nbsp;&nbsp;&nbsp;31105'),(112,4,'&nbsp;&nbsp;&nbsp;&nbsp;&nbsp;&nbsp;311055'),(113,4,'&nbsp;&nbsp;&nbsp;&nbsp;&nbsp;&nbsp;3110I'),(114,4,'&nbsp;&nbsp;&nbsp;&nbsp;&nbsp;&nbsp;3111'),(115,4,'69'),(116,4,'SIBER'),(117,4,'М1'),(118,5,'1102'),(119,5,'1103&nbsp;SLAVUTA'),(120,5,'1105'),(121,5,'1125'),(122,5,'1140'),(123,5,'965'),(124,5,'966'),(125,5,'968'),(126,5,'CHANCE'),(127,5,'SENS'),(128,5,'VIDA'),(129,6,'114'),(130,6,'4104'),(131,7,'2125'),(132,7,'2126'),(133,7,'21261'),(134,7,'2717'),(135,7,'412'),(136,8,'ОКА'),(137,9,'967'),(138,9,'969'),(139,10,'2137&nbsp;KOMBI'),(140,10,'2138'),(141,10,'2140'),(142,10,'2141'),(143,10,'400'),(144,10,'401'),(145,10,'402'),(146,10,'403'),(147,10,'407'),(148,10,'408'),(149,10,'412'),(150,10,'423&nbsp;KOMBI'),(151,10,'Калита'),(152,10,'Князь&nbsp;Владимир'),(153,10,'Святогор'),(154,10,'Юрий&nbsp;Долгорукий'),(155,11,'1111'),(156,11,'11116'),(157,12,'Мотокаляска'),(158,13,'C-10'),(159,13,'C-190'),(160,13,'ESTINA'),(161,13,'ROAD&nbsp;PARTNER'),(162,13,'SONATA'),(163,13,'TAGER'),(164,13,'TIGGO'),(165,13,'VEGA'),(166,14,'2317'),(167,14,'2363&nbsp;PICKUP'),(168,14,'3151'),(169,14,'315108&nbsp;HUNTER'),(170,14,'31512'),(171,14,'31514'),(172,14,'31517'),(173,14,'31519'),(174,14,'315195&nbsp;HUNTER'),(175,14,'3153'),(176,14,'3159'),(177,14,'3160'),(178,14,'3162'),(179,14,'3163&nbsp;PATRIOT'),(180,14,'3164'),(181,14,'469'),(182,17,'CSX'),(183,17,'EL'),(184,17,'INTEGRA'),(185,17,'LEGEND'),(186,17,'MDX'),(187,17,'RDX'),(188,17,'RL'),(189,17,'RSX'),(190,17,'TL'),(191,17,'TSX'),(192,17,'ZDX'),(193,18,'145'),(194,18,'146'),(195,18,'147'),(196,18,'155'),(197,18,'156'),(198,18,'159'),(199,18,'164'),(200,18,'166'),(201,18,'33'),(202,18,'75'),(203,18,'8C'),(204,18,'BRERA'),(205,18,'GT'),(206,18,'GTV'),(207,18,'MITO'),(208,18,'SPIDER'),(209,20,'AURORA'),(210,20,'COWBOY'),(211,20,'PLUTUS'),(212,20,'SHUTTLE'),(213,21,'DB7'),(214,21,'DB9'),(215,21,'DBS'),(216,21,'RAPIDE'),(217,21,'V12&nbsp;VANQUISH'),(218,21,'V8'),(219,21,'VANTAGE'),(220,22,'100'),(221,22,'200'),(222,22,'80'),(223,22,'90'),(224,22,'A1'),(225,22,'A2'),(226,22,'A3'),(227,22,'A4'),(228,22,'A5'),(229,22,'A6'),(230,22,'A7'),(231,22,'A8'),(232,22,'ALLROAD'),(233,22,'COUPE'),(234,22,'Q3'),(235,22,'Q5'),(236,22,'Q7'),(237,22,'QUATTRO'),(238,22,'R8'),(239,22,'RS2'),(240,22,'RS4'),(241,22,'RS5'),(242,22,'RS6'),(243,22,'S2'),(244,22,'S3'),(245,22,'S4'),(246,22,'S5'),(247,22,'S6'),(248,22,'S8'),(249,22,'TT'),(250,22,'V8&nbsp;(D11)'),(251,23,'ARNAGE'),(252,23,'AZURE'),(253,23,'BROOKLANDS'),(254,23,'CONTINENTAL'),(255,23,'CONTINENTAL&nbsp;FLYING&nbsp;SPUR'),(256,23,'CONTINENTAL&nbsp;GT'),(257,23,'CONTINENTAL&nbsp;GTC'),(258,23,'CONTINENTAL&nbsp;SUPERSPORTS'),(259,23,'MULSANNE'),(260,23,'TURBO&nbsp;R'),(261,24,'1ER'),(262,24,'116'),(263,24,'118'),(264,24,'120'),(265,24,'123'),(266,24,'125'),(267,24,'130'),(268,24,'135'),(269,24,'3ER'),(270,24,'315'),(271,24,'316'),(272,24,'318'),(273,24,'320'),(274,24,'323'),(275,24,'324'),(276,24,'325'),(277,24,'328'),(278,24,'330'),(279,24,'335'),(280,24,'5ER'),(281,24,'518'),(282,24,'520'),(283,24,'523'),(284,24,'524'),(285,24,'525'),(286,24,'528'),(287,24,'530'),(288,24,'535'),(289,24,'540'),(290,24,'545'),(291,24,'550'),(292,24,'6ER'),(293,24,'630'),(294,24,'635'),(295,24,'640'),(296,24,'645'),(297,24,'650'),(298,24,'7ER'),(299,24,'725'),(300,24,'728'),(301,24,'730'),(302,24,'732'),(303,24,'735'),(304,24,'740'),(305,24,'745'),(306,24,'750'),(307,24,'760'),(308,24,'8ER'),(309,24,'GRAN&nbsp;TURISMO'),(310,24,'M'),(311,24,'&nbsp;&nbsp;&nbsp;&nbsp;&nbsp;&nbsp;M1'),(312,24,'&nbsp;&nbsp;&nbsp;&nbsp;&nbsp;&nbsp;M3'),(313,24,'&nbsp;&nbsp;&nbsp;&nbsp;&nbsp;&nbsp;M5'),(314,24,'&nbsp;&nbsp;&nbsp;&nbsp;&nbsp;&nbsp;M6'),(315,24,'X'),(316,24,'&nbsp;&nbsp;&nbsp;&nbsp;&nbsp;&nbsp;X1'),(317,24,'&nbsp;&nbsp;&nbsp;&nbsp;&nbsp;&nbsp;X3'),(318,24,'&nbsp;&nbsp;&nbsp;&nbsp;&nbsp;&nbsp;X5'),(319,24,'&nbsp;&nbsp;&nbsp;&nbsp;&nbsp;&nbsp;X5&nbsp;M'),(320,24,'&nbsp;&nbsp;&nbsp;&nbsp;&nbsp;&nbsp;X6'),(321,24,'&nbsp;&nbsp;&nbsp;&nbsp;&nbsp;&nbsp;X6&nbsp;M'),(322,24,'Z'),(323,24,'&nbsp;&nbsp;&nbsp;&nbsp;&nbsp;&nbsp;Z1'),(324,24,'&nbsp;&nbsp;&nbsp;&nbsp;&nbsp;&nbsp;Z3'),(325,24,'&nbsp;&nbsp;&nbsp;&nbsp;&nbsp;&nbsp;Z3&nbsp;M'),(326,24,'&nbsp;&nbsp;&nbsp;&nbsp;&nbsp;&nbsp;Z4'),(327,24,'&nbsp;&nbsp;&nbsp;&nbsp;&nbsp;&nbsp;Z4&nbsp;M'),(328,24,'&nbsp;&nbsp;&nbsp;&nbsp;&nbsp;&nbsp;Z8'),(329,25,'B10'),(330,25,'B11'),(331,25,'B12'),(332,25,'B3'),(333,25,'B5'),(334,25,'B6'),(335,25,'B7'),(336,25,'B8'),(337,25,'C1'),(338,25,'D3'),(339,26,'FRV'),(340,26,'M1'),(341,26,'M2'),(342,28,'EB&nbsp;16.4'),(343,29,'ELECTRA'),(344,29,'ENCLAVE'),(345,29,'LE&nbsp;SABRE'),(346,29,'PARK&nbsp;AVENUE'),(347,29,'REGAL'),(348,29,'RENDEZVOUS'),(349,29,'RIVIERA'),(350,29,'ROADMASTER'),(351,29,'SKYLARK'),(352,30,'F0'),(353,30,'F3'),(354,30,'FLYER&nbsp;II'),(355,31,'BLS'),(356,31,'CATERA'),(357,31,'CTS'),(358,31,'DE&nbsp;VILLE'),(359,31,'DTS'),(360,31,'ELDORADO'),(361,31,'ESCALADE'),(362,31,'FLEETWOOD'),(363,31,'SEVILLE'),(364,31,'SRX'),(365,31,'STS'),(366,32,'AMULET'),(367,32,'BONUS&nbsp;(A13)'),(368,32,'CROSSEASTAR'),(369,32,'FORA'),(370,32,'INDIS&nbsp;(S18D)'),(371,32,'KIMO&nbsp;(A1)'),(372,32,'M11'),(373,32,'ORIENTAL&nbsp;SON'),(374,32,'QQ6&nbsp;(S21)'),(375,32,'SWEET&nbsp;(QQ)'),(376,32,'TIGGO'),(377,32,'VERY'),(378,33,'ALERO'),(379,33,'ASTRO'),(380,33,'AVALANCHE'),(381,33,'AVEO'),(382,33,'BEL&nbsp;AIR'),(383,33,'BERETTA'),(384,33,'BLAZER'),(385,33,'C-10'),(386,33,'CAMARO'),(387,33,'CAPRICE'),(388,33,'CAPTIVA'),(389,33,'CAVALIER'),(390,33,'CELEBRITY'),(391,33,'COBALT'),(392,33,'COLORADO'),(393,33,'CORSICA'),(394,33,'CORVETTE'),(395,33,'CRUZE'),(396,33,'EPICA'),(397,33,'EQUINOX'),(398,33,'EVANDA'),(399,33,'EXPRESS'),(400,33,'HHR'),(401,33,'IMPALA'),(402,33,'KALOS'),(403,33,'LACETTI'),(404,33,'LANOS'),(405,33,'LUMINA'),(406,33,'MALIBU'),(407,33,'METRO'),(408,33,'MONTE&nbsp;CARLO'),(409,33,'NIVA'),(410,33,'NUBIRA'),(411,33,'ORLANDO'),(412,33,'PRIZM'),(413,33,'REZZO'),(414,33,'SPARK'),(415,33,'SSR'),(416,33,'STARCRAFT'),(417,33,'SUBURBAN'),(418,33,'TAHOE'),(419,33,'TRACKER'),(420,33,'TRAILBLAZER'),(421,33,'TRANS&nbsp;SPORT'),(422,33,'UPLANDER'),(423,33,'VAN'),(424,33,'VENTURE'),(425,33,'VIVA'),(426,33,'ZAFIRA'),(427,34,'200'),(428,34,'300C'),(429,34,'300M'),(430,34,'ASPEN'),(431,34,'CIRRUS'),(432,34,'CONCORDE'),(433,34,'CROSSFIRE'),(434,34,'DAYTONA&nbsp;SHELBY'),(435,34,'FIFTH&nbsp;AVENUE'),(436,34,'GRAND&nbsp;VOYAGER'),(437,34,'INTREPID'),(438,34,'LE&nbsp;BARON'),(439,34,'LHS'),(440,34,'NEON'),(441,34,'NEW&nbsp;YORKER'),(442,34,'PACIFICA'),(443,34,'PT&nbsp;CRUISER'),(444,34,'SARATOGA'),(445,34,'SEBRING'),(446,34,'STRATUS'),(447,34,'TOWN&nbsp;&&nbsp;COUNTRY'),(448,34,'VISION'),(449,34,'VOYAGER'),(450,35,'AX'),(451,35,'BERLINGO'),(452,35,'BX'),(453,35,'C-CROSSER'),(454,35,'C1'),(455,35,'C2'),(456,35,'C3'),(457,35,'C4'),(458,35,'C4'),(459,35,'C4&nbsp;AIRCROSS'),(460,35,'C4&nbsp;PICASSO'),(461,35,'C5'),(462,35,'C6'),(463,35,'C8'),(464,35,'CX'),(465,35,'DS3'),(466,35,'DS4'),(467,35,'EVASION'),(468,35,'SAXO'),(469,35,'XANTIA'),(470,35,'XM'),(471,35,'XSARA'),(472,35,'XSARA'),(473,35,'XSARA&nbsp;PICASSO'),(474,35,'ZX'),(475,36,'LOGAN'),(476,36,'SANDERO'),(477,37,'CITY&nbsp;LEADING'),(478,37,'SHUTTLE'),(479,37,'SMOOTHING'),(480,38,'DAMAS'),(481,38,'ESPERO'),(482,38,'EVANDA'),(483,38,'GENTRA'),(484,38,'KALOS'),(485,38,'LACETTI'),(486,38,'LANOS&nbsp;(SENS)'),(487,38,'LEGANZA'),(488,38,'MAGNUS'),(489,38,'MATIZ'),(490,38,'NEXIA'),(491,38,'NUBIRA'),(492,38,'PRINCE'),(493,38,'RACER'),(494,38,'REZZO'),(495,38,'TACUMA'),(496,38,'TICO'),(497,38,'TOSCA'),(498,38,'WINSTORM'),(499,39,'APPLAUSE'),(500,39,'ATRAI/EXTOL'),(501,39,'BOON'),(502,39,'CHARADE'),(503,39,'CHARMANT'),(504,39,'COPEN'),(505,39,'CUORE'),(506,39,'ESSE'),(507,39,'FEROZA'),(508,39,'MATERIA'),(509,39,'MIRA'),(510,39,'MIRA&nbsp;GINO'),(511,39,'MOVE'),(512,39,'PYZAR'),(513,39,'ROCKY'),(514,39,'SIRION'),(515,39,'SONICA'),(516,39,'STORIA'),(517,39,'TANTO'),(518,39,'TERIOS'),(519,39,'TREVIS'),(520,39,'YRV'),(521,40,'DAIMLER'),(522,40,'LIMOUSINE'),(523,40,'SUPER&nbsp;EIGHT'),(524,41,'DMC-12'),(525,42,'ANTELOPE'),(526,42,'AURORA'),(527,42,'COWBOY'),(528,42,'PLUTUS'),(529,42,'SHUTTLE'),(530,43,'AVENGER'),(531,43,'CALIBER'),(532,43,'CARAVAN'),(533,43,'GRAND&nbsp;CARAVAN'),(534,43,'CHALLENGER'),(535,43,'CHARGER'),(536,43,'DAKOTA'),(537,43,'DAYTONA'),(538,43,'DURANGO'),(539,43,'DYNASTY'),(540,43,'INTREPID'),(541,43,'JOURNEY'),(542,43,'MAGNUM'),(543,43,'NEON'),(544,43,'NITRO'),(545,43,'RAM'),(546,43,'SHADOW'),(547,43,'SPIRIT'),(548,43,'STEALTH'),(549,43,'STRATUS'),(550,43,'VIPER'),(551,44,'ASSOL'),(552,44,'KONDOR'),(553,44,'ORION'),(554,45,'TALON'),(555,45,'VISION'),(556,46,'JINN'),(557,46,'VITA'),(558,47,'348'),(559,47,'360'),(560,47,'430'),(561,47,'456'),(562,47,'458&nbsp;ITALIA'),(563,47,'599'),(564,47,'612&nbsp;SCAGLIETTI'),(565,47,'CALIFORNIA'),(566,47,'FF'),(567,47,'MARANELLO'),(568,48,'124'),(569,48,'126'),(570,48,'500'),(571,48,'ALBEA'),(572,48,'ARGENTA'),(573,48,'BARCHETTA'),(574,48,'BRAVA'),(575,48,'BRAVO'),(576,48,'COUPE'),(577,48,'CROMA'),(578,48,'DOBLO'),(579,48,'FIORINO'),(580,48,'IDEA'),(581,48,'LINEA'),(582,48,'MAREA'),(583,48,'MULTIPLA'),(584,48,'NEW&nbsp;500'),(585,48,'PALIO'),(586,48,'PANDA'),(587,48,'PUNTO'),(588,48,'QUBO'),(589,48,'RITMO'),(590,48,'SEDICI'),(591,48,'SIENA'),(592,48,'STILO'),(593,48,'TEMPRA'),(594,48,'TIPO'),(595,48,'ULYSSE'),(596,48,'UNO'),(597,49,'KARMA'),(598,50,'AEROSTAR'),(599,50,'ASPIRE'),(600,50,'BRONCO'),(601,50,'C-MAX'),(602,50,'CAPRI'),(603,50,'CONTOUR'),(604,50,'COUGAR'),(605,50,'CROWN&nbsp;VICTORIA'),(606,50,'ECONOLINE'),(607,50,'EDGE'),(608,50,'ESCAPE'),(609,50,'ESCORT'),(610,50,'EXCURSION'),(611,50,'EXPEDITION'),(612,50,'EXPLORER'),(613,50,'F-SERIES'),(614,50,'FESTIVA'),(615,50,'FIESTA'),(616,50,'&nbsp;&nbsp;&nbsp;&nbsp;&nbsp;&nbsp;FIESTA'),(617,50,'&nbsp;&nbsp;&nbsp;&nbsp;&nbsp;&nbsp;ST'),(618,50,'&nbsp;'),(619,50,'FOCUS'),(620,50,'&nbsp;&nbsp;&nbsp;&nbsp;&nbsp;&nbsp;FOCUS'),(621,50,'&nbsp;&nbsp;&nbsp;&nbsp;&nbsp;&nbsp;RS'),(622,50,'&nbsp;&nbsp;&nbsp;&nbsp;&nbsp;&nbsp;ST'),(623,50,'FREESTAR'),(624,50,'FREESTYLE'),(625,50,'FUSION'),(626,50,'&nbsp;&nbsp;&nbsp;&nbsp;&nbsp;&nbsp;FUSION'),(627,50,'&nbsp;&nbsp;&nbsp;&nbsp;&nbsp;&nbsp;FUSION&nbsp;(USA)'),(628,50,'GALAXY'),(629,50,'GRANADA'),(630,50,'GRANADA&nbsp;(USA)'),(631,50,'GT'),(632,50,'KA'),(633,50,'KUGA'),(634,50,'LASER'),(635,50,'MAVERICK'),(636,50,'MONDEO'),(637,50,'&nbsp;'),(638,50,'MUSTANG'),(639,50,'ORION'),(640,50,'PROBE'),(641,50,'PUMA'),(642,50,'RANGER'),(643,50,'S-MAX'),(644,50,'SCORPIO'),(645,50,'SHELBY'),(646,50,'SIERRA'),(647,50,'SPORT&nbsp;TRAC'),(648,50,'TAUNUS'),(649,50,'TAURUS'),(650,50,'TEMPO'),(651,50,'THUNDERBIRD'),(652,50,'TOURNEO&nbsp;CONNECT'),(653,50,'WINDSTAR'),(654,51,'EMGRAND'),(655,51,'HAOQING'),(656,51,'MK'),(657,51,'MK&nbsp;CROSS'),(658,51,'OTAKA'),(659,51,'VISION'),(660,52,'PRIZM'),(661,52,'TRACKER'),(662,53,'ACADIA'),(663,53,'ENVOY'),(664,53,'JIMMY'),(665,53,'SAFARI'),(666,53,'SAVANA'),(667,53,'SIERRA'),(668,53,'SUBURBAN'),(669,53,'TERRAIN'),(670,53,'TYPHOON'),(671,53,'VANDURA'),(672,53,'YUKON'),(673,54,'COOL&nbsp;BEAR'),(674,54,'DEER'),(675,54,'FLORID'),(676,54,'HOVER'),(677,54,'PEGASUS'),(678,54,'PERI'),(679,54,'SAFE'),(680,54,'SAILOR'),(681,54,'SING&nbsp;RUV'),(682,54,'SOCOOL'),(683,54,'SUV'),(684,54,'WINGLE'),(685,55,'BRIO'),(686,55,'PRINCIP'),(687,55,'SIMBO'),(688,56,'3'),(689,57,'ACCORD'),(690,57,'AIRWAVE'),(691,57,'ASCOT'),(692,57,'AVANCIER'),(693,57,'CAPA'),(694,57,'CITY'),(695,57,'CIVIC'),(696,57,'&nbsp;&nbsp;&nbsp;&nbsp;&nbsp;&nbsp;CIVIC'),(697,57,'&nbsp;&nbsp;&nbsp;&nbsp;&nbsp;&nbsp;FERIO'),(698,57,'&nbsp;&nbsp;&nbsp;&nbsp;&nbsp;&nbsp;HYBRID'),(699,57,'&nbsp;&nbsp;&nbsp;&nbsp;&nbsp;&nbsp;SHUTTLE'),(700,57,'CONCERTO'),(701,57,'CR-V'),(702,57,'CR-Z'),(703,57,'CROSSTOUR'),(704,57,'CRX'),(705,57,'DOMANI'),(706,57,'EDIX'),(707,57,'ELEMENT'),(708,57,'ELYSION'),(709,57,'FIT'),(710,57,'FIT&nbsp;ARIA'),(711,57,'FR-V'),(712,57,'FREED'),(713,57,'HR-V'),(714,57,'INSIGHT'),(715,57,'INSPIRE'),(716,57,'INTEGRA'),(717,57,'JAZZ'),(718,57,'LEGEND'),(719,57,'LIFE'),(720,57,'LOGO'),(721,57,'MOBILIO'),(722,57,'NSX'),(723,57,'ODYSSEY'),(724,57,'ORTHIA'),(725,57,'PARTNER'),(726,57,'PASSPORT'),(727,57,'PILOT'),(728,57,'PRELUDE'),(729,57,'RAFAGA'),(730,57,'RIDGELINE'),(731,57,'S2000'),(732,57,'SABER'),(733,57,'SHUTTLE'),(734,57,'SM-X'),(735,57,'STEPWGN'),(736,57,'STREAM'),(737,57,'THAT&nbsp;S'),(738,57,'TORNEO'),(739,57,'VAMOS'),(740,57,'VIGOR'),(741,57,'Z'),(742,57,'ZEST'),(743,58,'ANTELOPE'),(744,59,'&nbsp;&nbsp;&nbsp;&nbsp;&nbsp;&nbsp;HUMMER&nbsp;H1'),(745,59,'&nbsp;&nbsp;&nbsp;&nbsp;&nbsp;&nbsp;HUMMER&nbsp;H2'),(746,59,'&nbsp;&nbsp;&nbsp;&nbsp;&nbsp;&nbsp;HUMMER&nbsp;H3'),(747,60,'ACCENT'),(748,60,'ATOS'),(749,60,'AVANTE'),(750,60,'COUPE'),(751,60,'ELANTRA'),(752,60,'EQUUS'),(753,60,'EXCEL'),(754,60,'GALLOPER'),(755,60,'GENESIS'),(756,60,'GETZ'),(757,60,'GRANDEUR&nbsp;(AZERA)'),(758,60,'I10'),(759,60,'I20'),(760,60,'I30'),(761,60,'I40'),(762,60,'IX35'),(763,60,'IX55'),(764,60,'LANTRA'),(765,60,'LAVITA'),(766,60,'MATRIX'),(767,60,'NF'),(768,60,'PONY'),(769,60,'S-COUPE'),(770,60,'SANTA&nbsp;FE'),(771,60,'SANTAMO'),(772,60,'SOLARIS'),(773,60,'SONATA'),(774,60,'STAREX'),(775,60,'TERRACAN'),(776,60,'TIBURON'),(777,60,'TRAJET'),(778,60,'TUCSON'),(779,60,'TUSCANI'),(780,60,'VELOSTER'),(781,60,'VERACRUZ&nbsp;(IX55)'),(782,60,'VERNA'),(783,60,'XG'),(784,61,'EX'),(785,61,'&nbsp;&nbsp;&nbsp;&nbsp;&nbsp;&nbsp;EX25'),(786,61,'&nbsp;&nbsp;&nbsp;&nbsp;&nbsp;&nbsp;EX35'),(787,61,'&nbsp;&nbsp;&nbsp;&nbsp;&nbsp;&nbsp;EX37'),(788,61,'FX'),(789,61,'&nbsp;&nbsp;&nbsp;&nbsp;&nbsp;&nbsp;FX30'),(790,61,'&nbsp;&nbsp;&nbsp;&nbsp;&nbsp;&nbsp;FX35'),(791,61,'&nbsp;&nbsp;&nbsp;&nbsp;&nbsp;&nbsp;FX37'),(792,61,'&nbsp;&nbsp;&nbsp;&nbsp;&nbsp;&nbsp;FX45'),(793,61,'&nbsp;&nbsp;&nbsp;&nbsp;&nbsp;&nbsp;FX50'),(794,61,'G'),(795,61,'&nbsp;&nbsp;&nbsp;&nbsp;&nbsp;&nbsp;G20'),(796,61,'&nbsp;&nbsp;&nbsp;&nbsp;&nbsp;&nbsp;G25'),(797,61,'&nbsp;&nbsp;&nbsp;&nbsp;&nbsp;&nbsp;G35'),(798,61,'&nbsp;&nbsp;&nbsp;&nbsp;&nbsp;&nbsp;G37'),(799,61,'I'),(800,61,'&nbsp;&nbsp;&nbsp;&nbsp;&nbsp;&nbsp;I30'),(801,61,'&nbsp;&nbsp;&nbsp;&nbsp;&nbsp;&nbsp;I35'),(802,61,'J'),(803,61,'JX'),(804,61,'M'),(805,61,'&nbsp;&nbsp;&nbsp;&nbsp;&nbsp;&nbsp;M25'),(806,61,'&nbsp;&nbsp;&nbsp;&nbsp;&nbsp;&nbsp;M35'),(807,61,'&nbsp;&nbsp;&nbsp;&nbsp;&nbsp;&nbsp;M37'),(808,61,'&nbsp;&nbsp;&nbsp;&nbsp;&nbsp;&nbsp;M45'),(809,61,'&nbsp;&nbsp;&nbsp;&nbsp;&nbsp;&nbsp;M56'),(810,61,'Q'),(811,61,'QX'),(812,61,'&nbsp;&nbsp;&nbsp;&nbsp;&nbsp;&nbsp;QX4'),(813,61,'&nbsp;&nbsp;&nbsp;&nbsp;&nbsp;&nbsp;QX56'),(814,62,'SAMAND'),(815,63,'ASKA'),(816,63,'AXIOM'),(817,63,'BIGHORN'),(818,63,'CAMPO'),(819,63,'MU&nbsp;(AMIGO)'),(820,63,'RODEO'),(821,63,'TROOPER'),(822,63,'VEHICROSS'),(823,64,'REFINE'),(824,64,'REIN'),(825,65,'E-TYPE'),(826,65,'S-TYPE'),(827,65,'X-TYPE'),(828,65,'XF'),(829,65,'&nbsp;&nbsp;&nbsp;&nbsp;&nbsp;&nbsp;XF'),(830,65,'&nbsp;&nbsp;&nbsp;&nbsp;&nbsp;&nbsp;XFR'),(831,65,'XJ'),(832,65,'XJR'),(833,65,'XK&nbsp;8'),(834,65,'XKR'),(835,66,'CHEROKEE'),(836,66,'COMMANDER'),(837,66,'COMPASS'),(838,66,'GRAND&nbsp;CHEROKEE'),(839,66,'GRAND&nbsp;WAGONEER'),(840,66,'LIBERTY'),(841,66,'PATRIOT'),(842,66,'WRANGLER'),(843,67,'BAODIAN'),(844,68,'AVELLA'),(845,68,'CADENZA&nbsp;(K7)'),(846,68,'CARENS'),(847,68,'CARNIVAL'),(848,68,'CEE\'D'),(849,68,'CERATO&nbsp;(FORTE)'),(850,68,'CLARUS'),(851,68,'JOICE'),(852,68,'MAGENTIS'),(853,68,'MOHAVE&nbsp;(BORREGO)'),(854,68,'OPIRUS'),(855,68,'OPTIMA'),(856,68,'PICANTO'),(857,68,'PRIDE'),(858,68,'RETONA'),(859,68,'RIO&nbsp;(PRIDE)'),(860,68,'SEPHIA'),(861,68,'SHUMA'),(862,68,'SORENTO'),(863,68,'SOUL'),(864,68,'SPECTRA'),(865,68,'SPORTAGE'),(866,68,'VENGA'),(867,69,'KOENIGSEGG'),(868,70,'AVENTADOR'),(869,70,'GALLARDO'),(870,70,'LM-002'),(871,70,'MURCIELAGO'),(872,70,'REVENTON'),(873,71,'BETA'),(874,71,'DEDRA'),(875,71,'DELTA'),(876,71,'KAPPA'),(877,71,'LYBRA'),(878,71,'THEMA'),(879,71,'THESIS'),(880,71,'Y'),(881,71,'ZETA'),(882,72,'DEFENDER'),(883,72,'DISCOVERY'),(884,72,'FREELANDER'),(885,72,'RANGE&nbsp;ROVER'),(886,72,'&nbsp;&nbsp;&nbsp;&nbsp;&nbsp;&nbsp;RANGE&nbsp;ROVER'),(887,72,'&nbsp;&nbsp;&nbsp;&nbsp;&nbsp;&nbsp;RANGE&nbsp;ROVER&nbsp;SPORT'),(888,72,'RANGE&nbsp;ROVER&nbsp;EVOQUE'),(889,72,'SERIES&nbsp;III'),(890,73,'CT'),(891,73,'ES'),(892,73,'&nbsp;&nbsp;&nbsp;&nbsp;&nbsp;&nbsp;ES&nbsp;250'),(893,73,'&nbsp;&nbsp;&nbsp;&nbsp;&nbsp;&nbsp;ES&nbsp;300'),(894,73,'&nbsp;&nbsp;&nbsp;&nbsp;&nbsp;&nbsp;ES&nbsp;330'),(895,73,'&nbsp;&nbsp;&nbsp;&nbsp;&nbsp;&nbsp;ES&nbsp;350'),(896,73,'GS'),(897,73,'&nbsp;&nbsp;&nbsp;&nbsp;&nbsp;&nbsp;GS&nbsp;250'),(898,73,'&nbsp;&nbsp;&nbsp;&nbsp;&nbsp;&nbsp;GS&nbsp;300'),(899,73,'&nbsp;&nbsp;&nbsp;&nbsp;&nbsp;&nbsp;GS&nbsp;350'),(900,73,'&nbsp;&nbsp;&nbsp;&nbsp;&nbsp;&nbsp;GS&nbsp;400'),(901,73,'&nbsp;&nbsp;&nbsp;&nbsp;&nbsp;&nbsp;GS&nbsp;430'),(902,73,'&nbsp;&nbsp;&nbsp;&nbsp;&nbsp;&nbsp;GS&nbsp;450H'),(903,73,'&nbsp;&nbsp;&nbsp;&nbsp;&nbsp;&nbsp;GS&nbsp;460'),(904,73,'GX'),(905,73,'&nbsp;&nbsp;&nbsp;&nbsp;&nbsp;&nbsp;GX&nbsp;460'),(906,73,'&nbsp;&nbsp;&nbsp;&nbsp;&nbsp;&nbsp;GX&nbsp;470'),(907,73,'HS'),(908,73,'IS'),(909,73,'&nbsp;&nbsp;&nbsp;&nbsp;&nbsp;&nbsp;IS&nbsp;200'),(910,73,'&nbsp;&nbsp;&nbsp;&nbsp;&nbsp;&nbsp;IS&nbsp;220'),(911,73,'&nbsp;&nbsp;&nbsp;&nbsp;&nbsp;&nbsp;IS&nbsp;250'),(912,73,'&nbsp;&nbsp;&nbsp;&nbsp;&nbsp;&nbsp;IS&nbsp;250C'),(913,73,'&nbsp;&nbsp;&nbsp;&nbsp;&nbsp;&nbsp;IS&nbsp;300'),(914,73,'&nbsp;&nbsp;&nbsp;&nbsp;&nbsp;&nbsp;IS&nbsp;350'),(915,73,'&nbsp;&nbsp;&nbsp;&nbsp;&nbsp;&nbsp;IS-F'),(916,73,'LS'),(917,73,'&nbsp;&nbsp;&nbsp;&nbsp;&nbsp;&nbsp;LS&nbsp;400'),(918,73,'&nbsp;&nbsp;&nbsp;&nbsp;&nbsp;&nbsp;LS&nbsp;430'),(919,73,'&nbsp;&nbsp;&nbsp;&nbsp;&nbsp;&nbsp;LS&nbsp;460'),(920,73,'&nbsp;&nbsp;&nbsp;&nbsp;&nbsp;&nbsp;LS&nbsp;600'),(921,73,'LX'),(922,73,'&nbsp;&nbsp;&nbsp;&nbsp;&nbsp;&nbsp;LX&nbsp;450'),(923,73,'&nbsp;&nbsp;&nbsp;&nbsp;&nbsp;&nbsp;LX&nbsp;470'),(924,73,'&nbsp;&nbsp;&nbsp;&nbsp;&nbsp;&nbsp;LX&nbsp;570'),(925,73,'RX'),(926,73,'&nbsp;&nbsp;&nbsp;&nbsp;&nbsp;&nbsp;RX&nbsp;270'),(927,73,'&nbsp;&nbsp;&nbsp;&nbsp;&nbsp;&nbsp;RX&nbsp;300'),(928,73,'&nbsp;&nbsp;&nbsp;&nbsp;&nbsp;&nbsp;RX&nbsp;330'),(929,73,'&nbsp;&nbsp;&nbsp;&nbsp;&nbsp;&nbsp;RX&nbsp;350'),(930,73,'&nbsp;&nbsp;&nbsp;&nbsp;&nbsp;&nbsp;RX&nbsp;400H'),(931,73,'&nbsp;&nbsp;&nbsp;&nbsp;&nbsp;&nbsp;RX&nbsp;450H'),(932,73,'SC'),(933,73,'&nbsp;&nbsp;&nbsp;&nbsp;&nbsp;&nbsp;SC&nbsp;300'),(934,73,'&nbsp;&nbsp;&nbsp;&nbsp;&nbsp;&nbsp;SC&nbsp;400'),(935,73,'&nbsp;&nbsp;&nbsp;&nbsp;&nbsp;&nbsp;SC&nbsp;430'),(936,74,'320'),(937,74,'BREEZ&nbsp;(520)'),(938,74,'SOLANO&nbsp;(620)'),(939,75,'AVIATOR'),(940,75,'CONTINENTAL'),(941,75,'LS'),(942,75,'MARK'),(943,75,'MARK&nbsp;LT'),(944,75,'MKS'),(945,75,'MKT'),(946,75,'MKX'),(947,75,'NAVIGATOR'),(948,75,'TOWN&nbsp;CAR'),(949,76,'ELISE'),(950,76,'EUROPA'),(951,76,'EXIGE'),(952,78,'3200&nbsp;GT'),(953,78,'4300&nbsp;GT&nbsp;COUPE'),(954,78,'BITURBO'),(955,78,'COUPE'),(956,78,'GHIBLI'),(957,78,'GRANSPORT'),(958,78,'GRANTURISMO'),(959,78,'MC12'),(960,78,'QUATTROPORTE'),(961,78,'SPYDER'),(962,79,'MAYBACH&nbsp;57&nbsp;S&nbsp;?&nbsp;MAYBACH&nbsp;62&nbsp;S'),(963,79,'MAYBACH&nbsp;57&nbsp;?&nbsp;MAYBACH&nbsp;62'),(964,80,'121'),(965,80,'323'),(966,80,'626'),(967,80,'929'),(968,80,'ATENZA'),(969,80,'AXELA'),(970,80,'B-SERIES'),(971,80,'BIANTE'),(972,80,'BONGO'),(973,80,'BT-50'),(974,80,'CAPELLA'),(975,80,'CRONOS'),(976,80,'CX-5'),(977,80,'CX-7'),(978,80,'CX-9'),(979,80,'DEMIO'),(980,80,'EFINI&nbsp;MS-8'),(981,80,'EFINI&nbsp;MS-9'),(982,80,'FAMILIA'),(983,80,'LANTIS'),(984,80,'LAPUTA'),(985,80,'LEVANTE'),(986,80,'LUCE'),(987,80,'MAZDA&nbsp;2'),(988,80,'MAZDA&nbsp;3'),(989,80,'&nbsp;&nbsp;&nbsp;&nbsp;&nbsp;&nbsp;MAZDA&nbsp;3'),(990,80,'&nbsp;&nbsp;&nbsp;&nbsp;&nbsp;&nbsp;MPS'),(991,80,'MAZDA&nbsp;5'),(992,80,'MILLENIA'),(993,80,'MPV'),(994,80,'MX-3'),(995,80,'MX-5'),(996,80,'MX-6'),(997,80,'M?ZDA&nbsp;6'),(998,80,'&nbsp;&nbsp;&nbsp;&nbsp;&nbsp;&nbsp;MAZDA&nbsp;6'),(999,80,'&nbsp;&nbsp;&nbsp;&nbsp;&nbsp;&nbsp;MPS'),(1000,80,'PREMACY'),(1001,80,'PROCEED'),(1002,80,'PROTEGE'),(1003,80,'RX&nbsp;7'),(1004,80,'RX-8'),(1005,80,'SENTIA'),(1006,80,'TRIBUTE'),(1007,80,'VERISA'),(1008,80,'XEDOS&nbsp;6'),(1009,80,'XEDOS&nbsp;9'),(1010,81,'/8'),(1011,81,'190'),(1012,81,'200'),(1013,81,'220'),(1014,81,'230'),(1015,81,'240'),(1016,81,'250'),(1017,81,'260'),(1018,81,'280'),(1019,81,'300'),(1020,81,'320'),(1021,81,'500'),(1022,81,'A-KLASSE'),(1023,81,'&nbsp;&nbsp;&nbsp;&nbsp;&nbsp;&nbsp;A&nbsp;140'),(1024,81,'&nbsp;&nbsp;&nbsp;&nbsp;&nbsp;&nbsp;A&nbsp;150'),(1025,81,'&nbsp;&nbsp;&nbsp;&nbsp;&nbsp;&nbsp;A&nbsp;160'),(1026,81,'&nbsp;&nbsp;&nbsp;&nbsp;&nbsp;&nbsp;A&nbsp;170'),(1027,81,'&nbsp;&nbsp;&nbsp;&nbsp;&nbsp;&nbsp;A&nbsp;180'),(1028,81,'&nbsp;&nbsp;&nbsp;&nbsp;&nbsp;&nbsp;A&nbsp;190'),(1029,81,'&nbsp;&nbsp;&nbsp;&nbsp;&nbsp;&nbsp;A&nbsp;200'),(1030,81,'&nbsp;&nbsp;&nbsp;&nbsp;&nbsp;&nbsp;A&nbsp;210'),(1031,81,'B-KLASSE'),(1032,81,'&nbsp;&nbsp;&nbsp;&nbsp;&nbsp;&nbsp;B&nbsp;150'),(1033,81,'&nbsp;&nbsp;&nbsp;&nbsp;&nbsp;&nbsp;B&nbsp;170'),(1034,81,'&nbsp;&nbsp;&nbsp;&nbsp;&nbsp;&nbsp;B&nbsp;180'),(1035,81,'&nbsp;&nbsp;&nbsp;&nbsp;&nbsp;&nbsp;B&nbsp;200'),(1036,81,'C-KLASSE'),(1037,81,'&nbsp;&nbsp;&nbsp;&nbsp;&nbsp;&nbsp;C&nbsp;180'),(1038,81,'&nbsp;&nbsp;&nbsp;&nbsp;&nbsp;&nbsp;C&nbsp;200'),(1039,81,'&nbsp;&nbsp;&nbsp;&nbsp;&nbsp;&nbsp;C&nbsp;220'),(1040,81,'&nbsp;&nbsp;&nbsp;&nbsp;&nbsp;&nbsp;C&nbsp;230'),(1041,81,'&nbsp;&nbsp;&nbsp;&nbsp;&nbsp;&nbsp;C&nbsp;240'),(1042,81,'&nbsp;&nbsp;&nbsp;&nbsp;&nbsp;&nbsp;C&nbsp;250'),(1043,81,'&nbsp;&nbsp;&nbsp;&nbsp;&nbsp;&nbsp;C&nbsp;270'),(1044,81,'&nbsp;&nbsp;&nbsp;&nbsp;&nbsp;&nbsp;C&nbsp;280'),(1045,81,'&nbsp;&nbsp;&nbsp;&nbsp;&nbsp;&nbsp;C&nbsp;300'),(1046,81,'&nbsp;&nbsp;&nbsp;&nbsp;&nbsp;&nbsp;C&nbsp;32&nbsp;AMG'),(1047,81,'&nbsp;&nbsp;&nbsp;&nbsp;&nbsp;&nbsp;C&nbsp;320'),(1048,81,'&nbsp;&nbsp;&nbsp;&nbsp;&nbsp;&nbsp;C&nbsp;350'),(1049,81,'&nbsp;&nbsp;&nbsp;&nbsp;&nbsp;&nbsp;C&nbsp;36&nbsp;AMG'),(1050,81,'&nbsp;&nbsp;&nbsp;&nbsp;&nbsp;&nbsp;C&nbsp;43&nbsp;AMG'),(1051,81,'&nbsp;&nbsp;&nbsp;&nbsp;&nbsp;&nbsp;C&nbsp;55&nbsp;AMG'),(1052,81,'&nbsp;&nbsp;&nbsp;&nbsp;&nbsp;&nbsp;C&nbsp;63&nbsp;AMG'),(1053,81,'CABRIO'),(1054,81,'CL-KLASSE'),(1055,81,'&nbsp;&nbsp;&nbsp;&nbsp;&nbsp;&nbsp;CL&nbsp;420'),(1056,81,'&nbsp;&nbsp;&nbsp;&nbsp;&nbsp;&nbsp;CL&nbsp;500'),(1057,81,'&nbsp;&nbsp;&nbsp;&nbsp;&nbsp;&nbsp;CL&nbsp;55&nbsp;AMG'),(1058,81,'&nbsp;&nbsp;&nbsp;&nbsp;&nbsp;&nbsp;CL&nbsp;550'),(1059,81,'&nbsp;&nbsp;&nbsp;&nbsp;&nbsp;&nbsp;CL&nbsp;600'),(1060,81,'&nbsp;&nbsp;&nbsp;&nbsp;&nbsp;&nbsp;CL&nbsp;63&nbsp;AMG'),(1061,81,'&nbsp;&nbsp;&nbsp;&nbsp;&nbsp;&nbsp;CL&nbsp;65&nbsp;AMG'),(1062,81,'CLC-KLASSE'),(1063,81,'&nbsp;&nbsp;&nbsp;&nbsp;&nbsp;&nbsp;CLC&nbsp;180&nbsp;KOMPRESSOR'),(1064,81,'&nbsp;&nbsp;&nbsp;&nbsp;&nbsp;&nbsp;CLC&nbsp;200&nbsp;KOMPRESSOR'),(1065,81,'&nbsp;&nbsp;&nbsp;&nbsp;&nbsp;&nbsp;CLC&nbsp;230'),(1066,81,'CLK-KLASSE'),(1067,81,'&nbsp;&nbsp;&nbsp;&nbsp;&nbsp;&nbsp;CLK&nbsp;200'),(1068,81,'&nbsp;&nbsp;&nbsp;&nbsp;&nbsp;&nbsp;CLK&nbsp;220'),(1069,81,'&nbsp;&nbsp;&nbsp;&nbsp;&nbsp;&nbsp;CLK&nbsp;230'),(1070,81,'&nbsp;&nbsp;&nbsp;&nbsp;&nbsp;&nbsp;CLK&nbsp;240'),(1071,81,'&nbsp;&nbsp;&nbsp;&nbsp;&nbsp;&nbsp;CLK&nbsp;270'),(1072,81,'&nbsp;&nbsp;&nbsp;&nbsp;&nbsp;&nbsp;CLK&nbsp;280'),(1073,81,'&nbsp;&nbsp;&nbsp;&nbsp;&nbsp;&nbsp;CLK&nbsp;320'),(1074,81,'&nbsp;&nbsp;&nbsp;&nbsp;&nbsp;&nbsp;CLK&nbsp;350'),(1075,81,'&nbsp;&nbsp;&nbsp;&nbsp;&nbsp;&nbsp;CLK&nbsp;430'),(1076,81,'&nbsp;&nbsp;&nbsp;&nbsp;&nbsp;&nbsp;CLK&nbsp;500'),(1077,81,'&nbsp;&nbsp;&nbsp;&nbsp;&nbsp;&nbsp;CLK&nbsp;55&nbsp;AMG'),(1078,81,'&nbsp;&nbsp;&nbsp;&nbsp;&nbsp;&nbsp;CLK&nbsp;63&nbsp;AMG'),(1079,81,'&nbsp;'),(1080,81,'CLS-KLASSE'),(1081,81,'&nbsp;&nbsp;&nbsp;&nbsp;&nbsp;&nbsp;CLS&nbsp;280'),(1082,81,'&nbsp;&nbsp;&nbsp;&nbsp;&nbsp;&nbsp;CLS&nbsp;320'),(1083,81,'&nbsp;&nbsp;&nbsp;&nbsp;&nbsp;&nbsp;CLS&nbsp;350'),(1084,81,'&nbsp;&nbsp;&nbsp;&nbsp;&nbsp;&nbsp;CLS&nbsp;500'),(1085,81,'&nbsp;&nbsp;&nbsp;&nbsp;&nbsp;&nbsp;CLS&nbsp;55&nbsp;AMG'),(1086,81,'&nbsp;&nbsp;&nbsp;&nbsp;&nbsp;&nbsp;CLS&nbsp;550'),(1087,81,'&nbsp;&nbsp;&nbsp;&nbsp;&nbsp;&nbsp;CLS&nbsp;63&nbsp;AMG'),(1088,81,'COUPE'),(1089,81,'E-KLASSE'),(1090,81,'&nbsp;&nbsp;&nbsp;&nbsp;&nbsp;&nbsp;E&nbsp;200'),(1091,81,'&nbsp;&nbsp;&nbsp;&nbsp;&nbsp;&nbsp;E&nbsp;220'),(1092,81,'&nbsp;&nbsp;&nbsp;&nbsp;&nbsp;&nbsp;E&nbsp;230'),(1093,81,'&nbsp;&nbsp;&nbsp;&nbsp;&nbsp;&nbsp;E&nbsp;240'),(1094,81,'&nbsp;&nbsp;&nbsp;&nbsp;&nbsp;&nbsp;E&nbsp;250'),(1095,81,'&nbsp;&nbsp;&nbsp;&nbsp;&nbsp;&nbsp;E&nbsp;270'),(1096,81,'&nbsp;&nbsp;&nbsp;&nbsp;&nbsp;&nbsp;E&nbsp;280'),(1097,81,'&nbsp;&nbsp;&nbsp;&nbsp;&nbsp;&nbsp;E&nbsp;290'),(1098,81,'&nbsp;&nbsp;&nbsp;&nbsp;&nbsp;&nbsp;E&nbsp;300'),(1099,81,'&nbsp;&nbsp;&nbsp;&nbsp;&nbsp;&nbsp;E&nbsp;320'),(1100,81,'&nbsp;&nbsp;&nbsp;&nbsp;&nbsp;&nbsp;E&nbsp;350'),(1101,81,'&nbsp;&nbsp;&nbsp;&nbsp;&nbsp;&nbsp;E&nbsp;400'),(1102,81,'&nbsp;&nbsp;&nbsp;&nbsp;&nbsp;&nbsp;E&nbsp;420'),(1103,81,'&nbsp;&nbsp;&nbsp;&nbsp;&nbsp;&nbsp;E&nbsp;430'),(1104,81,'&nbsp;&nbsp;&nbsp;&nbsp;&nbsp;&nbsp;E&nbsp;50&nbsp;AMG'),(1105,81,'&nbsp;&nbsp;&nbsp;&nbsp;&nbsp;&nbsp;E&nbsp;500'),(1106,81,'&nbsp;&nbsp;&nbsp;&nbsp;&nbsp;&nbsp;E&nbsp;55&nbsp;AMG'),(1107,81,'&nbsp;&nbsp;&nbsp;&nbsp;&nbsp;&nbsp;E&nbsp;550'),(1108,81,'&nbsp;&nbsp;&nbsp;&nbsp;&nbsp;&nbsp;E&nbsp;60&nbsp;AMG'),(1109,81,'&nbsp;&nbsp;&nbsp;&nbsp;&nbsp;&nbsp;E&nbsp;63&nbsp;AMG'),(1110,81,'G-KLASSE'),(1111,81,'&nbsp;&nbsp;&nbsp;&nbsp;&nbsp;&nbsp;G&nbsp;230'),(1112,81,'&nbsp;&nbsp;&nbsp;&nbsp;&nbsp;&nbsp;G&nbsp;240'),(1113,81,'&nbsp;&nbsp;&nbsp;&nbsp;&nbsp;&nbsp;G&nbsp;270'),(1114,81,'&nbsp;&nbsp;&nbsp;&nbsp;&nbsp;&nbsp;G&nbsp;280'),(1115,81,'&nbsp;&nbsp;&nbsp;&nbsp;&nbsp;&nbsp;G&nbsp;290'),(1116,81,'&nbsp;&nbsp;&nbsp;&nbsp;&nbsp;&nbsp;G&nbsp;300'),(1117,81,'&nbsp;&nbsp;&nbsp;&nbsp;&nbsp;&nbsp;G&nbsp;320'),(1118,81,'&nbsp;&nbsp;&nbsp;&nbsp;&nbsp;&nbsp;G&nbsp;350'),(1119,81,'&nbsp;&nbsp;&nbsp;&nbsp;&nbsp;&nbsp;G&nbsp;36&nbsp;AMG'),(1120,81,'&nbsp;&nbsp;&nbsp;&nbsp;&nbsp;&nbsp;G&nbsp;400'),(1121,81,'&nbsp;&nbsp;&nbsp;&nbsp;&nbsp;&nbsp;G&nbsp;500'),(1122,81,'&nbsp;&nbsp;&nbsp;&nbsp;&nbsp;&nbsp;G&nbsp;55&nbsp;AMG'),(1123,81,'&nbsp;&nbsp;&nbsp;&nbsp;&nbsp;&nbsp;G&nbsp;63&nbsp;AMG'),(1124,81,'GL-KLASSE'),(1125,81,'&nbsp;&nbsp;&nbsp;&nbsp;&nbsp;&nbsp;GL&nbsp;320'),(1126,81,'&nbsp;&nbsp;&nbsp;&nbsp;&nbsp;&nbsp;GL&nbsp;350'),(1127,81,'&nbsp;&nbsp;&nbsp;&nbsp;&nbsp;&nbsp;GL&nbsp;420'),(1128,81,'&nbsp;&nbsp;&nbsp;&nbsp;&nbsp;&nbsp;GL&nbsp;450'),(1129,81,'&nbsp;&nbsp;&nbsp;&nbsp;&nbsp;&nbsp;GL&nbsp;500'),(1130,81,'&nbsp;&nbsp;&nbsp;&nbsp;&nbsp;&nbsp;GL&nbsp;550'),(1131,81,'&nbsp;&nbsp;&nbsp;&nbsp;&nbsp;&nbsp;GL&nbsp;63&nbsp;AMG'),(1132,81,'GLK-KLASSE'),(1133,81,'&nbsp;&nbsp;&nbsp;&nbsp;&nbsp;&nbsp;GLK&nbsp;220'),(1134,81,'&nbsp;&nbsp;&nbsp;&nbsp;&nbsp;&nbsp;GLK&nbsp;280'),(1135,81,'&nbsp;&nbsp;&nbsp;&nbsp;&nbsp;&nbsp;GLK&nbsp;300'),(1136,81,'&nbsp;&nbsp;&nbsp;&nbsp;&nbsp;&nbsp;GLK&nbsp;320'),(1137,81,'&nbsp;&nbsp;&nbsp;&nbsp;&nbsp;&nbsp;GLK&nbsp;350'),(1138,81,'M-KLASSE'),(1139,81,'&nbsp;&nbsp;&nbsp;&nbsp;&nbsp;&nbsp;ML&nbsp;230'),(1140,81,'&nbsp;&nbsp;&nbsp;&nbsp;&nbsp;&nbsp;ML&nbsp;250'),(1141,81,'&nbsp;&nbsp;&nbsp;&nbsp;&nbsp;&nbsp;ML&nbsp;270'),(1142,81,'&nbsp;&nbsp;&nbsp;&nbsp;&nbsp;&nbsp;ML&nbsp;280'),(1143,81,'&nbsp;&nbsp;&nbsp;&nbsp;&nbsp;&nbsp;ML&nbsp;300'),(1144,81,'&nbsp;&nbsp;&nbsp;&nbsp;&nbsp;&nbsp;ML&nbsp;320'),(1145,81,'&nbsp;&nbsp;&nbsp;&nbsp;&nbsp;&nbsp;ML&nbsp;350'),(1146,81,'&nbsp;&nbsp;&nbsp;&nbsp;&nbsp;&nbsp;ML&nbsp;400'),(1147,81,'&nbsp;&nbsp;&nbsp;&nbsp;&nbsp;&nbsp;ML&nbsp;420'),(1148,81,'&nbsp;&nbsp;&nbsp;&nbsp;&nbsp;&nbsp;ML&nbsp;430'),(1149,81,'&nbsp;&nbsp;&nbsp;&nbsp;&nbsp;&nbsp;ML&nbsp;500'),(1150,81,'&nbsp;&nbsp;&nbsp;&nbsp;&nbsp;&nbsp;ML&nbsp;55&nbsp;AMG'),(1151,81,'&nbsp;&nbsp;&nbsp;&nbsp;&nbsp;&nbsp;ML&nbsp;63&nbsp;AMG'),(1152,81,'&nbsp;'),(1153,81,'PULLMANN'),(1154,81,'R-KLASSE'),(1155,81,'&nbsp;&nbsp;&nbsp;&nbsp;&nbsp;&nbsp;R&nbsp;280'),(1156,81,'&nbsp;&nbsp;&nbsp;&nbsp;&nbsp;&nbsp;R&nbsp;300'),(1157,81,'&nbsp;&nbsp;&nbsp;&nbsp;&nbsp;&nbsp;R&nbsp;320'),(1158,81,'&nbsp;&nbsp;&nbsp;&nbsp;&nbsp;&nbsp;R&nbsp;350'),(1159,81,'&nbsp;&nbsp;&nbsp;&nbsp;&nbsp;&nbsp;R&nbsp;500'),(1160,81,'&nbsp;&nbsp;&nbsp;&nbsp;&nbsp;&nbsp;R&nbsp;63&nbsp;AMG'),(1161,81,'S-KLASSE'),(1162,81,'&nbsp;&nbsp;&nbsp;&nbsp;&nbsp;&nbsp;S&nbsp;260'),(1163,81,'&nbsp;&nbsp;&nbsp;&nbsp;&nbsp;&nbsp;S&nbsp;280'),(1164,81,'&nbsp;&nbsp;&nbsp;&nbsp;&nbsp;&nbsp;S&nbsp;300'),(1165,81,'&nbsp;&nbsp;&nbsp;&nbsp;&nbsp;&nbsp;S&nbsp;320'),(1166,81,'&nbsp;&nbsp;&nbsp;&nbsp;&nbsp;&nbsp;S&nbsp;350'),(1167,81,'&nbsp;&nbsp;&nbsp;&nbsp;&nbsp;&nbsp;S&nbsp;380'),(1168,81,'&nbsp;&nbsp;&nbsp;&nbsp;&nbsp;&nbsp;S&nbsp;400'),(1169,81,'&nbsp;&nbsp;&nbsp;&nbsp;&nbsp;&nbsp;S&nbsp;420'),(1170,81,'&nbsp;&nbsp;&nbsp;&nbsp;&nbsp;&nbsp;S&nbsp;430'),(1171,81,'&nbsp;&nbsp;&nbsp;&nbsp;&nbsp;&nbsp;S&nbsp;450'),(1172,81,'&nbsp;&nbsp;&nbsp;&nbsp;&nbsp;&nbsp;S&nbsp;500'),(1173,81,'&nbsp;&nbsp;&nbsp;&nbsp;&nbsp;&nbsp;S&nbsp;55&nbsp;AMG'),(1174,81,'&nbsp;&nbsp;&nbsp;&nbsp;&nbsp;&nbsp;S&nbsp;550'),(1175,81,'&nbsp;&nbsp;&nbsp;&nbsp;&nbsp;&nbsp;S&nbsp;560'),(1176,81,'&nbsp;&nbsp;&nbsp;&nbsp;&nbsp;&nbsp;S&nbsp;600'),(1177,81,'&nbsp;&nbsp;&nbsp;&nbsp;&nbsp;&nbsp;S&nbsp;63&nbsp;AMG'),(1178,81,'&nbsp;&nbsp;&nbsp;&nbsp;&nbsp;&nbsp;S&nbsp;65&nbsp;AMG'),(1179,81,'SL-KLASSE'),(1180,81,'&nbsp;&nbsp;&nbsp;&nbsp;&nbsp;&nbsp;SL&nbsp;280'),(1181,81,'&nbsp;&nbsp;&nbsp;&nbsp;&nbsp;&nbsp;SL&nbsp;300'),(1182,81,'&nbsp;&nbsp;&nbsp;&nbsp;&nbsp;&nbsp;SL&nbsp;320'),(1183,81,'&nbsp;&nbsp;&nbsp;&nbsp;&nbsp;&nbsp;SL&nbsp;350'),(1184,81,'&nbsp;&nbsp;&nbsp;&nbsp;&nbsp;&nbsp;SL&nbsp;380'),(1185,81,'&nbsp;&nbsp;&nbsp;&nbsp;&nbsp;&nbsp;SL&nbsp;500'),(1186,81,'&nbsp;&nbsp;&nbsp;&nbsp;&nbsp;&nbsp;SL&nbsp;55&nbsp;AMG'),(1187,81,'&nbsp;&nbsp;&nbsp;&nbsp;&nbsp;&nbsp;SL&nbsp;550'),(1188,81,'&nbsp;&nbsp;&nbsp;&nbsp;&nbsp;&nbsp;SL&nbsp;600'),(1189,81,'&nbsp;&nbsp;&nbsp;&nbsp;&nbsp;&nbsp;SL&nbsp;63&nbsp;AMG'),(1190,81,'&nbsp;&nbsp;&nbsp;&nbsp;&nbsp;&nbsp;SL&nbsp;65&nbsp;AMG'),(1191,81,'SLK-KLASSE'),(1192,81,'&nbsp;&nbsp;&nbsp;&nbsp;&nbsp;&nbsp;SLK&nbsp;200'),(1193,81,'&nbsp;&nbsp;&nbsp;&nbsp;&nbsp;&nbsp;SLK&nbsp;230'),(1194,81,'&nbsp;&nbsp;&nbsp;&nbsp;&nbsp;&nbsp;SLK&nbsp;280'),(1195,81,'&nbsp;&nbsp;&nbsp;&nbsp;&nbsp;&nbsp;SLK&nbsp;32&nbsp;AMG'),(1196,81,'&nbsp;&nbsp;&nbsp;&nbsp;&nbsp;&nbsp;SLK&nbsp;320'),(1197,81,'&nbsp;&nbsp;&nbsp;&nbsp;&nbsp;&nbsp;SLK&nbsp;350'),(1198,81,'&nbsp;&nbsp;&nbsp;&nbsp;&nbsp;&nbsp;SLK&nbsp;55&nbsp;AMG'),(1199,81,'SLR&nbsp;MCLAREN'),(1200,81,'SLS-KLASSE'),(1201,81,'T-MOD.'),(1202,81,'V-KLASSE'),(1203,81,'&nbsp;&nbsp;&nbsp;&nbsp;&nbsp;&nbsp;V&nbsp;200'),(1204,81,'&nbsp;&nbsp;&nbsp;&nbsp;&nbsp;&nbsp;V&nbsp;220'),(1205,81,'&nbsp;&nbsp;&nbsp;&nbsp;&nbsp;&nbsp;V&nbsp;230'),(1206,81,'&nbsp;&nbsp;&nbsp;&nbsp;&nbsp;&nbsp;V&nbsp;280'),(1207,81,'VANEO'),(1208,81,'VIANO'),(1209,82,'COUGAR'),(1210,82,'GRAND&nbsp;MARQUIS'),(1211,82,'MARINER'),(1212,82,'MARQUIS'),(1213,82,'MONTEREY'),(1214,82,'MYSTIQUE'),(1215,82,'SABLE'),(1216,82,'TRACER'),(1217,82,'VILLAGER'),(1218,83,'TAXI&nbsp;(II&nbsp;-SERIES)'),(1219,84,'MG&nbsp;F'),(1220,84,'MG&nbsp;TF'),(1221,84,'ZR'),(1222,84,'ZS'),(1223,84,'ZT'),(1224,85,'CLUBMAN'),(1225,85,'COOPER'),(1226,85,'COUNTRYMAN'),(1227,85,'ONE'),(1228,86,'3000&nbsp;GT'),(1229,86,'AIRTREK'),(1230,86,'ASPIRE'),(1231,86,'ASX'),(1232,86,'CARISMA'),(1233,86,'CHALLENGER'),(1234,86,'CHARIOT'),(1235,86,'COLT'),(1236,86,'DELICA'),(1237,86,'DIAMANTE'),(1238,86,'DINGO'),(1239,86,'DION'),(1240,86,'ECLIPSE'),(1241,86,'EK&nbsp;WAGON'),(1242,86,'EMERAUDE'),(1243,86,'ENDEAVOR'),(1244,86,'ETERNA'),(1245,86,'FTO'),(1246,86,'GALANT'),(1247,86,'GRANDIS'),(1248,86,'GTO'),(1249,86,'I'),(1250,86,'JEEP'),(1251,86,'L&nbsp;200'),(1252,86,'LANCER'),(1253,86,'&nbsp;&nbsp;&nbsp;&nbsp;&nbsp;&nbsp;EVOLUTION'),(1254,86,'&nbsp;&nbsp;&nbsp;&nbsp;&nbsp;&nbsp;LANCER'),(1255,86,'&nbsp;&nbsp;&nbsp;&nbsp;&nbsp;&nbsp;LANCER&nbsp;CEDIA'),(1256,86,'&nbsp;&nbsp;&nbsp;&nbsp;&nbsp;&nbsp;SPORTBACK'),(1257,86,'LEGNUM'),(1258,86,'LIBERO'),(1259,86,'MINICA'),(1260,86,'MIRAGE'),(1261,86,'MONTERO'),(1262,86,'&nbsp;&nbsp;&nbsp;&nbsp;&nbsp;&nbsp;MONTERO'),(1263,86,'&nbsp;&nbsp;&nbsp;&nbsp;&nbsp;&nbsp;SPORT'),(1264,86,'OUTLANDER'),(1265,86,'PAJERO'),(1266,86,'&nbsp;&nbsp;&nbsp;&nbsp;&nbsp;&nbsp;PAJERO'),(1267,86,'&nbsp;&nbsp;&nbsp;&nbsp;&nbsp;&nbsp;SPORT'),(1268,86,'RVR'),(1269,86,'SIGMA'),(1270,86,'SPACE&nbsp;GEAR'),(1271,86,'SPACE&nbsp;RUNNER'),(1272,86,'SPACE&nbsp;STAR'),(1273,86,'SPACE&nbsp;WAGON'),(1274,86,'STARION'),(1275,86,'TOPPO'),(1276,87,'MICRO&nbsp;CAR'),(1277,87,'VIEWT'),(1278,88,'4/4'),(1279,88,'AERO&nbsp;8'),(1280,89,'100&nbsp;NX'),(1281,89,'180&nbsp;SX'),(1282,89,'200&nbsp;SX'),(1283,89,'300&nbsp;ZX'),(1284,89,'350Z'),(1285,89,'370Z'),(1286,89,'AD'),(1287,89,'ALMERA'),(1288,89,'&nbsp;&nbsp;&nbsp;&nbsp;&nbsp;&nbsp;ALMERA'),(1289,89,'&nbsp;&nbsp;&nbsp;&nbsp;&nbsp;&nbsp;ALMERA&nbsp;CLASSIC'),(1290,89,'&nbsp;&nbsp;&nbsp;&nbsp;&nbsp;&nbsp;ALMERA&nbsp;TINO'),(1291,89,'ALTIMA'),(1292,89,'ARMADA'),(1293,89,'AVENIR'),(1294,89,'BASSARA'),(1295,89,'BLUEBIRD'),(1296,89,'CEDRIC'),(1297,89,'CEFIRO'),(1298,89,'CIMA'),(1299,89,'CUBE'),(1300,89,'DATSUN'),(1301,89,'ELGRAND'),(1302,89,'EXPERT'),(1303,89,'FAIRLADY&nbsp;Z'),(1304,89,'FRONTIER'),(1305,89,'FUGA'),(1306,89,'GLORIA'),(1307,89,'GT-R'),(1308,89,'JUKE'),(1309,89,'KING&nbsp;CAB'),(1310,89,'LAFESTA'),(1311,89,'LANGLEY'),(1312,89,'LARGO'),(1313,89,'LAUREL'),(1314,89,'LEOPARD'),(1315,89,'LIBERTY'),(1316,89,'LUCINO'),(1317,89,'MARCH'),(1318,89,'MAXIMA'),(1319,89,'MICRA'),(1320,89,'MISTRAL'),(1321,89,'MOCO'),(1322,89,'MURANO'),(1323,89,'NAVARA'),(1324,89,'NOTE'),(1325,89,'NP&nbsp;300&nbsp;PICK&nbsp;UP'),(1326,89,'OTTI'),(1327,89,'PATHFINDER'),(1328,89,'PATROL'),(1329,89,'PICK&nbsp;UP'),(1330,89,'PIXO'),(1331,89,'PRAIRIE'),(1332,89,'PRESAGE'),(1333,89,'PRESEA'),(1334,89,'PRESIDENT'),(1335,90,'ACHIEVA'),(1336,90,'ALERO'),(1337,90,'AURORA'),(1338,90,'CUTLASS'),(1339,90,'EIGHTY-EIGHT'),(1340,90,'OMEGA'),(1341,90,'SILHOUETTE'),(1342,91,'AGILA'),(1343,91,'ANTARA'),(1344,91,'ASCONA'),(1345,91,'ASTRA'),(1346,91,'&nbsp;&nbsp;&nbsp;&nbsp;&nbsp;&nbsp;ASTRA'),(1347,91,'&nbsp;&nbsp;&nbsp;&nbsp;&nbsp;&nbsp;OPC'),(1348,91,'CALIBRA'),(1349,91,'CAMPO'),(1350,91,'COMBO'),(1351,91,'COMMODORE'),(1352,91,'CORSA'),(1353,91,'&nbsp;&nbsp;&nbsp;&nbsp;&nbsp;&nbsp;CORSA'),(1354,91,'&nbsp;&nbsp;&nbsp;&nbsp;&nbsp;&nbsp;OPC'),(1355,91,'FRONTERA'),(1356,91,'GT'),(1357,91,'INSIGNIA'),(1358,91,'KADETT'),(1359,91,'MERIVA'),(1360,91,'MONTEREY'),(1361,91,'MONZA'),(1362,91,'OMEGA'),(1363,91,'REKORD'),(1364,91,'SENATOR'),(1365,91,'SIGNUM'),(1366,91,'SINTRA'),(1367,91,'SPEEDSTER'),(1368,91,'TIGRA'),(1369,91,'VECTRA'),(1370,91,'VITA'),(1371,91,'ZAFIRA'),(1372,91,'&nbsp;&nbsp;&nbsp;&nbsp;&nbsp;&nbsp;OPC'),(1373,91,'&nbsp;&nbsp;&nbsp;&nbsp;&nbsp;&nbsp;ZAFIRA'),(1374,92,'ZONDA'),(1375,93,'1007'),(1376,93,'106'),(1377,93,'107'),(1378,93,'205'),(1379,93,'206'),(1380,93,'207'),(1381,93,'3008'),(1382,93,'305'),(1383,93,'306'),(1384,93,'307'),(1385,93,'308'),(1386,93,'309'),(1387,93,'4007'),(1388,93,'4008'),(1389,93,'405'),(1390,93,'406'),(1391,93,'407'),(1392,93,'505'),(1393,93,'508'),(1394,93,'605'),(1395,93,'607'),(1396,93,'806'),(1397,93,'807'),(1398,93,'PARTNER'),(1399,93,'RCZ'),(1400,94,'BREEZE'),(1401,94,'GRAND&nbsp;VOYAGER'),(1402,94,'LASER'),(1403,94,'NEON'),(1404,94,'PROWLER'),(1405,94,'VOYAGER'),(1406,95,'BONNEVILLE'),(1407,95,'FIERO'),(1408,95,'FIREBIRD'),(1409,95,'G5'),(1410,95,'G6'),(1411,95,'GRAND&nbsp;AM'),(1412,95,'GRAND&nbsp;PRIX'),(1413,95,'GTO'),(1414,95,'PARISIENNE'),(1415,95,'PHOENIX'),(1416,95,'SOLSTICE'),(1417,95,'SUNBIRD'),(1418,95,'TRANS&nbsp;SPORT'),(1419,95,'VIBE'),(1420,96,'911'),(1421,96,'924'),(1422,96,'928'),(1423,96,'944'),(1424,96,'BOXSTER'),(1425,96,'CARRERA&nbsp;GT'),(1426,96,'CAYENNE'),(1427,96,'&nbsp;&nbsp;&nbsp;&nbsp;&nbsp;&nbsp;CAYENNE'),(1428,96,'&nbsp;&nbsp;&nbsp;&nbsp;&nbsp;&nbsp;CAYENNE&nbsp;GTS'),(1429,96,'&nbsp;&nbsp;&nbsp;&nbsp;&nbsp;&nbsp;CAYENNE&nbsp;S'),(1430,96,'&nbsp;&nbsp;&nbsp;&nbsp;&nbsp;&nbsp;CAYENNE&nbsp;S&nbsp;HYBRID'),(1431,96,'&nbsp;&nbsp;&nbsp;&nbsp;&nbsp;&nbsp;CAYENNE&nbsp;TURBO'),(1432,96,'&nbsp;&nbsp;&nbsp;&nbsp;&nbsp;&nbsp;CAYENNE&nbsp;TURBO&nbsp;S'),(1433,96,'CAYMAN'),(1434,96,'PANAMERA'),(1435,97,'PERSONA&nbsp;300&nbsp;COMPACT'),(1436,97,'PERSONA&nbsp;400'),(1437,98,'G-MODELL'),(1438,98,'PINZGAUER'),(1439,99,'11'),(1440,99,'19'),(1441,99,'21'),(1442,99,'25'),(1443,99,'5'),(1444,99,'9'),(1445,99,'AVANTIME'),(1446,99,'CLIO'),(1447,99,'&nbsp;&nbsp;&nbsp;&nbsp;&nbsp;&nbsp;CLIO'),(1448,99,'&nbsp;&nbsp;&nbsp;&nbsp;&nbsp;&nbsp;CLIO&nbsp;SYMBOL'),(1449,99,'DUSTER'),(1450,99,'&nbsp;'),(1451,99,'ESPACE'),(1452,99,'FLUENCE'),(1453,99,'KANGOO'),(1454,99,'&nbsp;&nbsp;&nbsp;&nbsp;&nbsp;&nbsp;EXPRESS'),(1455,99,'&nbsp;&nbsp;&nbsp;&nbsp;&nbsp;&nbsp;PASSENGER'),(1456,99,'KOLEOS'),(1457,99,'LAGUNA'),(1458,99,'LATITUDE'),(1459,99,'LOGAN'),(1460,99,'MEGANE'),(1461,99,'MODUS'),(1462,99,'RAPID'),(1463,99,'&nbsp;'),(1464,99,'SAFRANE'),(1465,99,'SANDERO'),(1466,99,'SCENIC'),(1467,99,'&nbsp;&nbsp;&nbsp;&nbsp;&nbsp;&nbsp;GRAND&nbsp;SCENIC'),(1468,99,'&nbsp;&nbsp;&nbsp;&nbsp;&nbsp;&nbsp;SCENIC'),(1469,99,'&nbsp;&nbsp;&nbsp;&nbsp;&nbsp;&nbsp;SCENIC&nbsp;II'),(1470,99,'&nbsp;&nbsp;&nbsp;&nbsp;&nbsp;&nbsp;SCENIC&nbsp;III'),(1471,99,'&nbsp;&nbsp;&nbsp;&nbsp;&nbsp;&nbsp;SCENIC&nbsp;RX'),(1472,99,'SUPER&nbsp;5'),(1473,99,'SYMBOL&nbsp;(THALIA)'),(1474,99,'TWINGO'),(1475,99,'VEL&nbsp;SATIS'),(1476,100,'CORNICHE&nbsp;CABRIO'),(1477,100,'GHOST'),(1478,100,'PHANTOM'),(1479,100,'PHANTOM&nbsp;COUPE'),(1480,100,'PHANTOM&nbsp;DROPHEAD&nbsp;COUPE'),(1481,100,'SILVER&nbsp;SERAPH'),(1482,100,'SILVER&nbsp;SPUR'),(1483,101,'200'),(1484,101,'25'),(1485,101,'400'),(1486,101,'45'),(1487,101,'600'),(1488,101,'75'),(1489,101,'800'),(1490,101,'MG'),(1491,101,'MINI&nbsp;MK'),(1492,101,'STREETWISE'),(1493,102,'9-3'),(1494,102,'9-4X'),(1495,102,'9-5'),(1496,102,'9-7X'),(1497,102,'900'),(1498,102,'9000'),(1499,102,'96'),(1500,102,'99'),(1501,103,'SALEEN'),(1502,104,'SC'),(1503,104,'SKY'),(1504,104,'SL'),(1505,104,'VUE'),(1506,105,'TC'),(1507,105,'XA'),(1508,105,'XB'),(1509,105,'XD'),(1510,106,'ALHAMBRA'),(1511,106,'ALTEA'),(1512,106,'AROSA'),(1513,106,'CORDOBA'),(1514,106,'IBIZA'),(1515,106,'LEON'),(1516,106,'MARBELLA'),(1517,106,'RONDA'),(1518,106,'TOLEDO'),(1519,107,'SCEO'),(1520,108,'105,120'),(1521,108,'FABIA'),(1522,108,'&nbsp;&nbsp;&nbsp;&nbsp;&nbsp;&nbsp;FABIA'),(1523,108,'&nbsp;&nbsp;&nbsp;&nbsp;&nbsp;&nbsp;RS'),(1524,108,'FAVORIT'),(1525,108,'FELICIA'),(1526,108,'OCTAVIA'),(1527,108,'&nbsp;&nbsp;&nbsp;&nbsp;&nbsp;&nbsp;OCTAVIA'),(1528,108,'&nbsp;&nbsp;&nbsp;&nbsp;&nbsp;&nbsp;RS'),(1529,108,'&nbsp;&nbsp;&nbsp;&nbsp;&nbsp;&nbsp;SCOUT'),(1530,108,'ROOMSTER'),(1531,108,'SUPERB'),(1532,108,'YETI'),(1533,109,'C52'),(1534,110,'FORFOUR'),(1535,110,'FORTWO'),(1536,110,'ROADSTER'),(1537,111,'C8'),(1538,112,'ACTYON'),(1539,112,'CHAIRMAN'),(1540,112,'FAMILY'),(1541,112,'KORANDO'),(1542,112,'KYRON'),(1543,112,'MUSSO'),(1544,112,'REXTON'),(1545,112,'RODIUS'),(1546,112,'TAGER'),(1547,113,'BAJA'),(1548,113,'DOMINGO'),(1549,113,'EXIGA'),(1550,113,'FORESTER'),(1551,113,'IMPREZA'),(1552,113,'&nbsp;&nbsp;&nbsp;&nbsp;&nbsp;&nbsp;IMPREZA'),(1553,113,'&nbsp;&nbsp;&nbsp;&nbsp;&nbsp;&nbsp;IMPREZA&nbsp;WRX'),(1554,113,'&nbsp;&nbsp;&nbsp;&nbsp;&nbsp;&nbsp;IMPREZA&nbsp;WRX&nbsp;STI'),(1555,113,'&nbsp;&nbsp;&nbsp;&nbsp;&nbsp;&nbsp;IMPREZA&nbsp;XV'),(1556,113,'JUSTY'),(1557,113,'LEGACY'),(1558,113,'LEONE'),(1559,113,'LIBERO'),(1560,113,'OUTBACK'),(1561,113,'PLEO'),(1562,113,'R2'),(1563,113,'STELLA'),(1564,113,'SVX'),(1565,113,'TRIBECA'),(1566,113,'VIVIO'),(1567,113,'XT'),(1568,113,'XV'),(1569,114,'AERIO'),(1570,114,'ALTO'),(1571,114,'BALENO'),(1572,114,'CERVO'),(1573,114,'CULTUS&nbsp;WAGON'),(1574,114,'ESCUDO'),(1575,114,'EVERY'),(1576,114,'FORENZA'),(1577,114,'GRAND&nbsp;VITARA'),(1578,114,'IGNIS'),(1579,114,'JIMNY'),(1580,114,'KEI'),(1581,114,'KIZASHI'),(1582,114,'LIANA'),(1583,114,'MR&nbsp;WAGON'),(1584,114,'SAMURAI'),(1585,114,'SIDEKICK'),(1586,114,'SPLASH'),(1587,114,'SWIFT'),(1588,114,'SX4'),(1589,114,'VERONA'),(1590,114,'VITARA'),(1591,114,'WAGON&nbsp;R'),(1592,114,'WAGON&nbsp;R&nbsp;PLUS'),(1593,114,'WAGON&nbsp;R&nbsp;SOLIO'),(1594,114,'X-90'),(1595,114,'XL7'),(1596,115,'INDICA'),(1597,115,'INDIGO'),(1598,116,'CENTURY'),(1599,117,'ADMIRAL'),(1600,118,'ROADSTER'),(1601,119,'4RUNNER'),(1602,119,'ALLEX'),(1603,119,'ALLION'),(1604,119,'ALPHARD'),(1605,119,'ALTEZZA'),(1606,119,'ARISTO'),(1607,119,'AURIS'),(1608,119,'AVALON'),(1609,119,'AVENSIS'),(1610,119,'&nbsp;&nbsp;&nbsp;&nbsp;&nbsp;&nbsp;AVENSIS'),(1611,119,'&nbsp;&nbsp;&nbsp;&nbsp;&nbsp;&nbsp;AVENSIS&nbsp;VERSO'),(1612,119,'AYGO'),(1613,119,'BB'),(1614,119,'BELTA'),(1615,119,'BLADE'),(1616,119,'BLIZZARD'),(1617,119,'BREVIS'),(1618,119,'CALDINA'),(1619,119,'CAMI'),(1620,119,'CAMRY'),(1621,119,'&nbsp;&nbsp;&nbsp;&nbsp;&nbsp;&nbsp;CAMRY'),(1622,119,'&nbsp;&nbsp;&nbsp;&nbsp;&nbsp;&nbsp;GRACIA'),(1623,119,'&nbsp;&nbsp;&nbsp;&nbsp;&nbsp;&nbsp;SOLARA'),(1624,119,'CARIB'),(1625,119,'CARINA'),(1626,119,'&nbsp;&nbsp;&nbsp;&nbsp;&nbsp;&nbsp;CARINA'),(1627,119,'&nbsp;&nbsp;&nbsp;&nbsp;&nbsp;&nbsp;CARINA&nbsp;E'),(1628,119,'&nbsp;&nbsp;&nbsp;&nbsp;&nbsp;&nbsp;CARINA&nbsp;ED'),(1629,119,'CAVALIER'),(1630,119,'CELICA'),(1631,119,'CELSIOR'),(1632,119,'CENTURY'),(1633,119,'CHASER'),(1634,119,'COROLLA'),(1635,119,'&nbsp;&nbsp;&nbsp;&nbsp;&nbsp;&nbsp;AXIO'),(1636,119,'&nbsp;&nbsp;&nbsp;&nbsp;&nbsp;&nbsp;CERES'),(1637,119,'&nbsp;&nbsp;&nbsp;&nbsp;&nbsp;&nbsp;COROLLA'),(1638,119,'&nbsp;&nbsp;&nbsp;&nbsp;&nbsp;&nbsp;FIELDER'),(1639,119,'&nbsp;&nbsp;&nbsp;&nbsp;&nbsp;&nbsp;LEVIN'),(1640,119,'&nbsp;&nbsp;&nbsp;&nbsp;&nbsp;&nbsp;RUNX'),(1641,119,'&nbsp;&nbsp;&nbsp;&nbsp;&nbsp;&nbsp;SPACIO'),(1642,119,'&nbsp;&nbsp;&nbsp;&nbsp;&nbsp;&nbsp;VERSO'),(1643,119,'COROLLA&nbsp;RUMION'),(1644,119,'CORONA'),(1645,119,'CORSA'),(1646,119,'CRESSIDA'),(1647,119,'CRESTA'),(1648,119,'CROWN'),(1649,119,'&nbsp;&nbsp;&nbsp;&nbsp;&nbsp;&nbsp;COMFORT'),(1650,119,'&nbsp;&nbsp;&nbsp;&nbsp;&nbsp;&nbsp;CROWN'),(1651,119,'&nbsp;&nbsp;&nbsp;&nbsp;&nbsp;&nbsp;MAJESTA'),(1652,119,'&nbsp;&nbsp;&nbsp;&nbsp;&nbsp;&nbsp;WAGON'),(1653,119,'CURREN'),(1654,119,'CYNOS'),(1655,119,'DUET'),(1656,119,'ECHO'),(1657,119,'ESTIMA'),(1658,119,'FJ&nbsp;CRUISER'),(1659,119,'FORTUNER'),(1660,119,'FUNCARGO'),(1661,119,'GAIA'),(1662,119,'GRAND&nbsp;HIACE'),(1663,119,'GRANVIA'),(1664,119,'HARRIER'),(1665,119,'HIACE'),(1666,119,'HIGHLANDER'),(1667,119,'HILUX'),(1668,119,'&nbsp;&nbsp;&nbsp;&nbsp;&nbsp;&nbsp;PICK&nbsp;UP'),(1669,119,'&nbsp;&nbsp;&nbsp;&nbsp;&nbsp;&nbsp;SURF'),(1670,119,'IPSUM'),(1671,119,'IQ'),(1672,119,'ISIS'),(1673,119,'IST'),(1674,119,'KLUGER'),(1675,119,'LAND&nbsp;CRUISER'),(1676,119,'&nbsp;&nbsp;&nbsp;&nbsp;&nbsp;&nbsp;&nbsp;&nbsp;&nbsp;100'),(1677,119,'&nbsp;&nbsp;&nbsp;&nbsp;&nbsp;&nbsp;&nbsp;&nbsp;&nbsp;105'),(1678,119,'&nbsp;&nbsp;&nbsp;&nbsp;&nbsp;&nbsp;&nbsp;&nbsp;&nbsp;200'),(1679,119,'&nbsp;&nbsp;&nbsp;&nbsp;&nbsp;&nbsp;&nbsp;&nbsp;&nbsp;&nbsp;40'),(1680,119,'&nbsp;&nbsp;&nbsp;&nbsp;&nbsp;&nbsp;&nbsp;&nbsp;&nbsp;&nbsp;60'),(1681,119,'&nbsp;&nbsp;&nbsp;&nbsp;&nbsp;&nbsp;&nbsp;&nbsp;&nbsp;&nbsp;70'),(1682,119,'&nbsp;&nbsp;&nbsp;&nbsp;&nbsp;&nbsp;&nbsp;&nbsp;&nbsp;&nbsp;&nbsp;80'),(1683,119,'&nbsp;&nbsp;&nbsp;&nbsp;&nbsp;&nbsp;CYGNUS'),(1684,119,'&nbsp;&nbsp;&nbsp;&nbsp;&nbsp;&nbsp;PRADO&nbsp;120'),(1685,119,'&nbsp;&nbsp;&nbsp;&nbsp;&nbsp;&nbsp;PRADO&nbsp;150'),(1686,119,'&nbsp;&nbsp;&nbsp;&nbsp;&nbsp;&nbsp;PRADO&nbsp;70'),(1687,119,'&nbsp;&nbsp;&nbsp;&nbsp;&nbsp;&nbsp;PRADO&nbsp;90'),(1688,119,'LITE&nbsp;ACE'),(1689,119,'MARK&nbsp;II'),(1690,119,'MARK&nbsp;X'),(1691,119,'MASTERACE'),(1692,119,'MATRIX'),(1693,119,'MR&nbsp;2'),(1694,119,'MR-S'),(1695,119,'NADIA'),(1696,119,'NOAH'),(1697,119,'OPA'),(1698,119,'ORIGIN'),(1699,119,'PASEO'),(1700,119,'PASSO'),(1701,119,'PICNIC'),(1702,119,'PLATZ'),(1703,119,'PORTE'),(1704,119,'PREMIO'),(1705,119,'PREVIA'),(1706,119,'PRIUS'),(1707,119,'PROBOX'),(1708,119,'PROGRES'),(1709,119,'PRONARD'),(1710,119,'RACTIS'),(1711,119,'RAUM'),(1712,119,'RAV&nbsp;4'),(1713,119,'REGIUS'),(1714,119,'&nbsp;&nbsp;&nbsp;&nbsp;&nbsp;&nbsp;ACE'),(1715,119,'&nbsp;&nbsp;&nbsp;&nbsp;&nbsp;&nbsp;REGIUS'),(1716,119,'RUSH'),(1717,119,'SEQUOIA'),(1718,119,'SERA'),(1719,119,'SIENNA'),(1720,119,'SIENTA'),(1721,119,'SOARER'),(1722,119,'SPARKY'),(1723,119,'SPRINTER'),(1724,119,'STARLET'),(1725,119,'SUCCEED'),(1726,119,'SUPRA'),(1727,119,'TACOMA'),(1728,119,'TERCEL'),(1729,119,'TOWN&nbsp;ACE'),(1730,119,'TUNDRA'),(1731,119,'URBAN&nbsp;CRUISER'),(1732,119,'VELLFIRE'),(1733,119,'VENZA'),(1734,119,'VEROSSA'),(1735,119,'VERSO'),(1736,119,'VIOS'),(1737,119,'VISTA'),(1738,119,'VITZ'),(1739,119,'VOLTZ'),(1740,119,'VOXY'),(1741,119,'WILL'),(1742,119,'WINDOM'),(1743,119,'WISH'),(1744,119,'YARIS'),(1745,119,'&nbsp;&nbsp;&nbsp;&nbsp;&nbsp;&nbsp;VERSO'),(1746,119,'&nbsp;&nbsp;&nbsp;&nbsp;&nbsp;&nbsp;YARIS'),(1747,120,'P&nbsp;601'),(1748,121,'CHEVETTE'),(1749,122,'1500,1600'),(1750,122,'BEETLE'),(1751,122,'BORA'),(1752,122,'CADDY'),(1753,122,'CORRADO'),(1754,122,'DERBY'),(1755,122,'EOS'),(1756,122,'FOX'),(1757,122,'GOLF'),(1758,122,'&nbsp;&nbsp;&nbsp;&nbsp;&nbsp;&nbsp;CROSSGOLF'),(1759,122,'&nbsp;&nbsp;&nbsp;&nbsp;&nbsp;&nbsp;GOLF'),(1760,122,'&nbsp;&nbsp;&nbsp;&nbsp;&nbsp;&nbsp;GOLF&nbsp;PLUS'),(1761,122,'JETTA'),(1762,122,'KAEFER'),(1763,122,'LUPO'),(1764,122,'MULTIVAN'),(1765,122,'PASSAT'),(1766,122,'&nbsp;&nbsp;&nbsp;&nbsp;&nbsp;&nbsp;CC'),(1767,122,'&nbsp;&nbsp;&nbsp;&nbsp;&nbsp;&nbsp;HATCHBACK'),(1768,122,'&nbsp;&nbsp;&nbsp;&nbsp;&nbsp;&nbsp;SEDAN'),(1769,122,'&nbsp;&nbsp;&nbsp;&nbsp;&nbsp;&nbsp;VARIANT'),(1770,122,'PHAETON'),(1771,122,'POINTER'),(1772,122,'POLO'),(1773,122,'ROUTAN'),(1774,122,'SANTANA'),(1775,122,'SCIROCCO'),(1776,122,'SHARAN'),(1777,122,'TARO'),(1778,122,'TIGUAN'),(1779,122,'TOUAREG'),(1780,122,'TOURAN'),(1781,122,'VENTO'),(1782,123,'240'),(1783,123,'340-360'),(1784,123,'440&nbsp;K'),(1785,123,'460'),(1786,123,'740'),(1787,123,'760'),(1788,123,'850'),(1789,123,'940'),(1790,123,'960'),(1791,123,'C30'),(1792,123,'C70'),(1793,123,'LAPLANDER'),(1794,123,'S40'),(1795,123,'S60'),(1796,123,'S70'),(1797,123,'S80'),(1798,123,'S90'),(1799,123,'V40&nbsp;KOMBI'),(1800,123,'V50'),(1801,123,'V60'),(1802,123,'V70'),(1803,123,'XC60'),(1804,123,'XC70'),(1805,123,'XC90'),(1806,124,'CORDA'),(1807,124,'ESTINA'),(1808,124,'TINGO'),(1809,125,'353'),(1810,126,'ROADSTER'),(1811,127,'PICKUP&nbsp;X3'),(1812,127,'SR-V&nbsp;X3'),(1813,127,'SUV&nbsp;X3'),(1814,128,'YUGO'),(1815,129,'GRANDTIGER'),(1816,129,'LANDMARK');
/*!40000 ALTER TABLE `car_model` ENABLE KEYS */;
UNLOCK TABLES;

--
-- Table structure for table `cart`
--

DROP TABLE IF EXISTS `cart`;
/*!40101 SET @saved_cs_client     = @@character_set_client */;
/*!40101 SET character_set_client = utf8 */;
CREATE TABLE `cart` (
  `id` int(11) NOT NULL AUTO_INCREMENT,
  `shop_id` int(11) NOT NULL,
  `person_id` int(11) NOT NULL,
  `product_id` int(11) NOT NULL,
  `num` int(11) NOT NULL,
  `price` decimal(19,2) NOT NULL,
  `sum` decimal(19,2) NOT NULL,
  `currency_id` int(11) DEFAULT NULL,
  `char_id` int(11) DEFAULT '0',
  `charname` varchar(255) DEFAULT NULL,
  `action_id` int(11) DEFAULT NULL,
  PRIMARY KEY (`id`),
  KEY `shop_id` (`shop_id`,`person_id`,`product_id`),
  KEY `currency_id` (`currency_id`),
  KEY `char_id` (`char_id`),
  KEY `action_id` (`action_id`)
) ENGINE=MyISAM AUTO_INCREMENT=104 DEFAULT CHARSET=utf8;
/*!40101 SET character_set_client = @saved_cs_client */;

--
-- Dumping data for table `cart`
--

LOCK TABLES `cart` WRITE;
/*!40000 ALTER TABLE `cart` DISABLE KEYS */;
INSERT INTO `cart` VALUES (45,14,30,45,4,123.12,492.48,2,0,NULL,NULL),(44,14,30,17,1,12.00,12.00,2,0,NULL,NULL),(58,13,14,2497,4,392.00,1568.00,1,0,NULL,NULL),(85,15,15,1066,1,11.00,11.00,2,0,'',NULL),(29,13,15,71,1,465.00,465.00,2,0,'',NULL),(30,18,15,126,1,112.00,112.00,2,0,'',NULL),(31,18,15,127,3,167.00,167.00,2,0,'',NULL),(101,124,15,2556,1,9972.00,9972.00,2,0,'',NULL),(34,15,15,1068,124,11.00,11.00,2,0,'',NULL),(103,124,15,4767,1,170.50,170.50,2,0,'',NULL),(32,13,15,43,1,187000.00,187000.00,2,0,'',NULL),(33,18,15,121,1,106.00,106.00,2,0,'',NULL),(35,13,15,73,1,1240.00,1240.00,2,0,'',NULL);
/*!40000 ALTER TABLE `cart` ENABLE KEYS */;
UNLOCK TABLES;

--
-- Table structure for table `cart_unreg`
--

DROP TABLE IF EXISTS `cart_unreg`;
/*!40101 SET @saved_cs_client     = @@character_set_client */;
/*!40101 SET character_set_client = utf8 */;
CREATE TABLE `cart_unreg` (
  `id` int(11) NOT NULL AUTO_INCREMENT,
  `shop_id` int(11) NOT NULL,
  `person_uid` char(60) NOT NULL,
  `product_id` int(11) NOT NULL,
  `num` int(11) NOT NULL,
  `price` decimal(19,2) NOT NULL,
  `sum` decimal(19,2) NOT NULL,
  `currency_id` int(11) DEFAULT NULL,
  `char_id` int(11) DEFAULT '0',
  `charname` varchar(255) DEFAULT NULL,
  `action_id` int(11) DEFAULT NULL,
  PRIMARY KEY (`id`),
  KEY `shop_id` (`shop_id`,`person_uid`,`product_id`),
  KEY `currency_id` (`currency_id`),
  KEY `char_id` (`char_id`),
  KEY `action_id` (`action_id`)
) ENGINE=MyISAM AUTO_INCREMENT=36 DEFAULT CHARSET=utf8;
/*!40101 SET character_set_client = @saved_cs_client */;

--
-- Dumping data for table `cart_unreg`
--

LOCK TABLES `cart_unreg` WRITE;
/*!40000 ALTER TABLE `cart_unreg` DISABLE KEYS */;
INSERT INTO `cart_unreg` VALUES (1,18,'56b855f2ed65a',124,1,124.00,124.00,2,0,'',NULL),(2,16,'56b855f2ed65a',363,800,17.00,13600.00,4,0,'',NULL),(3,16,'56b855f2ed65a',357,300,11.50,3450.00,4,0,'',NULL),(4,13,'56b855f2ed65a',74,1,750.00,750.00,2,0,'',NULL),(5,15,'56b855f2ed65a',1068,1,11.00,11.00,2,0,'',NULL),(6,13,'56b855f2ed65a',338,1,250.00,250.00,2,0,'',NULL),(7,13,'56b855f2ed65a',73,1,1240.00,1240.00,2,0,'',NULL),(8,16,'56b855f2ed65a',360,1,6.50,6.50,4,0,'',NULL),(9,18,'56b878da1b570',130,1,270.00,270.00,2,0,'',NULL),(10,16,'56b8816c41349',358,1,5.00,5.00,4,0,'',NULL),(11,18,'56b88ec1d89ca',127,1,167.00,167.00,2,0,'',NULL),(12,18,'56b88f49ced17',127,1,167.00,167.00,2,0,'',NULL),(13,13,'56b88f49ced17',71,1,465.00,465.00,2,0,'',NULL),(14,15,'56b88f49ced17',1067,1,11.00,11.00,2,0,'',NULL),(15,13,'56b890cff10f7',73,1,1240.00,1240.00,2,0,'',NULL),(16,18,'56b99ecce3848',126,1,112.00,112.00,2,0,'',NULL),(20,13,'56b9a03a189c5',2495,1,1235.00,1235.00,NULL,0,'',NULL),(21,13,'56b9a03a189c5',2496,1,1235.00,1235.00,NULL,0,'',NULL),(22,13,'56b9a03a189c5',2492,12,601.00,7212.00,NULL,0,'',NULL),(24,13,'56b9a07984bcb',2495,1,1235.00,1235.00,NULL,0,'',NULL),(25,13,'56b9a07984bcb',2496,1,1235.00,1235.00,NULL,0,'',NULL),(26,13,'56b9a07984bcb',2494,1,1062.00,1062.00,NULL,0,'',NULL),(27,13,'56b9a07984bcb',2493,1,232.00,232.00,NULL,0,'',NULL),(28,13,'56b9a07984bcb',2492,1,601.00,601.00,NULL,0,'',NULL);
/*!40000 ALTER TABLE `cart_unreg` ENABLE KEYS */;
UNLOCK TABLES;

--
-- Table structure for table `category`
--

DROP TABLE IF EXISTS `category`;
/*!40101 SET @saved_cs_client     = @@character_set_client */;
/*!40101 SET character_set_client = utf8 */;
CREATE TABLE `category` (
  `id` int(11) NOT NULL AUTO_INCREMENT,
  `name_en` varchar(250) DEFAULT NULL,
  `category_id` int(11) DEFAULT NULL,
  `visible` int(11) NOT NULL DEFAULT '0',
  `ordr` int(11) NOT NULL DEFAULT '0',
  `thumbnail_url` varchar(250) DEFAULT NULL,
  `ispopular` int(1) NOT NULL DEFAULT '0',
  `name_ch` varchar(250) DEFAULT NULL,
  `name_ru` varchar(250) DEFAULT NULL,
  `name_it` varchar(250) DEFAULT NULL,
  `name_es` varchar(255) DEFAULT NULL,
  PRIMARY KEY (`id`),
  KEY `category_id` (`category_id`),
  KEY `visible` (`visible`),
  KEY `ordr` (`ordr`),
  KEY `ispopular` (`ispopular`)
) ENGINE=MyISAM AUTO_INCREMENT=373 DEFAULT CHARSET=utf8;
/*!40101 SET character_set_client = @saved_cs_client */;

--
-- Dumping data for table `category`
--

LOCK TABLES `category` WRITE;
/*!40000 ALTER TABLE `category` DISABLE KEYS */;
INSERT INTO `category` VALUES (1,'Clothing and Accessories',NULL,1,1,'/images/category/1.png',0,'Clothing and Accessories','Одежда и аксессуары ','Clothing and Accessories','Clothing and Accessories'),(2,'Clothing for baby boy',NULL,1,2,'/images/category/2.png',0,'Clothing for baby boy','Одежда Малышам','Clothing for baby boy','Clothing for baby boy'),(3,'Clothing for baby girl',NULL,1,3,NULL,0,'Clothing for baby girl','Одежда Малышкам','Clothing for baby girl','Clothing for baby girl'),(4,'Clothing for boys',NULL,1,4,NULL,0,'Clothing for boys','Одежда Мальчикам','Clothing for boys','Clothing for boys'),(5,'Clothing for girls',NULL,1,5,'/images/category/5.png',0,'Clothing for girls','Одежда Девочкам','Clothing for girls','Clothing for girls'),(6,'Man\'s',NULL,1,6,'/images/category/6.png',0,'Man\'s','Мужчинам','Man\'s','Man\'s'),(7,'Women\'s',NULL,1,7,'/images/category/7.png',0,'Women\'s','Женщинам','Women\'s','Women\'s'),(8,'Shoes',NULL,1,8,'/images/category/8.png',0,'Shoes','Обувь','Shoes','Shoes'),(9,'Kids shoes',NULL,1,9,'/images/category/9.png',0,'Kids shoes','Детская обувь','Kids shoes','Kids shoes'),(10,'Man\'s',NULL,1,10,'/images/category/10.png',0,'Man\'s','Мужская ','Man\'s','Man\'s'),(11,'Women\'s',NULL,1,11,'/images/category/11.png',0,'Women\'s','Женская','Women\'s','Women\'s'),(12,'Sport',NULL,1,12,'/images/category/12.png',0,'Sport','Спортивная','Sport','Sport'),(13,'Special',NULL,1,13,NULL,0,'Special','Специальная','Special','Special'),(14,'Automobiles & Motorcycles',NULL,1,14,'/images/category/14.png',0,'Automobiles & Motorcycles','Автомобили и мотоциклы ','Automobiles & Motorcycles','Automobiles & Motorcycles'),(15,'Car Electronics',NULL,1,15,NULL,0,'Car Electronics','Автомобильная электроника','Car Electronics','Car Electronics'),(16,'Lights & Indicators',NULL,1,16,NULL,0,'Lights & Indicators','Фары и индикаторы','Lights & Indicators','Lights & Indicators'),(17,'Exterior Accessories',NULL,1,17,NULL,0,'Exterior Accessories','Внешние аксессуары','Exterior Accessories','Exterior Accessories'),(18,'Interior Accessories',NULL,1,18,NULL,0,'Interior Accessories','Внутренние аксессуары','Interior Accessories','Interior Accessories'),(19,'Tools & Equipment',NULL,1,19,NULL,0,'Tools & Equipment','Инструменты и принадлежности','Tools & Equipment','Tools & Equipment'),(20,'Replacement Parts',NULL,1,20,NULL,0,'Replacement Parts','Запасные части','Replacement Parts','Replacement Parts'),(21,'Transporting & Storage',NULL,1,21,NULL,0,'Transporting & Storage','Транспортировка и хранение','Transporting & Storage','Transporting & Storage'),(22,'Motorbike Accessories & Parts',NULL,1,22,NULL,0,'Motorbike Accessories & Parts','Мотоаксессуары и запчасти','Motorbike Accessories & Parts','Motorbike Accessories & Parts'),(23,'Baby Products',NULL,1,23,'/images/category/23.png',0,'Baby Products','Детские товары ','Baby Products','Baby Products'),(24,'Physical activity',NULL,1,24,NULL,0,'Physical activity','Физическая активность','Physical activity','Physical activity'),(25,'Baby Care',NULL,1,25,NULL,0,'Baby Care','Уход за малышом','Baby Care','Baby Care'),(26,'Bedding',NULL,1,26,NULL,0,'Bedding','Постельные принадлежности','Bedding','Bedding'),(27,'Lactation',NULL,1,27,NULL,0,'Lactation','Кормление','Lactation','Lactation'),(28,'Safety',NULL,1,28,NULL,0,'Safety','Безопасность','Safety','Safety'),(29,'Baby Toys',NULL,1,29,NULL,0,'Baby Toys','Детские игрушки','Baby Toys','Baby Toys'),(30,'Beauty & Health',NULL,1,30,'/images/category/30.png',0,'Beauty & Health','Красота и здоровье ','Beauty & Health','Beauty & Health'),(31,'Fragrances & Deodorants',NULL,1,31,NULL,0,'Fragrances & Deodorants','Духи и дезодоранты','Fragrances & Deodorants','Fragrances & Deodorants'),(32,'Hair Care & Styling',NULL,1,32,NULL,0,'Hair Care & Styling','Уход за волосами и укладка','Hair Care & Styling','Hair Care & Styling'),(33,'Hair Extensions & Wigs',NULL,1,33,NULL,0,'Hair Extensions & Wigs','Наращивание волос и парики','Hair Extensions & Wigs','Hair Extensions & Wigs'),(34,'Health and hygiene',NULL,1,34,NULL,0,'Health and hygiene','Здоровье и гигиена','Health and hygiene','Health and hygiene'),(35,'Makeup',NULL,1,35,NULL,0,'Makeup','Косметика','Makeup','Makeup'),(36,'Nails & Tools',NULL,1,36,NULL,0,'Nails & Tools','Маникюр и инструменты','Nails & Tools','Nails & Tools'),(37,'Sex Products',NULL,1,37,NULL,0,'Sex Products','Товары для взрослых (18+)','Sex Products','Sex Products'),(38,'Skin Care',NULL,1,38,NULL,0,'Skin Care','Уход за кожей','Skin Care','Skin Care'),(39,'Baby Care',NULL,1,39,NULL,0,'Baby Care','Уход за малышом','Baby Care','Baby Care'),(40,'Bath & Shower',NULL,1,40,NULL,0,'Bath & Shower','Ванна и душ','Bath & Shower','Bath & Shower'),(41,'Appliances and medical equipment',NULL,1,41,NULL,0,'Appliances and medical equipment','Битовое медицинское оборудование','Appliances and medical equipment','Appliances and medical equipment'),(42,'Ear Care',NULL,1,42,NULL,0,'Ear Care','Уход за ушами','Ear Care','Ear Care'),(43,'Feminine Hygiene Product',NULL,1,43,NULL,0,'Feminine Hygiene Product','Товары женской гигиены','Feminine Hygiene Product','Feminine Hygiene Product'),(44,'Oral Hygiene',NULL,1,44,NULL,0,'Oral Hygiene','Гигиена полости рта','Oral Hygiene','Oral Hygiene'),(45,'Sanitary Paper',NULL,1,45,NULL,0,'Sanitary Paper','Гигиенические салфетки','Sanitary Paper','Sanitary Paper'),(46,'Shaving & Hair Removal',NULL,1,46,NULL,0,'Shaving & Hair Removal','Бритьё и эпиляция','Shaving & Hair Removal','Shaving & Hair Removal'),(47,'Tools & Accessories',NULL,1,47,NULL,0,'Tools & Accessories','Инструменты и аксессуары','Tools & Accessories','Tools & Accessories'),(48,'Computers & Networking',NULL,1,48,'/images/category/48.png',0,'Computers & Networking','Компьютеры и сети ','Computers & Networking','Computers & Networking'),(49,'Laptops',NULL,1,49,NULL,0,'Laptops','Ноутбуки ','Laptops','Laptops'),(50,'Tablet PCs',NULL,1,50,NULL,0,'Tablet PCs','Планшетные ПК ','Tablet PCs','Tablet PCs'),(51,'Desktops',NULL,1,51,NULL,0,'Desktops','Настольные компьютеры ','Desktops','Desktops'),(52,'Networking',NULL,1,52,NULL,0,'Networking','Сеть и сетевое оборудование','Networking','Networking'),(53,'Computer Components',NULL,1,53,NULL,0,'Computer Components','Комплектующие для компьютеров','Computer Components','Computer Components'),(54,'Computer Peripherals',NULL,1,54,NULL,0,'Computer Peripherals','Компьютерная периферия ','Computer Peripherals','Computer Peripherals'),(55,'Storage & Memory',NULL,1,55,NULL,0,'Storage & Memory','Память','Storage & Memory','Storage & Memory'),(56,'Consumer Electronics',NULL,1,56,'/images/category/56.png',0,'Consumer Electronics','Электроника','Consumer Electronics','Consumer Electronics'),(57,'Camera & Photo',NULL,1,57,NULL,0,'Camera & Photo','Фото и Видео ','Camera & Photo','Camera & Photo'),(58,'Electronic Cigarettes',NULL,1,58,NULL,0,'Electronic Cigarettes','Электронные сигареты ','Electronic Cigarettes','Electronic Cigarettes'),(59,'Home Audio & Video Equipment',NULL,1,59,NULL,0,'Home Audio & Video Equipment','Домашнее аудио и видео','Home Audio & Video Equipment','Home Audio & Video Equipment'),(60,'Portable Audio & Video',NULL,1,60,NULL,0,'Portable Audio & Video','Портативное аудио и видео ','Portable Audio & Video','Portable Audio & Video'),(61,'Mobile Phones',NULL,1,61,NULL,0,'Mobile Phones','Мобильные телефоны ','Mobile Phones','Mobile Phones'),(62,'Games & Accessories',NULL,1,62,NULL,0,'Games & Accessories','Игры и аксессуары ','Games & Accessories','Games & Accessories'),(63,'Accessories & Parts',NULL,1,63,NULL,0,'Accessories & Parts','Аксессуары и запчасти ','Accessories & Parts','Accessories & Parts'),(64,'Electrical Equipment & Supplies',NULL,1,64,'/images/category/64.png',0,'Electrical Equipment & Supplies','Электрооборудование и принадлежности ','Electrical Equipment & Supplies','Electrical Equipment & Supplies'),(65,'Batteries',NULL,1,65,NULL,0,'Batteries','Аккумуляторы','Batteries','Batteries'),(66,'Circuit Breakers',NULL,1,66,NULL,0,'Circuit Breakers','Автоматические выключатели','Circuit Breakers','Circuit Breakers'),(67,'Connectors & Terminals',NULL,1,67,NULL,0,'Connectors & Terminals','Разъёмы и клеммы','Connectors & Terminals','Connectors & Terminals'),(68,'Contactors',NULL,1,68,NULL,0,'Contactors','Пускатели','Contactors','Contactors'),(69,'Electrical Ceramics',NULL,1,69,NULL,0,'Electrical Ceramics','Электрическая керамика','Electrical Ceramics','Electrical Ceramics'),(70,'Electrical Plugs & Sockets',NULL,1,70,NULL,0,'Electrical Plugs & Sockets','Вилки и розетки','Electrical Plugs & Sockets','Electrical Plugs & Sockets'),(71,'Electronic & Instrument Enclosures',NULL,1,71,NULL,0,'Electronic & Instrument Enclosures','Защитные корпуса','Electronic & Instrument Enclosures','Electronic & Instrument Enclosures'),(72,'Fuses',NULL,1,72,NULL,0,'Fuses','Предохранители и компонеты','Fuses','Fuses'),(73,'Generators',NULL,1,73,NULL,0,'Generators','Генераторы','Generators','Generators'),(74,'Insulation Materials & Elements',NULL,1,74,NULL,0,'Insulation Materials & Elements','Изоляционные материалы и элементы','Insulation Materials & Elements','Insulation Materials & Elements'),(75,'Other Electrical Equipment',NULL,1,75,NULL,0,'Other Electrical Equipment','Прочее электрооборудование','Other Electrical Equipment','Other Electrical Equipment'),(76,'Power Accessories',NULL,1,76,NULL,0,'Power Accessories','Электроаксессуары','Power Accessories','Power Accessories'),(77,'Power Distribution Equipment',NULL,1,77,NULL,0,'Power Distribution Equipment','Распределение питания','Power Distribution Equipment','Power Distribution Equipment'),(78,'Power Supplies',NULL,1,78,NULL,0,'Power Supplies','Источники питания','Power Supplies','Power Supplies'),(79,'Power Tools',NULL,1,79,NULL,0,'Power Tools','Механические инструменты','Power Tools','Power Tools'),(80,'Professional Audio, Video & Lighting',NULL,1,80,NULL,0,'Professional Audio, Video & Lighting','Профессиональное аудио, видео и освещение','Professional Audio, Video & Lighting','Professional Audio, Video & Lighting'),(81,'Relays',NULL,1,81,NULL,0,'Relays','Реле','Relays','Relays'),(82,'Switches',NULL,1,82,NULL,0,'Switches','Переключатели','Switches','Switches'),(83,'Transformers',NULL,1,83,NULL,0,'Transformers','Трансформаторы','Transformers','Transformers'),(84,'Wires, Cables & Cable Assemblies',NULL,1,84,NULL,0,'Wires, Cables & Cable Assemblies','Провода, кабели и кабельные сборки','Wires, Cables & Cable Assemblies','Wires, Cables & Cable Assemblies'),(85,'Wiring Accessories',NULL,1,85,NULL,0,'Wiring Accessories','Электромонтажные изделия','Wiring Accessories','Wiring Accessories'),(87,'Electronic Components & Supplies',NULL,1,87,'/images/category/87.png',0,'Electronic Components & Supplies','Электронные компоненты ','Electronic Components & Supplies','Electronic Components & Supplies'),(88,'Active Components',NULL,1,88,NULL,0,'Active Components','Активные компоненты','Active Components','Active Components'),(89,'Electric lighting',NULL,1,89,NULL,0,'Electric lighting','Электрическое освещение','Electric lighting','Electric lighting'),(90,'Electronic Accessories & Supplies',NULL,1,90,NULL,0,'Electronic Accessories & Supplies','Электронные аксессуары и принадлежности','Electronic Accessories & Supplies','Electronic Accessories & Supplies'),(91,'Electronic Data Systems',NULL,1,91,NULL,0,'Electronic Data Systems','Информационные системы','Electronic Data Systems','Electronic Data Systems'),(92,'Electronic Products & Components Processing',NULL,1,92,NULL,0,'Electronic Products & Components Processing','Электронные продукты и компоненты обработки ','Electronic Products & Components Processing','Electronic Products & Components Processing'),(93,'Electronic Signs',NULL,1,93,NULL,0,'Electronic Signs','Электронные знаки','Electronic Signs','Electronic Signs'),(94,'Electronics Agents',NULL,1,94,NULL,0,'Electronics Agents','Электронное оборудование','Electronics Agents','Electronics Agents'),(95,'Electronics Production Machinery',NULL,1,95,NULL,0,'Electronics Production Machinery','Производственное оборудование','Electronics Production Machinery','Electronics Production Machinery'),(96,'Electronics Stocks',NULL,1,96,NULL,0,'Electronics Stocks','Электроника по акции ','Electronics Stocks','Electronics Stocks'),(97,'Optoelectronic Displays',NULL,1,97,NULL,0,'Optoelectronic Displays','Оптоэлектронные дисплеи','Optoelectronic Displays','Optoelectronic Displays'),(98,'Other Electronic Components',NULL,1,98,NULL,0,'Other Electronic Components','Прочие электронные компоненты','Other Electronic Components','Other Electronic Components'),(99,'Passive Components',NULL,1,99,NULL,0,'Passive Components','Пассивные компоненты','Passive Components','Passive Components'),(100,'Furniture',NULL,1,100,'/images/category/100.png',0,'Furniture','Мебель ','Furniture','Furniture'),(101,'Antique Furniture',NULL,1,101,NULL,0,'Antique Furniture','Антикварная мебель','Antique Furniture','Antique Furniture'),(102,'Bamboo Furniture',NULL,1,102,NULL,0,'Bamboo Furniture','Бамбуковая мебель','Bamboo Furniture','Bamboo Furniture'),(103,'Children\'s Furniture',NULL,1,103,NULL,0,'Children\'s Furniture','Детская мебель','Children\'s Furniture','Children\'s Furniture'),(104,'Folding Furniture',NULL,1,104,NULL,0,'Folding Furniture','Складная мебель','Folding Furniture','Folding Furniture'),(105,'Furniture Accessories',NULL,1,105,NULL,0,'Furniture Accessories','Мебельные аксессуары','Furniture Accessories','Furniture Accessories'),(106,'Furniture Hardware',NULL,1,106,NULL,0,'Furniture Hardware','Мебельная фурнитура','Furniture Hardware','Furniture Hardware'),(107,'Furniture Making Machinery',NULL,1,107,NULL,0,'Furniture Making Machinery','Оборудование для изготовления мебели','Furniture Making Machinery','Furniture Making Machinery'),(108,'Furniture Parts',NULL,1,108,NULL,0,'Furniture Parts','Запчасти для мебели','Furniture Parts','Furniture Parts'),(109,'Glass Furniture',NULL,1,109,NULL,0,'Glass Furniture','Мебель из стекла','Glass Furniture','Glass Furniture'),(110,'Home Furniture',NULL,1,110,NULL,0,'Home Furniture','Домашная мебель','Home Furniture','Home Furniture'),(111,'Inflatable Furniture',NULL,1,111,NULL,0,'Inflatable Furniture','Надувная мебель','Inflatable Furniture','Inflatable Furniture'),(112,'Metal Furniture',NULL,1,112,NULL,0,'Metal Furniture','Металлическая мебель','Metal Furniture','Metal Furniture'),(113,'Other Furniture',NULL,1,113,NULL,0,'Other Furniture','Прочая мебель','Other Furniture','Other Furniture'),(114,'Outdoor Furniture',NULL,1,114,NULL,0,'Outdoor Furniture','Мебель для улицы','Outdoor Furniture','Outdoor Furniture'),(115,'Plastic Furniture',NULL,1,115,NULL,0,'Plastic Furniture','Пластиковая мебель','Plastic Furniture','Plastic Furniture'),(116,'Rattan / Wicker Furniture',NULL,1,116,NULL,0,'Rattan / Wicker Furniture','Ротанговая и плетёная мебель','Rattan / Wicker Furniture','Rattan / Wicker Furniture'),(117,'Wood Furniture',NULL,1,117,NULL,0,'Wood Furniture','Деревянная мебель','Wood Furniture','Wood Furniture'),(118,'Woodworking Adhesives',NULL,1,118,NULL,0,'Woodworking Adhesives','Деревообрабатывающие клеи','Woodworking Adhesives','Woodworking Adhesives'),(119,'Woodworking Machinery',NULL,1,119,NULL,0,'Woodworking Machinery','Деревообрабатывающие станки','Woodworking Machinery','Woodworking Machinery'),(120,'Woodworking Machinery Parts',NULL,1,120,NULL,0,'Woodworking Machinery Parts','Деревообрабатывающие запчасти','Woodworking Machinery Parts','Woodworking Machinery Parts'),(121,'Furniture office & Commercial',NULL,1,121,'/images/category/121.png',0,'Furniture office & Commercial','Мебель офисная и комерческая','Furniture office & Commercial','Furniture office & Commercial'),(122,'Office desks',NULL,1,122,NULL,0,'Office desks','Офисные столы и тумбы','Office desks','Office desks'),(123,'Сonference tables',NULL,1,123,NULL,0,'Сonference tables','Конференс столы','Сonference tables','Сonference tables'),(124,'Office cabinets and storage systems',NULL,1,124,NULL,0,'Office cabinets and storage systems','Офисные шкафи и системы храниния','Office cabinets and storage systems','Office cabinets and storage systems'),(125,'Office chairs',NULL,1,125,NULL,0,'Office chairs','офисные стулья','Office chairs','Office chairs'),(126,'Sofas and armchairs',NULL,1,126,NULL,0,'Sofas and armchairs','Диваны и кресла','Sofas and armchairs','Sofas and armchairs'),(127,'Office interior',NULL,1,127,NULL,0,'Office interior','Офисный интерьер','Office interior','Office interior'),(128,'Reception desk',NULL,1,128,NULL,0,'Reception desk','Стойки рецепшн','Reception desk','Reception desk'),(129,'Shelves and showcases for salesroom',NULL,1,129,NULL,0,'Shelves and showcases for salesroom','Стелажи и витрины для торгового зала','Shelves and showcases for salesroom','Shelves and showcases for salesroom'),(130,'Other furniture for salesroom',NULL,1,130,NULL,0,'Other furniture for salesroom','Прочая мебель для торгового зала','Other furniture for salesroom','Other furniture for salesroom'),(131,'Warehouse furniture and shelves',NULL,1,131,NULL,0,'Warehouse furniture and shelves','Складская мебель и стелажи','Warehouse furniture and shelves','Warehouse furniture and shelves'),(132,'Commercial lighting',NULL,1,132,NULL,1,'Commercial lighting','Комерческое освещение','Commercial lighting','Commercial lighting'),(133,'Others',NULL,1,133,NULL,0,'Others','прочее','Others','Others'),(134,'Home',NULL,1,134,'/images/category/134.png',0,'Home','Дом','Home','Home'),(135,'Tableware',NULL,1,135,NULL,0,'Tableware','Посуда','Tableware','Tableware'),(136,'Kitchen',NULL,1,136,NULL,0,'Kitchen','Кухонные принадлежности','Kitchen','Kitchen'),(137,'Home Textile',NULL,1,137,NULL,0,'Home Textile','Домашний текстиль ','Home Textile','Home Textile'),(138,'Home Decor',NULL,1,138,NULL,0,'Home Decor','Домашний декор','Home Decor','Home Decor'),(139,'Convenience and trivia',NULL,1,139,NULL,0,'Convenience and trivia','Удобство и мелочи','Convenience and trivia','Convenience and trivia'),(140,'Cleaning, housekeeping & organization',NULL,1,140,NULL,0,'Cleaning, housekeeping & organization','Уборка, организация и хранение ','Cleaning, housekeeping & organization','Cleaning, housekeeping & organization'),(141,'Home Appliances',NULL,1,141,'/images/category/141.png',0,'Home Appliances','Бытовая техника ','Home Appliances','Home Appliances'),(142,'Air Conditioning Appliances',NULL,1,142,NULL,0,'Air Conditioning Appliances','Системы кондиционирования','Air Conditioning Appliances','Air Conditioning Appliances'),(143,'Cleaning Appliances',NULL,1,143,NULL,0,'Cleaning Appliances','Техника для уборки','Cleaning Appliances','Cleaning Appliances'),(144,'Electric Shavers',NULL,1,144,NULL,0,'Electric Shavers','Электробритвы','Electric Shavers','Electric Shavers'),(145,'Hand Dryers',NULL,1,145,NULL,0,'Hand Dryers','Сушилки для рук','Hand Dryers','Hand Dryers'),(146,'Home equipment Parts & Projects',NULL,1,146,NULL,0,'Home equipment Parts & Projects','Запчасти для бытовой техники','Home equipment Parts & Projects','Home equipment Parts & Projects'),(147,'Home equipment Stocks',NULL,1,147,NULL,0,'Home equipment Stocks','Бытовая техника по  Акции ','Home equipment Stocks','Home equipment Stocks'),(148,'Home Heaters',NULL,1,148,NULL,0,'Home Heaters','Бытовые отопительные приборы','Home Heaters','Home Heaters'),(149,'Kitchen equipment',NULL,1,149,NULL,0,'Kitchen equipment','Техника для кухни','Kitchen equipment','Kitchen equipment'),(150,'Laundry equipment',NULL,1,150,NULL,0,'Laundry equipment','Прачечное оборудование','Laundry equipment','Laundry equipment'),(151,'Other Home Appliances',NULL,1,151,NULL,0,'Other Home Appliances','Прочие бытовые приборы','Other Home Appliances','Other Home Appliances'),(152,'Refrigerators & Freezers',NULL,1,152,NULL,0,'Refrigerators & Freezers','Холодильники и морозильные камеры','Refrigerators & Freezers','Refrigerators & Freezers'),(153,'Water Heaters',NULL,1,153,NULL,0,'Water Heaters','Водонагреватели','Water Heaters','Water Heaters'),(154,'Water Treatment Appliances',NULL,1,154,NULL,0,'Water Treatment Appliances','Водоочистительные приборы','Water Treatment Appliances','Water Treatment Appliances'),(155,'Wet Towel Dispensers',NULL,1,155,NULL,0,'Wet Towel Dispensers','Диспенсеры влажных салфеток','Wet Towel Dispensers','Wet Towel Dispensers'),(156,'Industry & Business',NULL,1,156,'/images/category/156.png',0,'Industry & Business','Промышленность и бизнес ','Industry & Business','Industry & Business'),(157,'Machinery & Parts',NULL,1,157,NULL,0,'Machinery & Parts','Машины и оборудование','Machinery & Parts','Machinery & Parts'),(158,'Measurement & Analysis Instruments',NULL,1,158,NULL,0,'Measurement & Analysis Instruments','Инструменты измерения и анализа','Measurement & Analysis Instruments','Measurement & Analysis Instruments'),(159,'Packaging & Shipping',NULL,1,159,NULL,0,'Packaging & Shipping','Упаковка и доставка','Packaging & Shipping','Packaging & Shipping'),(160,'Mechanical Parts & Fabrication Services',NULL,1,160,NULL,0,'Mechanical Parts & Fabrication Services','Механические запчасти и изготовление','Mechanical Parts & Fabrication Services','Mechanical Parts & Fabrication Services'),(161,'Textiles & Leather',NULL,1,161,NULL,0,'Textiles & Leather','Текстиль и кожа','Textiles & Leather','Textiles & Leather'),(162,'Rubber & Plastics',NULL,1,162,NULL,0,'Rubber & Plastics','Резина и пластик','Rubber & Plastics','Rubber & Plastics'),(163,'Printing Materials',NULL,1,163,NULL,0,'Printing Materials','Полиграфические материалы','Printing Materials','Printing Materials'),(164,'Jewelry & bijouterie',NULL,1,164,'/images/category/164.png',0,'Jewelry & bijouterie','Ювелирные изделия и Бижутерия','Jewelry & bijouterie','Jewelry & bijouterie'),(165,'Necklaces & Pendants',NULL,1,165,NULL,0,'Necklaces & Pendants','Ожерелья и кулоны','Necklaces & Pendants','Necklaces & Pendants'),(166,'Bracelets & Bangles',NULL,1,166,NULL,0,'Bracelets & Bangles','Браслеты','Bracelets & Bangles','Bracelets & Bangles'),(167,'Rings',NULL,1,167,NULL,0,'Rings','Кольца','Rings','Rings'),(168,'Earrings',NULL,1,168,NULL,0,'Earrings','Серьги','Earrings','Earrings'),(169,'Jewelry Sets',NULL,1,169,NULL,0,'Jewelry Sets','Ювелирные комплекты','Jewelry Sets','Jewelry Sets'),(170,'Charms',NULL,1,170,NULL,0,'Charms','Подвески-талисманы','Charms','Charms'),(171,'Brooches',NULL,1,171,NULL,0,'Brooches','Броши','Brooches','Brooches'),(172,'Body Jewelry',NULL,1,172,NULL,0,'Body Jewelry','Украшения для тела','Body Jewelry','Body Jewelry'),(173,'Hair Jewelry',NULL,1,173,NULL,0,'Hair Jewelry','Украшения для волос','Hair Jewelry','Hair Jewelry'),(174,'Anklets',NULL,1,174,NULL,0,'Anklets','Браслеты для ног','Anklets','Anklets'),(175,'Key Chains',NULL,1,175,NULL,0,'Key Chains','Брелоки','Key Chains','Key Chains'),(176,'Tie Clips & Cufflinks',NULL,1,176,NULL,0,'Tie Clips & Cufflinks','Зажимы для галстуков и запонки','Tie Clips & Cufflinks','Tie Clips & Cufflinks'),(177,'Jewelry Findings',NULL,1,177,NULL,0,'Jewelry Findings','Ювелирная фурнитура','Jewelry Findings','Jewelry Findings'),(178,'Jewelry Packaging',NULL,1,178,NULL,0,'Jewelry Packaging','Упаковка и демонстрация','Jewelry Packaging','Jewelry Packaging'),(179,'Tools & Equipments',NULL,1,179,NULL,0,'Tools & Equipments','Ювелирные инструменты и оборудование','Tools & Equipments','Tools & Equipments'),(180,'Lights & Lighting',NULL,1,180,'/images/category/180.png',0,'Lights & Lighting','Лампы и освещение ','Lights & Lighting','Lights & Lighting'),(181,'LED Lighting',NULL,1,181,NULL,0,'LED Lighting','Светодиодное освещение','LED Lighting','LED Lighting'),(182,'Light Bulbs',NULL,1,182,NULL,0,'Light Bulbs','Электрические лампочки','Light Bulbs','Light Bulbs'),(183,'Lighting Fixtures',NULL,1,183,NULL,0,'Lighting Fixtures','Внутреннее освещение','Lighting Fixtures','Lighting Fixtures'),(184,'Outdoor Lighting',NULL,1,184,NULL,0,'Outdoor Lighting','Уличное освещение','Outdoor Lighting','Outdoor Lighting'),(185,'Portable Lighting',NULL,1,185,NULL,0,'Portable Lighting','Портативное освещение','Portable Lighting','Portable Lighting'),(186,'Novelty Lighting',NULL,1,186,NULL,0,'Novelty Lighting','Оригинальное освещение','Novelty Lighting','Novelty Lighting'),(187,'Holiday Lighting',NULL,1,187,NULL,0,'Holiday Lighting','Праздничное освещение','Holiday Lighting','Holiday Lighting'),(188,'Business & Industry Lights',NULL,1,188,NULL,0,'Business & Industry Lights','Промышленное освещение','Business & Industry Lights','Business & Industry Lights'),(189,'Lighting Accessories',NULL,1,189,NULL,0,'Lighting Accessories','Осветительные аксессуары','Lighting Accessories','Lighting Accessories'),(190,'Other Lights & Lighting Products',NULL,1,190,NULL,0,'Other Lights & Lighting Products','Прочие осветительные товары','Other Lights & Lighting Products','Other Lights & Lighting Products'),(191,'Luggage & Bags',NULL,1,191,'/images/category/191.png',0,'Luggage & Bags','Сумки и чемоданы ','Luggage & Bags','Luggage & Bags'),(192,'Backpacks',NULL,1,192,NULL,0,'Backpacks','Рюкзаки','Backpacks','Backpacks'),(193,'Briefcases',NULL,1,193,NULL,0,'Briefcases','Портфели','Briefcases','Briefcases'),(194,'Shoulder Bags',NULL,1,194,NULL,0,'Shoulder Bags','Сумки на ремне ','Shoulder Bags','Shoulder Bags'),(195,'Clutches Wallets & Holders',NULL,1,195,NULL,0,'Clutches Wallets & Holders','Портмоне Кошельки и визитницы','Clutches Wallets & Holders','Clutches Wallets & Holders'),(196,'Totes',NULL,1,196,NULL,0,'Totes','Сумки','Totes','Totes'),(197,'Evening Bags',NULL,1,197,NULL,0,'Evening Bags','Клатч','Evening Bags','Evening Bags'),(198,'Messenger Bags',NULL,1,198,NULL,0,'Messenger Bags','Сумки через плечо','Messenger Bags','Messenger Bags'),(199,'Waist Packs',NULL,1,199,NULL,0,'Waist Packs','Сумки на пояс','Waist Packs','Waist Packs'),(200,'Cosmetic Bags & Cases',NULL,1,200,NULL,0,'Cosmetic Bags & Cases','Косметички','Cosmetic Bags & Cases','Cosmetic Bags & Cases'),(201,'School Bags',NULL,1,201,NULL,0,'School Bags','Школьные сумки ','School Bags','School Bags'),(202,'Shopping Bags',NULL,1,202,NULL,0,'Shopping Bags','Сумки для походов за покпками','Shopping Bags','Shopping Bags'),(203,'Diaper Bags',NULL,1,203,NULL,0,'Diaper Bags','Специальные сумки','Diaper Bags','Diaper Bags'),(204,'Instrument Bags & Cases',NULL,1,204,NULL,0,'Instrument Bags & Cases','Сумки для музыкальных инструментов','Instrument Bags & Cases','Instrument Bags & Cases'),(205,'Luggage & Travel Bags',NULL,1,205,NULL,0,'Luggage & Travel Bags','Багаж и дорожные сумки','Luggage & Travel Bags','Luggage & Travel Bags'),(206,'Travel Accessories',NULL,1,206,NULL,0,'Travel Accessories','Туристические товары','Travel Accessories','Travel Accessories'),(207,'Sports & Leisure Bags',NULL,1,207,NULL,0,'Sports & Leisure Bags','Сумки для спорта и отдыха','Sports & Leisure Bags','Sports & Leisure Bags'),(208,'Bag Parts & Accessories',NULL,1,208,NULL,0,'Bag Parts & Accessories','Запчасти и аксессуары для сумок','Bag Parts & Accessories','Bag Parts & Accessories'),(209,'Office & School Supplies',NULL,1,209,'/images/category/209.png',0,'Office & School Supplies','Офисные и школьные принадлежности ','Office & School Supplies','Office & School Supplies'),(210,'Art Supplies',NULL,1,210,NULL,0,'Art Supplies','Товары для художников','Art Supplies','Art Supplies'),(211,'Badge Holder & Accessories',NULL,1,211,NULL,0,'Badge Holder & Accessories','Бейджи и аксессуары','Badge Holder & Accessories','Badge Holder & Accessories'),(212,'School and office boards',NULL,1,212,NULL,0,'School and office boards','Классные и офисные доски','School and office boards','School and office boards'),(213,'Book Cover',NULL,1,213,NULL,0,'Book Cover','Обложки для книг','Book Cover','Book Cover'),(214,'Books',NULL,1,214,NULL,0,'Books','Книги','Books','Books'),(215,'Calculator',NULL,1,215,NULL,0,'Calculator','Калькуляторы','Calculator','Calculator'),(216,'Calendar',NULL,1,216,NULL,0,'Calendar','Календари','Calendar','Calendar'),(217,'Clipboard',NULL,1,217,NULL,0,'Clipboard','Планшеты ','Clipboard','Clipboard'),(218,'Correction Supplies',NULL,1,218,NULL,0,'Correction Supplies','Корректирующие принадлежности','Correction Supplies','Correction Supplies'),(219,'Desk Organizer',NULL,1,219,NULL,0,'Desk Organizer','Настольные товары и органайзеры','Desk Organizer','Desk Organizer'),(220,'Drafting Supplies',NULL,1,220,NULL,0,'Drafting Supplies','Принадлежности для черчения','Drafting Supplies','Drafting Supplies'),(221,'Easels',NULL,1,221,NULL,0,'Easels','Мольберты','Easels','Easels'),(222,'Education Supplies',NULL,1,222,NULL,0,'Education Supplies','Товары для школы','Education Supplies','Education Supplies'),(223,'Educational Supplies',NULL,1,223,NULL,0,'Educational Supplies','Учебные пособия ','Educational Supplies','Educational Supplies'),(224,'Filing Products',NULL,1,224,NULL,0,'Filing Products','Хранение документов','Filing Products','Filing Products'),(225,'Letter Pad & Paper',NULL,1,225,NULL,0,'Letter Pad & Paper','Бумага для писем','Letter Pad & Paper','Letter Pad & Paper'),(226,'Magazines',NULL,1,226,NULL,0,'Magazines','Журналы','Magazines','Magazines'),(227,'Map',NULL,1,227,NULL,0,'Map','Карты','Map','Map'),(228,'Markers & Highlighters',NULL,1,228,NULL,0,'Markers & Highlighters','Маркеры','Markers & Highlighters','Markers & Highlighters'),(229,'Notebooks & Writing Pads',NULL,1,229,NULL,0,'Notebooks & Writing Pads','Записные книжки и блокноты','Notebooks & Writing Pads','Notebooks & Writing Pads'),(230,'Office & School Supplies Agents',NULL,1,230,NULL,0,'Office & School Supplies Agents','Офисные и Школьные принадлежности','Office & School Supplies Agents','Office & School Supplies Agents'),(231,'Office Adhesives & Tapes',NULL,1,231,NULL,0,'Office Adhesives & Tapes','Клеи и скотч','Office Adhesives & Tapes','Office Adhesives & Tapes'),(232,'Office Binding Supplies',NULL,1,232,NULL,0,'Office Binding Supplies','Скрепки и зажимы','Office Binding Supplies','Office Binding Supplies'),(233,'Office Cutting Supplies',NULL,1,233,NULL,0,'Office Cutting Supplies','Режущие инструменты','Office Cutting Supplies','Office Cutting Supplies'),(234,'Office Equipment',NULL,1,234,NULL,0,'Office Equipment','Офисная электроника','Office Equipment','Office Equipment'),(235,'Office Paper',NULL,1,235,NULL,0,'Office Paper','Бумага','Office Paper','Office Paper'),(236,'Other Office & School Supplies',NULL,1,236,NULL,0,'Other Office & School Supplies','Прочие канцелярские товары','Other Office & School Supplies','Other Office & School Supplies'),(237,'Paper Envelopes',NULL,1,237,NULL,0,'Paper Envelopes','Бумажные конверты','Paper Envelopes','Paper Envelopes'),(238,'Pencil Cases & Bags',NULL,1,238,NULL,0,'Pencil Cases & Bags','Пеналы','Pencil Cases & Bags','Pencil Cases & Bags'),(239,'Pencil Sharpeners',NULL,1,239,NULL,0,'Pencil Sharpeners','Точилки для карандашей','Pencil Sharpeners','Pencil Sharpeners'),(240,'Pens, Pencils & Writing Supplies',NULL,1,240,NULL,0,'Pens, Pencils & Writing Supplies','Ручки и карандаши','Pens, Pencils & Writing Supplies','Pens, Pencils & Writing Supplies'),(241,'Printer Supplies',NULL,1,241,NULL,0,'Printer Supplies','Материалы для принтера','Printer Supplies','Printer Supplies'),(242,'Stamps',NULL,1,242,NULL,0,'Stamps','Печати и штампы','Stamps','Stamps'),(243,'Stationery Set',NULL,1,243,NULL,0,'Stationery Set','Канцелярские наборы','Stationery Set','Stationery Set'),(244,'Stencils',NULL,1,244,NULL,0,'Stencils','Трафареты ','Stencils','Stencils'),(245,'Writing Accessories',NULL,1,245,NULL,0,'Writing Accessories','Принадлежности для письма ','Writing Accessories','Writing Accessories'),(246,'Phones & Telecommunications',NULL,1,246,'/images/category/246.png',0,'Phones & Telecommunications','Телефоны и телекоммуникации ','Phones & Telecommunications','Phones & Telecommunications'),(247,'Mobile Phones',NULL,1,247,NULL,0,'Mobile Phones','Мобильные телефоны','Mobile Phones','Mobile Phones'),(248,'Telephones',NULL,1,248,NULL,0,'Telephones','Стационарные телефоны','Telephones','Telephones'),(249,'Walkie Talkie',NULL,1,249,NULL,0,'Walkie Talkie','Рации','Walkie Talkie','Walkie Talkie'),(250,'Phone Bags & Cases',NULL,1,250,NULL,0,'Phone Bags & Cases','Мобильные аксессуары','Phone Bags & Cases','Phone Bags & Cases'),(251,'Parts',NULL,1,251,NULL,0,'Parts','Запчасти для телефонов','Parts','Parts'),(252,'Communication Equipment',NULL,1,252,NULL,0,'Communication Equipment','Коммуникационное оборудование','Communication Equipment','Communication Equipment'),(253,'Sports & Entertainment',NULL,1,253,'/images/category/253.png',0,'Sports & Entertainment','Спорт и развлечения ','Sports & Entertainment','Sports & Entertainment'),(254,'Sports Clothing',NULL,1,254,NULL,0,'Sports Clothing','Спортивная одежда ','Sports Clothing','Sports Clothing'),(255,'Soccer',NULL,1,255,NULL,0,'Soccer','Футбольная форма','Soccer','Soccer'),(256,'Basketball',NULL,1,256,NULL,0,'Basketball','Баскетбол','Basketball','Basketball'),(257,'America Football',NULL,1,257,NULL,0,'America Football','Американский футбол','America Football','America Football'),(258,'Cycling',NULL,1,258,NULL,0,'Cycling','Велоспорт ','Cycling','Cycling'),(259,'Fishing',NULL,1,259,NULL,0,'Fishing','Рыбалка','Fishing','Fishing'),(260,'Hunting',NULL,1,260,NULL,0,'Hunting','Охота','Hunting','Hunting'),(261,'Camping & Hiking',NULL,1,261,NULL,0,'Camping & Hiking','Туризм и кемпинг','Camping & Hiking','Camping & Hiking'),(262,'Fitness & Body Building',NULL,1,262,NULL,0,'Fitness & Body Building','Фитнес и бодибилдинг','Fitness & Body Building','Fitness & Body Building'),(263,'Running',NULL,1,263,NULL,0,'Running','Бег','Running','Running'),(264,'Racquet Sports',NULL,1,264,NULL,0,'Racquet Sports','Спортивные игры с ракетками','Racquet Sports','Racquet Sports'),(265,'Golf',NULL,1,265,NULL,0,'Golf','Гольф ','Golf','Golf'),(266,'Ice Hockey',NULL,1,266,NULL,0,'Ice Hockey','Хоккей с шайбой','Ice Hockey','Ice Hockey'),(267,'Baseball & Softball',NULL,1,267,NULL,0,'Baseball & Softball','Бейсбол и софтбол','Baseball & Softball','Baseball & Softball'),(268,'Rugby',NULL,1,268,NULL,0,'Rugby','Регби ','Rugby','Rugby'),(269,'Valleyball',NULL,1,269,NULL,0,'Valleyball','Волейбол','Valleyball','Valleyball'),(270,'Horse Racing',NULL,1,270,NULL,0,'Horse Racing','Конный спорт','Horse Racing','Horse Racing'),(271,'Shooting',NULL,1,271,NULL,0,'Shooting','Стрельба','Shooting','Shooting'),(272,'Skiing & Snowboarding',NULL,1,272,NULL,0,'Skiing & Snowboarding','Лыжи и сноуборд','Skiing & Snowboarding','Skiing & Snowboarding'),(273,'Roller,Skate board & Scooters',NULL,1,273,NULL,0,'Roller,Skate board & Scooters','Скейтборды, роликовые коньки','Roller,Skate board & Scooters','Roller,Skate board & Scooters'),(274,'Sports Safety',NULL,1,274,NULL,0,'Sports Safety','Наколенники и ленты безопасности','Sports Safety','Sports Safety'),(275,'Water Sports',NULL,1,275,NULL,0,'Water Sports','Водный спорт','Water Sports','Water Sports'),(276,'Musical Instruments',NULL,1,276,NULL,0,'Musical Instruments','Музыкальные инструменты','Musical Instruments','Musical Instruments'),(277,'Cheerleading & Souvenirs',NULL,1,277,NULL,0,'Cheerleading & Souvenirs','Сувениры и брелоки','Cheerleading & Souvenirs','Cheerleading & Souvenirs'),(278,'Entertainment',NULL,1,278,NULL,0,'Entertainment','Игры и развлечения','Entertainment','Entertainment'),(279,'Other Sports & Entertainment Products',NULL,1,279,NULL,0,'Other Sports & Entertainment Products','Другие виды спорта и развлечения ','Other Sports & Entertainment Products','Other Sports & Entertainment Products'),(280,'Toys & Hobbies',NULL,1,280,'/images/category/280.png',0,'Toys & Hobbies','Игрушки и хобби ','Toys & Hobbies','Toys & Hobbies'),(281,'Remote Control',NULL,1,281,NULL,0,'Remote Control','Игрушки с дистанционным управлением','Remote Control','Remote Control'),(282,'Action & Toy Figure',NULL,1,282,NULL,0,'Action & Toy Figure','Игрушечные фигурки','Action & Toy Figure','Action & Toy Figure'),(283,'Baby Toys',NULL,1,283,NULL,0,'Baby Toys','Игрушки для малышей','Baby Toys','Baby Toys'),(284,'Dolls & Accessories',NULL,1,284,NULL,0,'Dolls & Accessories','Куклы и аксессуары','Dolls & Accessories','Dolls & Accessories'),(285,'Electronic Toys',NULL,1,285,NULL,0,'Electronic Toys','Электронные игрушки','Electronic Toys','Electronic Toys'),(286,'Learning & Education',NULL,1,286,NULL,0,'Learning & Education','Обучение и образование','Learning & Education','Learning & Education'),(287,'Diecasts & Toy Vehicles',NULL,1,287,NULL,0,'Diecasts & Toy Vehicles','Игрушечный транспорт','Diecasts & Toy Vehicles','Diecasts & Toy Vehicles'),(288,'Soft & Plush Toys',NULL,1,288,NULL,0,'Soft & Plush Toys','Мягкие игрушки','Soft & Plush Toys','Soft & Plush Toys'),(289,'Classic Toys',NULL,1,289,NULL,0,'Classic Toys','Классические игрушки','Classic Toys','Classic Toys'),(290,'Models & Building Toy',NULL,1,290,NULL,0,'Models & Building Toy','Фигурки и конструкторы','Models & Building Toy','Models & Building Toy'),(291,'Novelty & Gag Toys',NULL,1,291,NULL,0,'Novelty & Gag Toys','Необычные игрушки и приколы','Novelty & Gag Toys','Novelty & Gag Toys'),(292,'Pretend Play',NULL,1,292,NULL,0,'Pretend Play','Ролевые игры','Pretend Play','Pretend Play'),(293,'Outdoor Play',NULL,1,293,NULL,0,'Outdoor Play','Уличный спорт и развлечения','Outdoor Play','Outdoor Play'),(294,'Ride On Toy',NULL,1,294,NULL,0,'Ride On Toy','Ездовые игрушки','Ride On Toy','Ride On Toy'),(295,'Other Toys & Hobbies',NULL,1,295,NULL,0,'Other Toys & Hobbies','Другие игрушки и Хобби ','Other Toys & Hobbies','Other Toys & Hobbies'),(296,'Watches',NULL,1,296,'/images/category/296.png',0,'Watches','Часы ','Watches','Watches'),(297,'Desktop and alarm clocks',NULL,1,297,NULL,0,'Desktop and alarm clocks','Настольные часы и будильники','Desktop and alarm clocks','Desktop and alarm clocks'),(298,'Wall clocks',NULL,1,298,NULL,0,'Wall clocks','Настенные часы','Wall clocks','Wall clocks'),(299,'Wristwatches',NULL,1,299,NULL,0,'Wristwatches','Наручные часы','Wristwatches','Wristwatches'),(300,'Pocket & Fob Watches',NULL,1,300,NULL,0,'Pocket & Fob Watches','Карманные часы и брелоки','Pocket & Fob Watches','Pocket & Fob Watches'),(301,'Watch Accessories',NULL,1,301,NULL,0,'Watch Accessories','Аксессуары для часов','Watch Accessories','Watch Accessories'),(302,'Food',NULL,1,302,'/images/category/302.png',0,'Food','Продукты питания','Food','Food'),(303,'Coffee',NULL,1,303,NULL,0,'Coffee','Кофе ','Coffee','Coffee'),(304,'Tea',NULL,1,304,NULL,0,'Tea','Чай ','Tea','Tea'),(305,'Drinks',NULL,1,305,NULL,0,'Drinks','Напитки','Drinks','Drinks'),(306,'Fruits and vegetables ',NULL,1,306,NULL,0,'Fruits and vegetables ','Овощи фрукты','Fruits and vegetables ','Fruits and vegetables '),(307,'Agricultural products',NULL,1,307,NULL,0,'Agricultural products','Аграрная продукция','Agricultural products','Agricultural products'),(308,'semi-finished goods',NULL,1,308,NULL,0,'semi-finished goods','Полуфабрикаты','semi-finished goods','semi-finished goods'),(309,'Meat, Fish, Poultry',NULL,1,309,NULL,0,'Meat, Fish, Poultry','Мясо Рыба Птица','Meat, Fish, Poultry','Meat, Fish, Poultry'),(310,'Canned food',NULL,1,310,NULL,0,'Canned food','Консервы','Canned food','Canned food'),(311,'Nutritional Supplements',NULL,1,311,NULL,0,'Nutritional Supplements','Пищевые добавки','Nutritional Supplements','Nutritional Supplements'),(312,'Food raw materials',NULL,1,312,NULL,0,'Food raw materials','Пищевое сырье','Food raw materials','Food raw materials'),(313,'Bread and bakery products',NULL,1,313,NULL,0,'Bread and bakery products','Хлеб и хлебобулочные изделия','Bread and bakery products','Bread and bakery products'),(314,'Ready food',NULL,1,314,NULL,0,'Ready food','Готовая еда','Ready food','Ready food'),(315,'Fast food',NULL,1,315,NULL,0,'Fast food','Быстрая еда и еда быстрого приготовления','Fast food','Fast food'),(316,'confectionery',NULL,1,316,NULL,0,'confectionery','Кондитерские изделия','confectionery','confectionery'),(317,'National cuisine',NULL,1,317,NULL,0,'National cuisine','Национальная кухня','National cuisine','National cuisine'),(318,'Gifts & Crafts',NULL,1,318,'/images/category/318.png',0,'Gifts & Crafts','Подарки, творчество, праздник','Gifts & Crafts','Gifts & Crafts'),(319,'Souvenirs',NULL,1,319,NULL,0,'Souvenirs','Сувениры','Souvenirs','Souvenirs'),(320,'Figurines',NULL,1,320,NULL,0,'Figurines','Статуэтки','Figurines','Figurines'),(321,'Pictures',NULL,1,321,NULL,0,'Pictures','Картины','Pictures','Pictures'),(322,'Vases',NULL,1,322,NULL,0,'Vases','Вазы','Vases','Vases'),(323,'Artificial flowers',NULL,1,323,NULL,0,'Artificial flowers','Цветы искусственные','Artificial flowers','Artificial flowers'),(324,'Natural flowers',NULL,1,324,NULL,0,'Natural flowers','Цветы живые','Natural flowers','Natural flowers'),(325,'Art supplies',NULL,1,325,NULL,0,'Art supplies','товары для творчества','Art supplies','Art supplies'),(326,'Costumes for holiday',NULL,1,326,NULL,0,'Costumes for holiday','Костюмы для праздника','Costumes for holiday','Costumes for holiday'),(327,'Decorations for holidays',NULL,1,327,NULL,0,'Decorations for holidays','Обустройство праздника','Decorations for holidays','Decorations for holidays'),(328,'Gifts',NULL,1,328,NULL,0,'Gifts','Подарки','Gifts','Gifts'),(329,'Orchard and garden',NULL,1,329,'/images/category/329.png',0,'Orchard and garden','Сад и огород','Orchard and garden','Orchard and garden'),(330,'Garden hand tool',NULL,1,330,NULL,0,'Garden hand tool','Садовый ручной инструмент','Garden hand tool','Garden hand tool'),(331,'Garden power tools',NULL,1,331,NULL,0,'Garden power tools','Сэдовый электроиструмент','Garden power tools','Garden power tools'),(332,'Irrigation',NULL,1,332,NULL,0,'Irrigation','Все для полива','Irrigation','Irrigation'),(333,'Garden lighting',NULL,1,333,NULL,0,'Garden lighting','Садовое освещение','Garden lighting','Garden lighting'),(334,'Plants, seedlings and seeds',NULL,1,334,NULL,0,'Plants, seedlings and seeds','Растения, саженцы и семена','Plants, seedlings and seeds','Plants, seedlings and seeds'),(335,'Garden services',NULL,1,335,NULL,0,'Garden services','Садовые услуги','Garden services','Garden services'),(336,'Garden decoration',NULL,1,336,NULL,0,'Garden decoration','Садовый декор','Garden decoration','Garden decoration'),(337,'Finishing materials',NULL,1,337,'/images/category/337.png',0,'Finishing materials','Отделочные материалы','Finishing materials','Finishing materials'),(338,'Tile',NULL,1,338,NULL,0,'Tile','Плитка ','Tile','Tile'),(339,'Parquet and laminate flooring',NULL,1,339,NULL,0,'Parquet and laminate flooring','Паркет ламинат','Parquet and laminate flooring','Parquet and laminate flooring'),(340,'Carpets and Rugs',NULL,1,340,NULL,0,'Carpets and Rugs','Ковры и ковровые покрытия','Carpets and Rugs','Carpets and Rugs'),(341,'Linoleum',NULL,1,341,NULL,0,'Linoleum','Линолиум','Linoleum','Linoleum'),(342,'Wallpapers and wall decoration',NULL,1,342,NULL,0,'Wallpapers and wall decoration','Обои и отделка стен','Wallpapers and wall decoration','Wallpapers and wall decoration'),(343,'Ceiling',NULL,1,343,NULL,0,'Ceiling','Потолок','Ceiling','Ceiling'),(344,'Windows, doors',NULL,1,344,NULL,0,'Windows, doors','Окна Двери ','Windows, doors','Windows, doors'),(345,'Sanitary engineering',NULL,1,345,NULL,0,'Sanitary engineering','Сантехника','Sanitary engineering','Sanitary engineering'),(346,'Construction and Repair',NULL,1,346,'/images/category/346.png',0,'Construction and Repair','Строительство и ремонт','Construction and Repair','Construction and Repair'),(347,'Building materials',NULL,1,347,NULL,0,'Building materials','Строительные материалы','Building materials','Building materials'),(348,'Heat insulation and insulation',NULL,1,348,NULL,0,'Heat insulation and insulation','Утеплители и изоляция','Heat insulation and insulation','Heat insulation and insulation'),(349,'Hand power tools',NULL,1,349,NULL,0,'Hand power tools','Ручной электроинструмент','Hand power tools','Hand power tools'),(350,'Construction equipment and machinery',NULL,1,350,NULL,0,'Construction equipment and machinery','Строительное оборудование и техника','Construction equipment and machinery','Construction equipment and machinery'),(351,'Roofing',NULL,1,351,NULL,0,'Roofing','Кровля','Roofing','Roofing'),(352,'faсade',NULL,1,352,NULL,0,'faсade','Фасад','faсade','faсade'),(353,'The apparatus floor',NULL,1,353,NULL,0,'The apparatus floor','Устройство пола','The apparatus floor','The apparatus floor'),(354,'Device wall',NULL,1,354,NULL,0,'Device wall','Устройство стен','Device wall','Device wall'),(355,'Device ceiling',NULL,1,355,NULL,0,'Device ceiling','устройство потолка','Device ceiling','Device ceiling'),(356,'Ventilation and air conditioning equipment',NULL,1,356,NULL,0,'Ventilation and air conditioning equipment','Вентиляция и климатическая техника','Ventilation and air conditioning equipment','Ventilation and air conditioning equipment'),(357,'Heating',NULL,1,357,NULL,0,'Heating','Отопление и подогрев','Heating','Heating'),(358,'Water supply and water system equipment',NULL,1,358,NULL,0,'Water supply and water system equipment','Водоснабжение и водоподготовка','Water supply and water system equipment','Water supply and water system equipment'),(359,'canalisation',NULL,1,359,NULL,0,'canalisation','Канализация','canalisation','canalisation'),(360,'Food Delivery',NULL,1,360,'/images/category/360.png',0,'Food Delivery','Доставка готовой еды','Food Delivery','Food Delivery'),(361,'Cafes, bars, restaurants',NULL,1,361,'/images/category/361.png',0,'Cafes, bars, restaurants','Кафе бары рестораны','Cafes, bars, restaurants','Cafes, bars, restaurants'),(362,'Baguette, painting, workshops',NULL,1,362,'/images/category/362.png',0,'Baguette, painting, workshops','Багет картины мастерские','Baguette, painting, workshops','Baguette, painting, workshops'),(363,'Framing Workshop',NULL,1,363,NULL,0,'Framing Workshop','Багетные мастерские','Framing Workshop','Framing Workshop'),(364,'Equipment baguette workshops',NULL,1,364,NULL,0,'Equipment baguette workshops','Оборудование для багетных мастерских','Equipment baguette workshops','Equipment baguette workshops'),(365,'Baguette, moulding',NULL,1,365,NULL,0,'Baguette, moulding','Багет','Baguette, moulding','Baguette, moulding'),(366,'Accessories and spare parts',NULL,1,366,NULL,0,'Accessories and spare parts','Комлектующие и запчасти','Accessories and spare parts','Accessories and spare parts'),(367,'Wall pictures, Puctures',NULL,1,367,NULL,0,'Wall pictures, Puctures','Картины','Wall pictures, Puctures','Wall pictures, Puctures'),(368,'Photo frame',NULL,1,368,NULL,0,'Photo frame','Фоторамки','Photo frame','Photo frame'),(369,'Mirrors',NULL,1,369,NULL,0,'Mirrors','Зеркала','Mirrors','Mirrors'),(370,'Safety and Security',NULL,1,370,'/images/category/370.png',0,'Safety and Security','Безопасность и охрана','Safety and Security','Safety and Security'),(371,'Shoe Accessories',NULL,1,371,NULL,0,'Shoe Accessories','Аксессуары для обуви','Shoe Accessories','Shoe Accessories'),(372,'Bathroom Products',NULL,1,372,NULL,0,'Bathroom Products','Товары для ванной','Bathroom Products','Bathroom Products');
/*!40000 ALTER TABLE `category` ENABLE KEYS */;
UNLOCK TABLES;

--
-- Table structure for table `category_parent`
--

DROP TABLE IF EXISTS `category_parent`;
/*!40101 SET @saved_cs_client     = @@character_set_client */;
/*!40101 SET character_set_client = utf8 */;
CREATE TABLE `category_parent` (
  `id` int(11) NOT NULL,
  `category_id` int(11) NOT NULL DEFAULT '0',
  PRIMARY KEY (`id`,`category_id`),
  KEY `category_id` (`category_id`),
  KEY `id` (`id`)
) ENGINE=MyISAM DEFAULT CHARSET=utf8;
/*!40101 SET character_set_client = @saved_cs_client */;

--
-- Dumping data for table `category_parent`
--

LOCK TABLES `category_parent` WRITE;
/*!40000 ALTER TABLE `category_parent` DISABLE KEYS */;
INSERT INTO `category_parent` VALUES (1,0),(2,1),(2,23),(3,1),(3,23),(4,1),(4,23),(5,1),(5,23),(6,1),(7,1),(8,0),(9,8),(9,23),(10,8),(11,8),(12,8),(12,253),(13,8),(14,0),(15,14),(15,56),(16,14),(17,14),(18,14),(19,14),(20,14),(21,14),(22,14),(23,0),(24,23),(25,23),(26,23),(27,23),(28,23),(29,23),(30,0),(31,30),(32,30),(33,30),(34,30),(35,30),(36,30),(37,30),(38,30),(39,30),(40,30),(41,30),(42,30),(43,30),(44,30),(45,30),(46,30),(47,30),(48,0),(49,48),(50,48),(51,48),(52,48),(53,48),(54,48),(55,48),(56,0),(57,56),(58,56),(59,56),(60,56),(61,56),(62,56),(63,56),(64,0),(65,64),(66,64),(67,64),(68,64),(69,64),(70,64),(71,64),(72,64),(73,64),(74,64),(75,64),(76,64),(77,64),(78,64),(79,64),(80,64),(81,64),(82,64),(83,64),(84,64),(85,64),(87,0),(88,87),(89,87),(90,87),(91,87),(92,87),(93,87),(94,87),(95,87),(96,87),(97,87),(98,87),(99,87),(100,0),(101,100),(102,100),(103,100),(104,100),(105,100),(106,100),(107,100),(108,100),(109,100),(110,100),(111,100),(112,100),(113,100),(114,100),(114,329),(115,100),(116,100),(117,100),(118,100),(119,100),(120,100),(121,0),(122,121),(123,121),(124,121),(125,121),(126,121),(127,121),(128,121),(129,121),(130,121),(131,121),(132,121),(132,180),(133,121),(134,0),(135,134),(136,134),(137,134),(138,134),(139,134),(140,134),(141,0),(142,141),(143,142),(144,143),(145,144),(146,145),(147,146),(148,147),(149,148),(150,149),(151,150),(152,151),(153,152),(154,153),(155,154),(156,0),(157,156),(158,156),(159,156),(160,156),(161,156),(162,156),(163,156),(164,0),(165,164),(166,164),(167,164),(168,164),(169,164),(170,164),(171,164),(172,164),(173,164),(174,164),(175,164),(176,164),(177,164),(178,164),(179,164),(180,0),(181,180),(182,180),(183,180),(184,180),(185,180),(186,180),(187,180),(188,180),(189,180),(190,180),(191,0),(192,191),(193,191),(194,191),(195,191),(196,191),(197,191),(198,191),(199,191),(200,191),(201,191),(202,191),(203,191),(204,191),(205,191),(206,191),(207,191),(208,191),(209,0),(210,209),(211,209),(212,209),(213,209),(214,209),(215,209),(216,209),(217,209),(218,209),(219,209),(220,209),(221,209),(222,209),(223,209),(224,209),(225,209),(226,209),(227,209),(228,209),(229,209),(230,209),(231,209),(232,209),(233,209),(234,209),(235,209),(236,209),(237,209),(238,209),(239,209),(240,209),(241,209),(242,209),(243,209),(244,209),(245,209),(246,0),(247,246),(248,246),(249,246),(250,246),(251,246),(252,246),(253,0),(254,253),(255,253),(256,253),(257,253),(258,253),(259,253),(260,253),(261,253),(262,253),(263,253),(264,253),(265,253),(266,253),(267,253),(268,253),(269,253),(270,253),(271,253),(272,253),(273,253),(274,253),(275,253),(276,253),(277,253),(278,253),(279,253),(280,0),(281,280),(282,280),(283,280),(284,280),(285,280),(286,280),(287,280),(288,280),(289,280),(290,280),(291,280),(292,280),(293,280),(294,280),(295,280),(296,0),(297,296),(298,296),(299,296),(300,296),(301,296),(302,0),(303,302),(304,302),(305,302),(306,302),(307,302),(308,302),(309,302),(310,302),(311,302),(312,302),(313,302),(314,302),(315,302),(316,302),(317,302),(318,0),(319,318),(320,318),(321,318),(322,318),(323,318),(324,318),(325,318),(326,318),(327,318),(328,318),(329,0),(330,329),(331,329),(332,329),(333,329),(334,329),(335,329),(336,329),(337,0),(338,337),(339,337),(340,337),(341,337),(342,337),(343,337),(344,337),(345,337),(346,0),(347,346),(348,346),(349,346),(350,346),(351,346),(352,346),(353,346),(354,346),(355,346),(356,346),(357,346),(358,346),(359,346),(360,0),(361,0),(362,0),(363,362),(364,362),(365,362),(366,362),(367,362),(368,362),(369,362),(370,0),(371,8),(372,134);
/*!40000 ALTER TABLE `category_parent` ENABLE KEYS */;
UNLOCK TABLES;

--
-- Table structure for table `category_product`
--

DROP TABLE IF EXISTS `category_product`;
/*!40101 SET @saved_cs_client     = @@character_set_client */;
/*!40101 SET character_set_client = utf8 */;
CREATE TABLE `category_product` (
  `product_id` int(11) NOT NULL,
  `category_id` int(11) NOT NULL,
  `shop_id` int(11) DEFAULT NULL,
  KEY `product_id` (`product_id`),
  KEY `category_id` (`category_id`),
  KEY `shop_id` (`shop_id`)
) ENGINE=MyISAM DEFAULT CHARSET=utf8;
/*!40101 SET character_set_client = @saved_cs_client */;

--
-- Dumping data for table `category_product`
--

LOCK TABLES `category_product` WRITE;
/*!40000 ALTER TABLE `category_product` DISABLE KEYS */;
INSERT INTO `category_product` VALUES (20,15,0),(17,14,0),(20,14,0),(20,13,0),(17,13,0),(17,1,0),(45,1,0),(45,13,0),(16,14,0),(16,13,0),(1066,13,NULL),(1066,14,NULL),(1067,14,0),(1067,13,0),(1068,13,0),(1068,14,0),(2556123,13,NULL);
/*!40000 ALTER TABLE `category_product` ENABLE KEYS */;
UNLOCK TABLES;

--
-- Table structure for table `comment`
--

DROP TABLE IF EXISTS `comment`;
/*!40101 SET @saved_cs_client     = @@character_set_client */;
/*!40101 SET character_set_client = utf8 */;
CREATE TABLE `comment` (
  `id` int(11) NOT NULL AUTO_INCREMENT,
  `object_id` int(11) NOT NULL,
  `object_name` varchar(80) NOT NULL,
  `text` text,
  `replyto_id` int(11) DEFAULT NULL,
  `time` int(11) DEFAULT NULL,
  `status` enum('new','deleted') DEFAULT NULL,
  `person_id` int(11) NOT NULL,
  PRIMARY KEY (`id`),
  KEY `object_id` (`object_id`,`object_name`),
  KEY `status` (`status`),
  KEY `person_id` (`person_id`)
) ENGINE=MyISAM AUTO_INCREMENT=261 DEFAULT CHARSET=utf8;
/*!40101 SET character_set_client = @saved_cs_client */;

--
-- Dumping data for table `comment`
--

LOCK TABLES `comment` WRITE;
/*!40000 ALTER TABLE `comment` DISABLE KEYS */;
INSERT INTO `comment` VALUES (108,120,'messages','',0,0,'deleted',13),(109,120,'messages','',0,0,'deleted',13),(110,122,'messages','АгА',0,1363150694,'new',13),(111,122,'messages','Агась',0,1363151505,'new',14),(112,122,'messages','',0,0,'deleted',14),(113,124,'messages','jhgjhfj',0,1363152076,'new',12),(114,124,'messages','kjhjkhk',0,1363152080,'new',12),(115,124,'messages','kjhjkjhkj',0,1363152091,'new',12),(116,124,'messages','kljhjkhkj',0,1363152095,'new',12),(117,124,'messages','',0,0,'deleted',12),(118,122,'messages','Слет пенгвинов',0,1363192151,'new',14),(119,122,'messages','',0,0,'deleted',14),(120,124,'messages','',0,0,'deleted',12),(121,122,'messages','Вот это я понимаю Нихао',0,1363321701,'new',14),(122,127,'messages','А также там был и другой вид транспорта!',0,1363322332,'new',14),(123,127,'messages','Или так',0,1363322458,'new',14),(124,127,'messages','',0,0,'deleted',13),(125,125,'messages','6846435497654163',0,1363325270,'new',14),(126,125,'messages','53412.1684',0,1363325280,'new',14),(127,125,'messages','68612321.0.',0,1363325290,'new',14),(128,121,'messages','uoihkjjklguyjh',0,1363325298,'new',14),(129,121,'messages','hfyrdghfcnbkuuy',0,1363325304,'new',14),(130,121,'messages','bhgukyfrytxo;iily',0,1363325311,'new',14),(131,127,'messages','',0,0,'deleted',14),(132,127,'messages','',0,0,'deleted',14),(133,132,'messages','Поломалось прикрепление фото во время комментирования новости! в Crome точно а в других не знаю!\nГлянешь?',0,1364053601,'new',14),(134,132,'messages','Вот сейчас отображение новости приобретает отличный вид, еще пару штрихов у можно любым инвесторам показывать!',0,1364053663,'new',14),(135,135,'messages','Шикарно подобранные фото, просто шикарно!\nГлянул и опять захотелось туда!\nЗря завтра не едешь - тоже красиво будет!\n',0,1364057282,'new',14),(136,134,'messages','это пробная чтоли?',0,1364057344,'new',14),(137,135,'messages','да я бы с радостью... ты же знаешь. но...',0,1364057453,'new',13),(138,134,'messages','вот её не могу удалить',0,1364057527,'new',13),(139,129,'messages','',0,0,'deleted',12),(140,134,'messages','',0,0,'deleted',13),(141,132,'messages','да, я переделываю прикрепление файлов к комментариям по другому',0,1364064063,'new',12),(142,130,'messages','test',0,1364068405,'new',12),(153,138,'messages','Сборы, перед выходом!',0,1367213073,'new',14),(152,176,'messages','',0,0,'deleted',14),(145,138,'messages','Фотки прикольные получились...\r\n',0,1364132047,'new',16),(146,138,'messages','',0,0,'deleted',14),(147,138,'messages','',0,0,'deleted',13),(148,138,'messages','',0,0,'deleted',13),(149,138,'messages','Согласен, они как то более красивее то место выставляют!',0,1364142570,'new',14),(150,135,'messages','',0,0,'deleted',14),(151,138,'messages','',0,0,'deleted',12),(154,333,'messages','Неее фигня, там цивилизации нету!\r\n\r\nВот на моей фотке видно Небоскрёбы и всё остальное!',0,1367557654,'new',14),(155,339,'messages','А это че за дыра, Дома маленькие, отделка беспантовая',0,1367557714,'new',14),(156,333,'messages','A ну даа, ну даа!!! =D',0,1367557802,'new',20),(157,570,'messages','Пробный комент.',0,1367986607,'new',14),(158,570,'messages','',0,0,'deleted',23),(159,127,'messages','Оо коментить можно стало))',0,1368529164,'new',23),(160,127,'messages','на Копендгагене яб не поехал...',0,1368529276,'new',23),(161,343,'messages','',0,0,'deleted',14),(162,127,'messages','',0,0,'deleted',23),(163,570,'messages','123123',0,1373879907,'new',12),(164,570,'messages','',0,0,'deleted',12),(165,570,'messages','',0,0,'deleted',12),(166,631,'messages','',0,0,'deleted',12),(167,636,'messages','123123',0,1375443057,'new',12),(168,636,'messages','',0,0,'deleted',12),(169,636,'messages','епвапвапвап',0,1375556519,'new',12),(170,631,'messages','',0,0,'deleted',12),(171,648,'messages','qweqwe',0,1378369588,'new',26),(172,636,'messages','123123123',0,1378790667,'new',12),(173,636,'messages','123123',0,1378790712,'new',12),(174,631,'messages','',0,0,'deleted',12),(175,636,'messages','123',0,1378790754,'new',12),(176,631,'messages','345345',0,1378790782,'new',12),(177,636,'messages','345345',0,1378790794,'new',12),(178,631,'messages','',0,0,'deleted',12),(179,669,'messages','',0,0,'deleted',12),(180,631,'messages','',0,0,'deleted',12),(181,669,'messages','',0,0,'deleted',12),(182,669,'messages','',0,0,'deleted',12),(183,669,'messages','',0,0,'deleted',12),(184,669,'messages','',0,0,'deleted',12),(185,669,'messages','',0,0,'deleted',12),(186,669,'messages','',0,0,'deleted',12),(187,669,'messages','',0,0,'deleted',12),(188,669,'messages','',0,0,'deleted',12),(189,669,'messages','вапвапвап',0,1378971923,'new',12),(190,669,'messages','ке апв пвыа павп вап',0,1378972132,'new',12),(191,668,'messages','123123',0,1378975011,'new',12),(192,669,'messages','3434',0,1378975022,'new',12),(193,669,'messages','12312323',0,1378975053,'new',12),(194,669,'messages','234234234',0,1378975343,'new',12),(195,669,'messages','',0,0,'deleted',12),(196,669,'messages','кекеукеуке',0,1378975737,'new',12),(197,0,'undefined','',0,0,'deleted',12),(198,0,'undefined','',0,0,'deleted',12),(199,0,'undefined','',0,0,'deleted',12),(200,0,'undefined','',0,0,'deleted',12),(201,0,'undefined','',0,0,'deleted',12),(202,636,'messages','укеукеуке',0,1378976864,'new',12),(203,343,'messages','',0,0,'deleted',12),(204,343,'messages','',0,0,'deleted',12),(205,343,'messages','',0,0,'deleted',12),(206,761,'messages','dfsadfsdfsdf',0,1380281108,'new',12),(207,806,'messages','',0,0,'deleted',12),(208,807,'messages','1231231 3123',0,1380531788,'new',12),(209,845,'messages','мываыва',0,1382731894,'new',12),(211,869,'messages','ываываыва',0,1382732134,'new',12),(212,871,'messages','123123',0,1386874407,'new',12),(213,871,'messages','ertertert',0,1386874434,'new',12),(214,871,'messages','',0,0,'deleted',12),(215,871,'messages','123123123',0,1386874976,'new',12),(216,12,'product','23123123',0,1389986244,'new',30),(217,15,'product','вапвап',0,1392156548,'new',30),(218,1,'order','ertert',0,1404466172,'new',30),(222,2287,'messages',NULL,NULL,NULL,'deleted',15),(220,2287,'messages',NULL,NULL,NULL,'deleted',15),(221,2287,'messages',NULL,NULL,NULL,'deleted',15),(223,2287,'messages',NULL,NULL,NULL,'deleted',15),(224,2287,'messages',NULL,NULL,NULL,'deleted',15),(225,2287,'messages',NULL,NULL,NULL,'deleted',15),(226,2287,'messages',NULL,NULL,NULL,'deleted',15),(227,2287,'messages',NULL,NULL,NULL,'deleted',15),(228,2287,'messages',NULL,NULL,NULL,'deleted',15),(229,2287,'messages',NULL,NULL,NULL,'deleted',15),(230,2287,'messages',NULL,NULL,NULL,'deleted',15),(231,2287,'messages','123',0,1429600942,'new',15),(232,62,'order','sdfsdfsdfsdf',0,1431432203,'new',15),(233,2281,'messages','текст',0,1431434180,'new',15),(234,2281,'messages','вапвапавп',0,1431434189,'new',15),(235,62,'order','еще комментарий',0,1431435103,'new',15),(236,85,'order',NULL,NULL,NULL,'deleted',15),(237,85,'order',NULL,NULL,NULL,'deleted',15),(238,85,'order',NULL,NULL,NULL,'deleted',15),(239,85,'order',NULL,NULL,NULL,'deleted',15),(240,85,'order',NULL,NULL,NULL,'deleted',15),(241,85,'order',NULL,NULL,NULL,'deleted',15),(242,85,'order',NULL,NULL,NULL,'deleted',15),(243,85,'order',NULL,NULL,NULL,'deleted',15),(244,85,'order',NULL,NULL,NULL,'deleted',15),(245,85,'order',NULL,NULL,NULL,'deleted',15),(246,85,'order',NULL,NULL,NULL,'deleted',15),(247,85,'order',NULL,NULL,NULL,'deleted',15),(248,85,'order',NULL,NULL,NULL,'deleted',15),(249,85,'order',NULL,NULL,NULL,'deleted',15),(250,85,'order','3',0,1431517282,'new',15),(251,85,'order',NULL,NULL,NULL,'deleted',15),(252,85,'order',NULL,NULL,NULL,'deleted',15),(253,85,'order',NULL,NULL,NULL,'deleted',15),(254,1434,'messages',NULL,NULL,NULL,'deleted',15),(255,85,'order','тест',0,1432708573,'new',15),(256,2281,'messages',NULL,NULL,NULL,'deleted',15),(257,2292,'messages','коммент',0,1435041332,'new',15),(258,1806,'messages','test',0,1435161022,'new',15),(259,45,'product','egrtert',0,1435220831,'new',15),(260,151,'order','комент',0,1453364345,'new',15);
/*!40000 ALTER TABLE `comment` ENABLE KEYS */;
UNLOCK TABLES;

--
-- Table structure for table `country`
--

DROP TABLE IF EXISTS `country`;
/*!40101 SET @saved_cs_client     = @@character_set_client */;
/*!40101 SET character_set_client = utf8 */;
CREATE TABLE `country` (
  `id` int(11) NOT NULL AUTO_INCREMENT,
  `name_en` varchar(255) NOT NULL,
  `code2` varchar(2) DEFAULT NULL,
  `code3` varchar(3) DEFAULT NULL,
  `partofworld` varchar(12) DEFAULT NULL,
  `name_ru` varchar(255) DEFAULT NULL,
  `iso` int(11) NOT NULL DEFAULT '0',
  `ordr` int(11) NOT NULL DEFAULT '10',
  PRIMARY KEY (`id`),
  KEY `code2` (`code2`,`code3`,`partofworld`),
  KEY `name_ru` (`name_ru`),
  KEY `iso` (`iso`),
  KEY `ordr` (`ordr`)
) ENGINE=MyISAM AUTO_INCREMENT=252 DEFAULT CHARSET=utf8;
/*!40101 SET character_set_client = @saved_cs_client */;

--
-- Dumping data for table `country`
--

LOCK TABLES `country` WRITE;
/*!40000 ALTER TABLE `country` DISABLE KEYS */;
INSERT INTO `country` VALUES (1,'Abkhazia','AB','ABH','Азия','Республика Абхазия',895,10),(2,'Australia','AU','AUS','Океания','',36,10),(3,'Austria','AT','AUT','Европа','Австрийская Республика',40,10),(4,'Azerbaijan','AZ','AZE','Азия','Республика Азербайджан',31,10),(5,'Albania','AL','ALB','Европа','Республика Албания',8,10),(6,'Algeria','DZ','DZA','Африка','Алжирская Народная Демократическая Республика',12,10),(7,'American Samoa','AS','ASM','Океания','',16,10),(8,'Anguilla','AI','AIA','Америка','',660,10),(9,'Angola','AO','AGO','Африка','Республика Ангола',24,10),(10,'Andorra','AD','AND','Европа','Княжество Андорра',20,10),(11,'Antarctica','AQ','ATA','Антарктика','',10,10),(12,'Antigua and Barbuda','AG','ATG','Америка','',28,10),(13,'Argentina','AR','ARG','Америка','Аргентинская Республика',32,10),(14,'Armenia','AM','ARM','Азия','Республика Армения',51,10),(15,'Aruba','AW','ABW','Америка','',533,10),(16,'Afghanistan','AF','AFG','Азия','Переходное Исламское Государство Афганистан',4,10),(17,'Bahamas','BS','BHS','Америка','Содружество Багамы',44,10),(18,'Bangladesh','BD','BGD','Азия','Народная Республика Бангладеш',50,10),(19,'Barbados','BB','BRB','Америка','',52,10),(20,'Bahrain','BH','BHR','Азия','Королевство Бахрейн',48,10),(21,'Belarus','BY','BLR','Европа','Республика Беларусь',112,10),(22,'Belize','BZ','BLZ','Америка','',84,10),(23,'Belgium','BE','BEL','Европа','Королевство Бельгии',56,10),(24,'Benin','BJ','BEN','Африка','Республика Бенин',204,10),(25,'Bermuda','BM','BMU','Америка','',60,10),(26,'Bulgaria','BG','BGR','Европа','Республика Болгария',100,10),(27,'Bolivia, plurinational state of','BO','BOL','Америка','Многонациональное Государство Боливия',68,10),(28,'Bonaire, Sint Eustatius and Saba','BQ','BES','Америка','',535,10),(29,'Bosnia and Herzegovina','BA','BIH','Европа','',70,10),(30,'Botswana','BW','BWA','Африка','Республика Ботсвана',72,10),(31,'Brazil','BR','BRA','Америка','Федеративная Республика Бразилия',76,10),(32,'British Indian Ocean Territory','IO','IOT','Океания','',86,10),(33,'Brunei Darussalam','BN','BRN','Азия','',96,10),(34,'Burkina Faso','BF','BFA','Африка','',854,10),(35,'Burundi','BI','BDI','Африка','Республика Бурунди',108,10),(36,'Bhutan','BT','BTN','Азия','Королевство Бутан',64,10),(37,'Vanuatu','VU','VUT','Океания','Республика Вануату',548,10),(38,'Hungary','HU','HUN','Европа','Венгерская Республика',348,10),(39,'Venezuela','VE','VEN','Америка','Боливарийская Республика Венесуэла',862,10),(40,'Virgin Islands, British','VG','VGB','Америка','Британские Виргинские острова',92,10),(41,'Virgin Islands, U.S.','VI','VIR','Америка','Виргинские острова Соединенных Штатов',850,10),(42,'Vietnam','VN','VNM','Азия','Социалистическая Республика Вьетнам',704,10),(43,'Gabon','GA','GAB','Африка','Габонская Республика',266,10),(44,'Haiti','HT','HTI','Америка','Республика Гаити',332,10),(45,'Guyana','GY','GUY','Америка','Республика Гайана',328,10),(46,'Gambia','GM','GMB','Африка','Республика Гамбия',270,10),(47,'Ghana','GH','GHA','Африка','Республика Гана',288,10),(48,'Guadeloupe','GP','GLP','Америка','',312,10),(49,'Guatemala','GT','GTM','Америка','Республика Гватемала',320,10),(50,'Guinea','GN','GIN','Африка','Гвинейская Республика',324,10),(51,'Guinea-Bissau','GW','GNB','Африка','Республика Гвинея-Бисау',624,10),(52,'Germany','DE','DEU','Европа','Федеративная Республика Германия',276,10),(53,'Guernsey','GG','GGY','Европа','',831,10),(54,'Gibraltar','GI','GIB','Европа','',292,10),(55,'Honduras','HN','HND','Америка','Республика Гондурас',340,10),(56,'Hong Kong','HK','HKG','Азия','Специальный  административный  регион Китая Гонконг',344,10),(57,'Grenada','GD','GRD','Америка','',308,10),(58,'Greenland','GL','GRL','Америка','',304,10),(59,'Greece','GR','GRC','Европа','Греческая Республика',300,10),(60,'Georgia','GE','GEO','Азия','',268,10),(61,'Guam','GU','GUM','Океания','',316,10),(62,'Denmark','DK','DNK','Европа','Королевство Дания',208,10),(63,'Jersey','JE','JEY','Европа','',832,10),(64,'Djibouti','DJ','DJI','Африка','Республика Джибути',262,10),(65,'Dominica','DM','DMA','Америка','Содружество Доминики',212,10),(66,'Dominican Republic','DO','DOM','Америка','',214,10),(67,'Egypt','EG','EGY','Африка','Арабская Республика Египет',818,10),(68,'Zambia','ZM','ZMB','Африка','Республика Замбия',894,10),(69,'Western Sahara','EH','ESH','Африка','',732,10),(70,'Zimbabwe','ZW','ZWE','Африка','Республика Зимбабве',716,10),(71,'Israel','IL','ISR','Азия','Государство Израиль',376,10),(72,'India','IN','IND','Азия','Республика Индия',356,10),(73,'Indonesia','ID','IDN','Азия','Республика Индонезия',360,10),(74,'Jordan','JO','JOR','Азия','Иорданское Хашимитское Королевство',400,10),(75,'Iraq','IQ','IRQ','Азия','Республика Ирак',368,10),(76,'Iran, Islamic Republic of','IR','IRN','Азия','Исламская Республика Иран',364,10),(77,'Ireland','IE','IRL','Европа','',372,10),(78,'Iceland','IS','ISL','Европа','Республика Исландия',352,10),(79,'Spain','ES','ESP','Европа','Королевство Испания',724,10),(80,'Italy','IT','ITA','Европа','Итальянская Республика',380,10),(81,'Yemen','YE','YEM','Азия','Йеменская Республика',887,10),(82,'Cape Verde','CV','CPV','Африка','Республика Кабо-Верде',132,10),(83,'Kazakhstan','KZ','KAZ','Азия','Республика Казахстан',398,10),(84,'Cambodia','KH','KHM','Азия','Королевство Камбоджа',116,10),(85,'Cameroon','CM','CMR','Африка','Республика Камерун',120,10),(86,'Canada','CA','CAN','Америка','',124,10),(87,'Qatar','QA','QAT','Азия','Государство Катар',634,10),(88,'Kenya','KE','KEN','Африка','Республика Кения',404,10),(89,'Cyprus','CY','CYP','Азия','Республика Кипр',196,10),(90,'Kyrgyzstan','KG','KGZ','Азия','Киргизская Республика',417,10),(91,'Kiribati','KI','KIR','Океания','Республика Кирибати',296,10),(92,'China','CN','CHN','Азия','Китайская Народная Республика',156,10),(93,'Cocos (Keeling) Islands','CC','CCK','Океания','',166,10),(94,'Colombia','CO','COL','Америка','Республика Колумбия',170,10),(95,'Comoros','KM','COM','Африка','Союз Коморы',174,10),(96,'Congo','CG','COG','Африка','Республика Конго',178,10),(97,'Congo, Democratic Republic of the','CD','COD','Африка','Демократическая Республика Конго',180,10),(98,'Korea, Democratic People\'s republic of','KP','PRK','Азия','Корейская Народно-Демократическая Республика',408,10),(99,'Korea, Republic of','KR','KOR','Азия','Республика Корея',410,10),(100,'Costa Rica','CR','CRI','Америка','Республика Коста-Рика',188,10),(101,'Cote d\'Ivoire','CI','CIV','Африка','Республика Кот д\'Ивуар',384,10),(102,'Cuba','CU','CUB','Америка','Республика Куба',192,10),(103,'Kuwait','KW','KWT','Азия','Государство Кувейт',414,10),(104,'Curaçao','CW','CUW','Америка','',531,10),(105,'Lao People\'s Democratic Republic','LA','LAO','Азия','Лаосская Народно-Демократическая Республика',418,10),(106,'Latvia','LV','LVA','Европа','Латвийская Республика',428,10),(107,'Lesotho','LS','LSO','Африка','Королевство Лесото',426,10),(108,'Lebanon','LB','LBN','Азия','Ливанская Республика',422,10),(109,'Libyan Arab Jamahiriya','LY','LBY','Африка','Социалистическая Народная Ливийская Арабская Джамахирия',434,10),(110,'Liberia','LR','LBR','Африка','Республика Либерия',430,10),(111,'Liechtenstein','LI','LIE','Европа','Княжество Лихтенштейн',438,10),(112,'Lithuania','LT','LTU','Европа','Литовская Республика',440,10),(113,'Luxembourg','LU','LUX','Европа','Великое Герцогство Люксембург',442,10),(114,'Mauritius','MU','MUS','Африка','Республика Маврикий',480,10),(115,'Mauritania','MR','MRT','Африка','Исламская Республика Мавритания',478,10),(116,'Madagascar','MG','MDG','Африка','Республика Мадагаскар',450,10),(117,'Mayotte','YT','MYT','Африка','',175,10),(118,'Macao','MO','MAC','Азия','Специальный административный регион Китая Макао',446,10),(119,'Malawi','MW','MWI','Африка','Республика Малави',454,10),(120,'Malaysia','MY','MYS','Азия','',458,10),(121,'Mali','ML','MLI','Африка','Республика Мали',466,10),(122,'United States Minor Outlying Islands','UM','UMI','Океания','',581,10),(123,'Maldives','MV','MDV','Азия','Мальдивская Республика',462,10),(124,'Malta','MT','MLT','Европа','Республика Мальта',470,10),(125,'Morocco','MA','MAR','Африка','Королевство Марокко',504,10),(126,'Martinique','MQ','MTQ','Америка','',474,10),(127,'Marshall Islands','MH','MHL','Океания','Республика Маршалловы острова',584,10),(128,'Mexico','MX','MEX','Америка','Мексиканские Соединенные Штаты',484,10),(129,'Micronesia, Federated States of','FM','FSM','Океания','Федеративные штаты Микронезии',583,10),(130,'Mozambique','MZ','MOZ','Африка','Республика Мозамбик',508,10),(131,'Moldova','MD','MDA','Европа','Республика Молдова',498,10),(132,'Monaco','MC','MCO','Европа','Княжество Монако',492,10),(133,'Mongolia','MN','MNG','Азия','',496,10),(134,'Montserrat','MS','MSR','Америка','',500,10),(135,'Burma','MM','MMR','Азия','Союз Мьянма',104,10),(136,'Namibia','NA','NAM','Африка','Республика Намибия',516,10),(137,'Nauru','NR','NRU','Океания','Республика Науру',520,10),(138,'Nepal','NP','NPL','Азия','Королевство Непал',524,10),(139,'Niger','NE','NER','Африка','Республика Нигер',562,10),(140,'Nigeria','NG','NGA','Африка','Федеративная Республика Нигерия',566,10),(141,'Netherlands','NL','NLD','Европа','Королевство Нидерландов',528,10),(142,'Nicaragua','NI','NIC','Америка','Республика Никарагуа',558,10),(143,'Niue','NU','NIU','Океания','Республика Ниуэ',570,10),(144,'New Zealand','NZ','NZL','Океания','',554,10),(145,'New Caledonia','NC','NCL','Океания','',540,10),(146,'Norway','NO','NOR','Европа','Королевство Норвегия',578,10),(147,'United Arab Emirates','AE','ARE','Азия','',784,10),(148,'Oman','OM','OMN','Азия','Султанат Оман',512,10),(149,'Bouvet Island','BV','BVT','','',74,10),(150,'Isle of Man','IM','IMN','Европа','',833,10),(151,'Norfolk Island','NF','NFK','Океания','',574,10),(152,'Christmas Island','CX','CXR','Азия','',162,10),(153,'Heard Island and McDonald Islands','HM','HMD','','',334,10),(154,'Cayman Islands','KY','CYM','Америка','',136,10),(155,'Cook Islands','CK','COK','Океания','',184,10),(156,'Turks and Caicos Islands','TC','TCA','Америка','',796,10),(157,'Pakistan','PK','PAK','Азия','Исламская Республика Пакистан',586,10),(158,'Palau','PW','PLW','Океания','Республика Палау',585,10),(159,'Palestinian Territory, Occupied','PS','PSE','Азия','Оккупированная Палестинская территория',275,10),(160,'Panama','PA','PAN','Америка','Республика Панама',591,10),(161,'Holy See (Vatican City State)','VA','VAT','Европа','',336,10),(162,'Papua New Guinea','PG','PNG','Океания','',598,10),(163,'Paraguay','PY','PRY','Америка','Республика Парагвай',600,10),(164,'Peru','PE','PER','Америка','Республика Перу',604,10),(165,'Pitcairn','PN','PCN','Океания','',612,10),(166,'Poland','PL','POL','Европа','Республика Польша',616,10),(167,'Portugal','PT','PRT','Европа','Португальская Республика',620,10),(168,'Puerto Rico','PR','PRI','Америка','',630,10),(169,'Macedonia, The Former Yugoslab Republic Of','MK','MKD','Европа','',807,10),(170,'Reunion','RE','REU','Африка','',638,10),(171,'Russian Federation','RU','RUS','Европа','Российская Федерация',643,10),(172,'Rwanda','RW','RWA','Африка','Руандийская Республика',646,10),(173,'Romania','RO','ROU','Европа','',642,10),(174,'Samoa','WS','WSM','Океания','Независимое Государство Самоа',882,10),(175,'San Marino','SM','SMR','Европа','Республика Сан-Марино',674,10),(176,'Sao Tome and Principe','ST','STP','Африка','Демократическая Республика Сан-Томе и Принсипи',678,10),(177,'Saudi Arabia','SA','SAU','Азия','Королевство Саудовская Аравия',682,10),(178,'Swaziland','SZ','SWZ','Африка','Королевство Свазиленд',748,10),(179,'Saint Helena, Ascension And Tristan Da Cunha','SH','SHN','Африка','',654,10),(180,'Northern Mariana Islands','MP','MNP','Океания','Содружество Северных Марианских островов',580,10),(181,'Saint Barthélemy','BL','BLM','Америка','',652,10),(182,'Saint Martin (French Part)','MF','MAF','Америка','',663,10),(183,'Senegal','SN','SEN','Африка','Республика Сенегал',686,10),(184,'Saint Vincent and the Grenadines','VC','VCT','Америка','',670,10),(185,'Saint Kitts and Nevis','KN','KNA','Америка','',659,10),(186,'Saint Lucia','LC','LCA','Америка','',662,10),(187,'Saint Pierre and Miquelon','PM','SPM','Америка','',666,10),(188,'Serbia','RS','SRB','Европа','Республика Сербия',688,10),(189,'Seychelles','SC','SYC','Африка','Республика Сейшелы',690,10),(190,'Singapore','SG','SGP','Азия','Республика Сингапур',702,10),(191,'Sint Maarten','SX','SXM','Америка','',534,10),(192,'Syrian Arab Republic','SY','SYR','Азия','',760,10),(193,'Slovakia','SK','SVK','Европа','Словацкая Республика',703,10),(194,'Slovenia','SI','SVN','Европа','Республика Словения',705,10),(195,'United Kingdom','GB','GBR','Европа','Соединенное Королевство Великобритании и Северной Ирландии',826,10),(196,'United States','US','USA','Америка','Соединенные Штаты Америки',840,10),(197,'Solomon Islands','SB','SLB','Океания','',90,10),(198,'Somalia','SO','SOM','Африка','Сомалийская Республика',706,10),(199,'Sudan','SD','SDN','Африка','Республика Судан',736,10),(200,'Suriname','SR','SUR','Америка','Республика Суринам',740,10),(201,'Sierra Leone','SL','SLE','Африка','Республика Сьерра-Леоне',694,10),(202,'Tajikistan','TJ','TJK','Азия','Республика Таджикистан',762,10),(203,'Thailand','TH','THA','Азия','Королевство Таиланд',764,10),(204,'Taiwan, Province of China','TW','TWN','Азия','',158,10),(205,'Tanzania, United Republic Of','TZ','TZA','Африка','Объединенная Республика Танзания',834,10),(206,'Timor-Leste','TL','TLS','Азия','Демократическая Республика Тимор-Лесте',626,10),(207,'Togo','TG','TGO','Африка','Тоголезская Республика',768,10),(208,'Tokelau','TK','TKL','Океания','',772,10),(209,'Tonga','TO','TON','Океания','Королевство Тонга',776,10),(210,'Trinidad and Tobago','TT','TTO','Америка','Республика Тринидад и Тобаго',780,10),(211,'Tuvalu','TV','TUV','Океания','',798,10),(212,'Tunisia','TN','TUN','Африка','Тунисская Республика',788,10),(213,'Turkmenistan','TM','TKM','Азия','Туркменистан',795,10),(214,'Turkey','TR','TUR','Азия','Турецкая Республика',792,10),(215,'Uganda','UG','UGA','Африка','Республика Уганда',800,10),(216,'Uzbekistan','UZ','UZB','Азия','Республика Узбекистан',860,10),(217,'Ukraine','UA','UKR','Европа','',804,10),(218,'Wallis and Futuna','WF','WLF','Океания','',876,10),(219,'Uruguay','UY','URY','Америка','Восточная Республика Уругвай',858,10),(220,'Faroe Islands','FO','FRO','Европа','',234,10),(221,'Fiji','FJ','FJI','Океания','Республика островов Фиджи',242,10),(222,'Philippines','PH','PHL','Азия','Республика Филиппины',608,10),(223,'Finland','FI','FIN','Европа','Финляндская Республика',246,10),(224,'Falkland Islands (Malvinas)','FK','FLK','Америка','',238,10),(225,'France','FR','FRA','Европа','Французская Республика',250,10),(226,'French Guiana','GF','GUF','Америка','',254,10),(227,'French Polynesia','PF','PYF','Океания','',258,10),(228,'French Southern Territories','TF','ATF','','',260,10),(229,'Croatia','HR','HRV','Европа','Республика Хорватия',191,10),(230,'Central African Republic','CF','CAF','Африка','',140,10),(231,'Chad','TD','TCD','Африка','Республика Чад',148,10),(232,'Montenegro','ME','MNE','Европа','Республика Черногория',499,10),(233,'Czech Republic','CZ','CZE','Европа','',203,10),(234,'Chile','CL','CHL','Америка','Республика Чили',152,10),(235,'Switzerland','CH','CHE','Европа','Швейцарская Конфедерация',756,10),(236,'Sweden','SE','SWE','Европа','Королевство Швеция',752,10),(237,'Svalbard and Jan Mayen','SJ','SJM','Европа','',744,10),(238,'Sri Lanka','LK','LKA','Азия','Демократическая Социалистическая Республика Шри-Ланка',144,10),(239,'Ecuador','EC','ECU','Америка','Республика Эквадор',218,10),(240,'Equatorial Guinea','GQ','GNQ','Африка','Республика Экваториальная Гвинея',226,10),(241,'Åland Islands','AX','ALA','Европа','',248,10),(242,'El Salvador','SV','SLV','Америка','Республика Эль-Сальвадор',222,10),(243,'Eritrea','ER','ERI','Африка','',232,10),(244,'Estonia','EE','EST','Европа','Эстонская Республика',233,10),(245,'Ethiopia','ET','ETH','Африка','Федеративная Демократическая Республика Эфиопия',231,10),(246,'South Africa','ZA','ZAF','Африка','Южно-Африканская Республика',710,10),(247,'South Georgia and the South Sandwich Islands','GS','SGS','','',239,10),(248,'South Ossetia','OS','OST','Азия','Республика Южная Осетия',896,10),(249,'South Sudan','SS','SSD','Африка','',728,10),(250,'Jamaica','JM','JAM','Америка','',388,10),(251,'Japan','JP','JPN','Азия','',392,10);
/*!40000 ALTER TABLE `country` ENABLE KEYS */;
UNLOCK TABLES;

--
-- Table structure for table `country_content`
--

DROP TABLE IF EXISTS `country_content`;
/*!40101 SET @saved_cs_client     = @@character_set_client */;
/*!40101 SET character_set_client = utf8 */;
CREATE TABLE `country_content` (
  `code2` varchar(2) NOT NULL DEFAULT '',
  `code3` varchar(3) DEFAULT NULL,
  `name_en` varchar(255) DEFAULT NULL,
  `name_ch` varchar(255) DEFAULT NULL,
  `name_it` varchar(255) DEFAULT NULL,
  `name_ru` varchar(255) DEFAULT NULL,
  `iso` int(11) NOT NULL DEFAULT '0',
  `ordr` int(11) NOT NULL DEFAULT '1',
  PRIMARY KEY (`code2`),
  KEY `code3` (`code3`),
  KEY `name_ru` (`name_ru`),
  KEY `name_en` (`name_en`),
  KEY `name_ch` (`name_ch`),
  KEY `name_it` (`name_it`),
  KEY `iso` (`iso`),
  KEY `ordr` (`ordr`)
) ENGINE=MyISAM DEFAULT CHARSET=utf8;
/*!40101 SET character_set_client = @saved_cs_client */;

--
-- Dumping data for table `country_content`
--

LOCK TABLES `country_content` WRITE;
/*!40000 ALTER TABLE `country_content` DISABLE KEYS */;
INSERT INTO `country_content` VALUES ('CN','CHN','China','China','China','Китай',156,2),('IT','ITA','Italy','Italy','Italy','Италия',380,4),('RU','RUS','Russian Federation','Russian Federation','Russian Federation','Россия',643,1),('US','USA','United States','United States','United States','США',840,3);
/*!40000 ALTER TABLE `country_content` ENABLE KEYS */;
UNLOCK TABLES;

--
-- Table structure for table `currency`
--

DROP TABLE IF EXISTS `currency`;
/*!40101 SET @saved_cs_client     = @@character_set_client */;
/*!40101 SET character_set_client = utf8 */;
CREATE TABLE `currency` (
  `id` int(11) NOT NULL AUTO_INCREMENT,
  `name_en` varchar(10) DEFAULT NULL,
  `koef` float DEFAULT NULL,
  `trumbnail_url` varchar(255) DEFAULT NULL,
  `ordr` int(11) DEFAULT NULL,
  `code` varchar(3) DEFAULT NULL,
  PRIMARY KEY (`id`),
  KEY `ordr` (`ordr`),
  KEY `code` (`code`)
) ENGINE=MyISAM AUTO_INCREMENT=5 DEFAULT CHARSET=utf8;
/*!40101 SET character_set_client = @saved_cs_client */;

--
-- Dumping data for table `currency`
--

LOCK TABLES `currency` WRITE;
/*!40000 ALTER TABLE `currency` DISABLE KEYS */;
INSERT INTO `currency` VALUES (1,'USD',1,'/images/currency/usd.png',1,'USD'),(2,'руб.',34,'/images/currency/rur.png',2,'RUR'),(3,'EUR',0.8,'/images/currency/eur.png',3,'EUR'),(4,'RMB',0.16,NULL,4,'CNY');
/*!40000 ALTER TABLE `currency` ENABLE KEYS */;
UNLOCK TABLES;

--
-- Table structure for table `currencyconv`
--

DROP TABLE IF EXISTS `currencyconv`;
/*!40101 SET @saved_cs_client     = @@character_set_client */;
/*!40101 SET character_set_client = utf8 */;
CREATE TABLE `currencyconv` (
  `from` int(11) NOT NULL,
  `to` int(11) NOT NULL,
  `koef` float NOT NULL,
  PRIMARY KEY (`from`,`to`),
  KEY `from` (`from`,`to`,`koef`)
) ENGINE=InnoDB DEFAULT CHARSET=latin1;
/*!40101 SET character_set_client = @saved_cs_client */;

--
-- Dumping data for table `currencyconv`
--

LOCK TABLES `currencyconv` WRITE;
/*!40000 ALTER TABLE `currencyconv` DISABLE KEYS */;
INSERT INTO `currencyconv` VALUES (1,1,1.01),(1,2,56.8),(1,3,0.830796),(1,4,6.26816),(2,1,0.0179595),(2,2,1.01),(2,3,0.014773),(2,4,0.111458),(3,1,1.22786),(3,2,69.0518),(3,3,1.01),(3,4,7.6202),(4,1,0.162743),(4,2,9.15229),(4,3,0.133868),(4,4,1.01);
/*!40000 ALTER TABLE `currencyconv` ENABLE KEYS */;
UNLOCK TABLES;

--
-- Table structure for table `d_fias_addrobj`
--

DROP TABLE IF EXISTS `d_fias_addrobj`;
/*!40101 SET @saved_cs_client     = @@character_set_client */;
/*!40101 SET character_set_client = utf8 */;
CREATE TABLE `d_fias_addrobj` (
  `aoid` char(36) NOT NULL COMMENT 'Уникальный идентификатор записи',
  `formalname` varchar(120) NOT NULL COMMENT 'Формализованное наименование',
  `regioncode` varchar(2) NOT NULL COMMENT 'Код региона',
  `autocode` char(1) NOT NULL COMMENT 'Код автономии',
  `areacode` varchar(3) NOT NULL COMMENT 'Код района',
  `citycode` varchar(3) NOT NULL COMMENT 'Код города',
  `ctarcode` varchar(3) NOT NULL COMMENT 'Код внутригородского района',
  `placecode` varchar(3) NOT NULL COMMENT 'Код населенного пункта',
  `streetcode` varchar(4) NOT NULL COMMENT 'Код улицы',
  `extrcode` varchar(4) NOT NULL COMMENT 'Код дополнительного адресообразующего элемента',
  `sextcode` varchar(3) NOT NULL COMMENT 'Код подчиненного дополнительного адресообразующего элемента',
  `offname` varchar(120) NOT NULL COMMENT 'Официальное наименование',
  `postalcode` char(6) NOT NULL COMMENT 'Почтовый индекс',
  `ifnsfl` varchar(4) NOT NULL COMMENT 'Код ИФНС ФЛ',
  `terrifnsfl` varchar(4) NOT NULL COMMENT 'Код территориального участка ИФНС ФЛ',
  `ifnsul` varchar(4) NOT NULL COMMENT 'Код ИФНС ЮЛ',
  `terrifnsul` varchar(4) NOT NULL COMMENT 'Код территориального участка ИФНС ЮЛ',
  `okato` varchar(11) NOT NULL COMMENT 'ОКАТО',
  `oktmo` varchar(8) NOT NULL COMMENT 'ОКТМО',
  `updatedate` date NOT NULL COMMENT 'Дата  внесения записи',
  `shortname` varchar(10) NOT NULL COMMENT 'Краткое наименование типа объекта',
  `aolevel` int(10) unsigned NOT NULL COMMENT 'Уровень адресного объекта ',
  `parentguid` char(36) NOT NULL COMMENT 'Идентификатор объекта родительского объекта',
  `aoguid` varchar(36) NOT NULL COMMENT 'Глобальный уникальный идентификатор адресного объекта',
  `previd` varchar(36) NOT NULL COMMENT 'Идентификатор записи связывания с предыдушей исторической записью',
  `nextid` varchar(36) NOT NULL COMMENT 'Идентификатор записи  связывания с последующей исторической записью',
  `code` varchar(17) NOT NULL COMMENT 'Код адресного объекта одной строкой с признаком актуальности из КЛАДР 4.0',
  `plaincode` varchar(15) NOT NULL COMMENT 'Код адресного объекта из КЛАДР 4.0 одной строкой без признака актуальности (последних двух цифр)',
  `actstatus` tinyint(3) unsigned NOT NULL COMMENT 'Статус актуальности адресного объекта ФИАС. Актуальный адрес на текущую дату. Обычно последняя запись об адресном объекте.',
  `centstatus` int(10) unsigned NOT NULL COMMENT 'Статус центра',
  `operstatus` int(10) unsigned NOT NULL COMMENT 'Статус действия над записью – причина появления записи',
  `currstatus` int(10) unsigned NOT NULL COMMENT 'Статус актуальности КЛАДР 4 (последние две цифры в коде)',
  `startdate` date NOT NULL COMMENT 'Начало действия записи',
  `enddate` date NOT NULL COMMENT 'Окончание действия записи',
  `normdoc` varchar(36) NOT NULL COMMENT 'Внешний ключ на нормативный документ',
  PRIMARY KEY (`aoid`),
  KEY `parentguid` (`parentguid`),
  KEY `aoguid` (`aoguid`)
) ENGINE=InnoDB DEFAULT CHARSET=utf8 COMMENT='Классификатор адресообразующих элементов';
/*!40101 SET character_set_client = @saved_cs_client */;

--
-- Dumping data for table `d_fias_addrobj`
--

LOCK TABLES `d_fias_addrobj` WRITE;
/*!40000 ALTER TABLE `d_fias_addrobj` DISABLE KEYS */;
/*!40000 ALTER TABLE `d_fias_addrobj` ENABLE KEYS */;
UNLOCK TABLES;

--
-- Table structure for table `d_fias_house`
--

DROP TABLE IF EXISTS `d_fias_house`;
/*!40101 SET @saved_cs_client     = @@character_set_client */;
/*!40101 SET character_set_client = utf8 */;
CREATE TABLE `d_fias_house` (
  `postalcode` char(6) NOT NULL COMMENT 'Почтовый индекс',
  `ifnsfl` varchar(4) NOT NULL COMMENT 'Код ИФНС ФЛ',
  `terrifnsfl` varchar(4) NOT NULL COMMENT 'Код территориального участка ИФНС ФЛ',
  `ifnsul` varchar(4) NOT NULL COMMENT 'Код ИФНС ЮЛ',
  `terrifnsul` varchar(4) NOT NULL COMMENT 'Код территориального участка ИФНС ЮЛ',
  `okato` varchar(11) NOT NULL COMMENT 'ОКАТО',
  `oktmo` varchar(8) NOT NULL COMMENT 'ОКTMO',
  `updatedate` timestamp NOT NULL DEFAULT CURRENT_TIMESTAMP ON UPDATE CURRENT_TIMESTAMP COMMENT 'Дата время внесения записи',
  `housenum` varchar(20) NOT NULL COMMENT 'Номер дома',
  `eststatus` int(10) unsigned NOT NULL COMMENT 'Признак владения',
  `buildnum` varchar(10) NOT NULL COMMENT 'Номер корпуса',
  `strucnum` varchar(10) NOT NULL COMMENT 'Номер строения',
  `strstatus` int(10) unsigned NOT NULL COMMENT 'Признак строения',
  `houseid` char(36) NOT NULL COMMENT 'Уникальный идентификатор записи дома',
  `houseguid` varchar(36) NOT NULL COMMENT 'Глобальный уникальный идентификатор дома',
  `aoguid` varchar(36) NOT NULL COMMENT 'Guid записи родительского объекта',
  `startdate` date NOT NULL COMMENT 'Начало действия записи',
  `enddate` date NOT NULL COMMENT 'Окончание действия записи',
  `statstatus` int(10) unsigned NOT NULL COMMENT 'Состояние дома',
  `normdoc` varchar(36) NOT NULL COMMENT 'Внешний ключ на нормативный документ',
  `counter` int(10) unsigned NOT NULL COMMENT 'Счетчик записей домов для КЛАДР 4',
  PRIMARY KEY (`houseid`),
  KEY `aoguid` (`aoguid`)
) ENGINE=InnoDB DEFAULT CHARSET=utf8 COMMENT='Сведения по номерам домов улиц городов и населенных пунктов,';
/*!40101 SET character_set_client = @saved_cs_client */;

--
-- Dumping data for table `d_fias_house`
--

LOCK TABLES `d_fias_house` WRITE;
/*!40000 ALTER TABLE `d_fias_house` DISABLE KEYS */;
/*!40000 ALTER TABLE `d_fias_house` ENABLE KEYS */;
UNLOCK TABLES;

--
-- Table structure for table `dbalance`
--

DROP TABLE IF EXISTS `dbalance`;
/*!40101 SET @saved_cs_client     = @@character_set_client */;
/*!40101 SET character_set_client = utf8 */;
CREATE TABLE `dbalance` (
  `id` int(11) NOT NULL AUTO_INCREMENT,
  `shop_id` int(11) NOT NULL,
  `date` timestamp NOT NULL DEFAULT CURRENT_TIMESTAMP,
  `txt` varchar(255) CHARACTER SET utf8 DEFAULT NULL,
  `moneyin` decimal(10,2) NOT NULL,
  `moneyout` decimal(10,2) NOT NULL,
  `balance` decimal(10,2) NOT NULL,
  PRIMARY KEY (`id`),
  KEY `shop_id` (`shop_id`)
) ENGINE=InnoDB AUTO_INCREMENT=3 DEFAULT CHARSET=latin1;
/*!40101 SET character_set_client = @saved_cs_client */;

--
-- Dumping data for table `dbalance`
--

LOCK TABLES `dbalance` WRITE;
/*!40000 ALTER TABLE `dbalance` DISABLE KEYS */;
INSERT INTO `dbalance` VALUES (1,124,'2015-12-17 14:50:18','пополнение',1200.00,0.00,1200.00),(2,124,'2015-12-17 14:50:18','пополнение',1000.00,0.00,2200.00);
/*!40000 ALTER TABLE `dbalance` ENABLE KEYS */;
UNLOCK TABLES;

--
-- Table structure for table `friend_requests`
--

DROP TABLE IF EXISTS `friend_requests`;
/*!40101 SET @saved_cs_client     = @@character_set_client */;
/*!40101 SET character_set_client = utf8 */;
CREATE TABLE `friend_requests` (
  `person_id` int(11) NOT NULL,
  `friend_id` int(11) NOT NULL,
  UNIQUE KEY `person_id` (`person_id`,`friend_id`)
) ENGINE=MyISAM DEFAULT CHARSET=utf8;
/*!40101 SET character_set_client = @saved_cs_client */;

--
-- Dumping data for table `friend_requests`
--

LOCK TABLES `friend_requests` WRITE;
/*!40000 ALTER TABLE `friend_requests` DISABLE KEYS */;
INSERT INTO `friend_requests` VALUES (12,5),(12,16);
/*!40000 ALTER TABLE `friend_requests` ENABLE KEYS */;
UNLOCK TABLES;

--
-- Table structure for table `friends`
--

DROP TABLE IF EXISTS `friends`;
/*!40101 SET @saved_cs_client     = @@character_set_client */;
/*!40101 SET character_set_client = utf8 */;
CREATE TABLE `friends` (
  `person_id` int(11) NOT NULL,
  `friend_id` int(11) NOT NULL,
  UNIQUE KEY `person_id` (`person_id`,`friend_id`)
) ENGINE=MyISAM DEFAULT CHARSET=utf8;
/*!40101 SET character_set_client = @saved_cs_client */;

--
-- Dumping data for table `friends`
--

LOCK TABLES `friends` WRITE;
/*!40000 ALTER TABLE `friends` DISABLE KEYS */;
INSERT INTO `friends` VALUES (12,1),(12,2),(12,3),(12,4),(12,22),(12,25),(13,14),(13,16),(13,23),(14,12),(14,16),(14,19),(14,20),(14,23),(15,12),(15,16),(15,17),(15,18),(15,19),(15,20),(15,21),(15,22),(15,23),(15,24),(15,25),(20,12),(21,14),(33,1),(34,2);
/*!40000 ALTER TABLE `friends` ENABLE KEYS */;
UNLOCK TABLES;

--
-- Table structure for table `group`
--

DROP TABLE IF EXISTS `group`;
/*!40101 SET @saved_cs_client     = @@character_set_client */;
/*!40101 SET character_set_client = utf8 */;
CREATE TABLE `group` (
  `id` int(11) NOT NULL AUTO_INCREMENT,
  `name` varchar(250) DEFAULT NULL,
  `group_id` int(11) DEFAULT '0',
  `visible` int(11) NOT NULL DEFAULT '0',
  `ordr` int(11) NOT NULL DEFAULT '0',
  `thumbnail_url` varchar(250) DEFAULT NULL,
  `shop_id` int(11) DEFAULT NULL,
  PRIMARY KEY (`id`),
  KEY `group_id` (`group_id`,`visible`,`ordr`),
  KEY `shop_id` (`shop_id`),
  KEY `visible` (`visible`),
  KEY `ordr` (`ordr`)
) ENGINE=MyISAM AUTO_INCREMENT=2306 DEFAULT CHARSET=utf8;
/*!40101 SET character_set_client = @saved_cs_client */;

--
-- Dumping data for table `group`
--

LOCK TABLES `group` WRITE;
/*!40000 ALTER TABLE `group` DISABLE KEYS */;
INSERT INTO `group` VALUES (25,'Модульный Дом',0,1,1,'/images/group/25.60x60.jpg',13),(26,'123',0,0,1,NULL,14),(27,'группа',0,0,2,NULL,14),(28,'фвафывфыв1',66,5,3,'/images/group/28.60x60.jpeg',14),(66,'новая группа',26,5,25,'/images/group/66.205x205.png',14),(40,NULL,0,-1,10,NULL,14),(73,NULL,0,-1,32,NULL,14),(41,NULL,0,-1,11,NULL,14),(42,NULL,0,-1,12,NULL,14),(43,NULL,0,-1,13,NULL,14),(44,NULL,0,-1,14,NULL,14),(45,NULL,0,-1,15,NULL,14),(46,NULL,0,-1,16,NULL,14),(47,NULL,0,-1,17,NULL,14),(48,NULL,0,-1,18,NULL,14),(49,NULL,0,-1,19,NULL,14),(50,NULL,0,-1,20,NULL,14),(51,NULL,0,-1,21,NULL,14),(52,NULL,0,-1,22,NULL,14),(53,NULL,0,-1,23,'/images/group/53.205x205.png',14),(54,NULL,0,-1,24,NULL,14),(74,NULL,0,-1,33,NULL,14),(67,'234345',0,5,26,'/images/group/67.205x205.png',14),(68,NULL,0,-1,27,NULL,14),(69,NULL,0,-1,28,NULL,14),(70,NULL,0,-1,29,NULL,14),(71,NULL,0,-1,30,NULL,14),(72,NULL,0,-1,31,NULL,14),(75,NULL,0,-1,34,NULL,14),(76,'группа',0,5,1,NULL,15),(77,'Разное',0,1,1,NULL,106),(78,'Разное',0,1,1,NULL,117),(79,'Разное',0,1,2,NULL,117),(80,'Разное',0,1,1,NULL,118),(81,'Разное',0,1,1,NULL,119),(82,'Разное',0,1,1,NULL,122),(83,'Разное',0,1,2,NULL,122),(84,'Разное',0,1,1,NULL,123),(85,'Разное',0,1,2,NULL,123),(827,NULL,0,-1,4,NULL,13),(826,NULL,0,-1,3,NULL,13),(825,'123',824,5,2,NULL,13),(824,'Термосы',0,0,0,NULL,13),(2305,'2',2305,0,0,NULL,124),(2304,'1',2304,0,0,NULL,124),(2303,'KOMIRON',0,0,0,NULL,124);
/*!40000 ALTER TABLE `group` ENABLE KEYS */;
UNLOCK TABLES;

--
-- Table structure for table `group_access`
--

DROP TABLE IF EXISTS `group_access`;
/*!40101 SET @saved_cs_client     = @@character_set_client */;
/*!40101 SET character_set_client = utf8 */;
CREATE TABLE `group_access` (
  `id` int(11) NOT NULL AUTO_INCREMENT,
  `shop_id` int(11) NOT NULL,
  `group_id` int(11) NOT NULL,
  `shopusergroup_id` int(11) NOT NULL,
  `access` int(1) DEFAULT '1',
  PRIMARY KEY (`id`),
  KEY `shop_id` (`shop_id`),
  KEY `group_id` (`group_id`)
) ENGINE=InnoDB AUTO_INCREMENT=13 DEFAULT CHARSET=utf8;
/*!40101 SET character_set_client = @saved_cs_client */;

--
-- Dumping data for table `group_access`
--

LOCK TABLES `group_access` WRITE;
/*!40000 ALTER TABLE `group_access` DISABLE KEYS */;
INSERT INTO `group_access` VALUES (9,14,27,4,1),(10,14,27,5,1),(11,14,26,4,1),(12,14,26,5,1);
/*!40000 ALTER TABLE `group_access` ENABLE KEYS */;
UNLOCK TABLES;

--
-- Table structure for table `group_product`
--

DROP TABLE IF EXISTS `group_product`;
/*!40101 SET @saved_cs_client     = @@character_set_client */;
/*!40101 SET character_set_client = utf8 */;
CREATE TABLE `group_product` (
  `product_id` int(11) NOT NULL,
  `group_id` int(11) NOT NULL,
  `shop_id` int(11) DEFAULT NULL,
  KEY `product_id` (`product_id`),
  KEY `group_id` (`group_id`),
  KEY `shop_id` (`shop_id`)
) ENGINE=MyISAM DEFAULT CHARSET=utf8;
/*!40101 SET character_set_client = @saved_cs_client */;

--
-- Dumping data for table `group_product`
--

LOCK TABLES `group_product` WRITE;
/*!40000 ALTER TABLE `group_product` DISABLE KEYS */;
INSERT INTO `group_product` VALUES (12,25,0),(13,25,0),(27,28,0),(27,27,0),(15,27,0),(20,27,0),(45,26,0),(1066,76,15),(1067,76,0),(1068,76,0),(1075,77,0),(1078,77,0),(1085,86,0),(1088,86,0),(1091,86,0),(1092,86,0),(824,2452,0),(824,2453,0),(824,2454,0),(824,2455,0),(824,2456,0),(824,2457,0),(824,2458,0),(824,2459,0),(824,2460,0),(824,2461,0),(824,2462,0),(824,2463,0),(824,2464,0),(824,2465,0),(824,2466,0),(824,2467,0),(824,2468,0),(824,2469,0),(824,2470,0),(824,2471,0),(824,2472,0),(824,2473,0),(824,2474,0),(824,2475,0),(824,2476,0),(824,2477,0),(824,2478,0),(824,2479,0),(824,2480,0),(824,2481,0),(824,2482,0),(824,2483,0),(824,2484,0),(824,2485,0),(824,2486,0),(824,2487,0),(824,2488,0),(824,2489,0),(824,2490,0),(824,2491,0),(824,2492,0),(824,2493,0),(824,2452,0),(824,2453,0),(824,2454,0),(824,2455,0),(824,2456,0),(824,2457,0),(824,2458,0),(824,2459,0),(824,2460,0),(824,2461,0),(824,2462,0),(824,2463,0),(824,2464,0),(824,2465,0),(824,2466,0),(824,2467,0),(824,2468,0),(824,2469,0),(824,2470,0),(824,2471,0),(824,2472,0),(824,2473,0),(824,2474,0),(824,2475,0),(824,2476,0),(824,2477,0),(824,2478,0),(824,2479,0),(824,2480,0),(824,2481,0),(824,2482,0),(824,2483,0),(824,2484,0),(824,2485,0),(824,2486,0),(824,2487,0),(824,2488,0),(824,2489,0),(824,2490,0),(824,2491,0),(824,2492,0),(824,2493,0),(824,2452,0),(824,2453,0),(824,2454,0),(824,2455,0),(824,2456,0),(824,2457,0),(824,2458,0),(824,2459,0),(824,2460,0),(824,2461,0),(824,2462,0),(824,2463,0),(824,2464,0),(824,2465,0),(824,2466,0),(824,2467,0),(824,2468,0),(824,2469,0),(824,2470,0),(824,2471,0),(824,2472,0),(824,2473,0),(824,2474,0),(824,2475,0),(824,2476,0),(824,2477,0),(824,2478,0),(824,2479,0),(824,2480,0),(824,2481,0),(824,2482,0),(824,2483,0),(824,2484,0),(824,2485,0),(824,2486,0),(824,2487,0),(824,2488,0),(824,2489,0),(824,2490,0),(824,2491,0),(824,2492,0),(824,2493,0),(824,2452,0),(824,2453,0),(824,2454,0),(824,2455,0),(824,2456,0),(824,2457,0),(824,2458,0),(824,2459,0),(824,2460,0),(824,2461,0),(824,2462,0),(824,2463,0),(824,2464,0),(824,2465,0),(824,2466,0),(824,2467,0),(824,2468,0),(824,2469,0),(824,2470,0),(824,2471,0),(824,2472,0),(824,2473,0),(824,2474,0),(824,2475,0),(824,2476,0),(824,2477,0),(824,2478,0),(824,2479,0),(824,2480,0),(824,2481,0),(824,2482,0),(824,2483,0),(824,2484,0),(824,2485,0),(824,2486,0),(824,2487,0),(824,2488,0),(824,2489,0),(824,2490,0),(824,2491,0),(824,2492,0),(824,2493,0),(2452,824,0),(2453,824,0),(2454,824,0),(2455,824,0),(2456,824,0),(2457,824,0),(2458,824,0),(2459,824,0),(2460,824,0),(2461,824,0),(2462,824,0),(2463,824,0),(2464,824,0),(2465,824,0),(2466,824,0),(2467,824,0),(2468,824,0),(2469,824,0),(2470,824,0),(2471,824,0),(2472,824,0),(2473,824,0),(2474,824,0),(2475,824,0),(2476,824,0),(2477,824,0),(2478,824,0),(2479,824,0),(2480,824,0),(2481,824,0),(2482,824,0),(2483,824,0),(2484,824,0),(2485,824,0),(2486,824,0),(2487,824,0),(2488,824,0),(2489,824,0),(2490,824,0),(2491,824,0),(2492,824,0),(2493,824,0),(2452,824,0),(2453,824,0),(2454,824,0),(2455,824,0),(2456,824,0),(2457,824,0),(2458,824,0),(2459,824,0),(2460,824,0),(2461,824,0),(2462,824,0),(2463,824,0),(2464,824,0),(2465,824,0),(2466,824,0),(2467,824,0),(2468,824,0),(2469,824,0),(2470,824,0),(2471,824,0),(2472,824,0),(2473,824,0),(2474,824,0),(2475,824,0),(2476,824,0),(2477,824,0),(2478,824,0),(2479,824,0),(2480,824,0),(2481,824,0),(2482,824,0),(2483,824,0),(2484,824,0),(2485,824,0),(2486,824,0),(2487,824,0),(2488,824,0),(2489,824,0),(2490,824,0),(2491,824,0),(2492,824,0),(2493,824,0),(2494,824,0),(2452,824,0),(2453,824,0),(2454,824,0),(2455,824,0),(2456,824,0),(2457,824,0),(2458,824,0),(2459,824,0),(2460,824,0),(2461,824,0),(2462,824,0),(2463,824,0),(2464,824,0),(2465,824,0),(2466,824,0),(2467,824,0),(2468,824,0),(2469,824,0),(2470,824,0),(2471,824,0),(2472,824,0),(2473,824,0),(2474,824,0),(2475,824,0),(2476,824,0),(2495,824,0),(2496,824,0),(2455,824,0),(2477,824,0),(2478,824,0),(2479,824,0),(2480,824,0),(2481,824,0),(2482,824,0),(2483,824,0),(2484,824,0),(2485,824,0),(2486,824,0),(2487,824,0),(2488,824,0),(2489,824,0),(2490,824,0),(2491,824,0),(2492,824,0),(2493,824,0),(2494,824,0),(2452,824,0),(2453,824,0),(2454,824,0),(2455,824,0),(2456,824,0),(2457,824,0),(2458,824,0),(2459,824,0),(2460,824,0),(2461,824,0),(2462,824,0),(2463,824,0),(2464,824,0),(2465,824,0),(2466,824,0),(2467,824,0),(2468,824,0),(2469,824,0),(2470,824,0),(2471,824,0),(2472,824,0),(2473,824,0),(2474,824,0),(2475,824,0),(2476,824,0),(2495,824,0),(2496,824,0),(2454,824,0),(2477,824,0),(2478,824,0),(2479,824,0),(2480,824,0),(2481,824,0),(2482,824,0),(2483,824,0),(2484,824,0),(2485,824,0),(2486,824,0),(2487,824,0),(2488,824,0),(2489,824,0),(2490,824,0),(2491,824,0),(2492,824,0),(2493,824,0),(2494,824,0),(2452,824,0),(2453,824,0),(2454,824,0),(2455,824,0),(2456,824,0),(2457,824,0),(2458,824,0),(2459,824,0),(2460,824,0),(2461,824,0),(2462,824,0),(2463,824,0),(2464,824,0),(2465,824,0),(2466,824,0),(2467,824,0),(2468,824,0),(2469,824,0),(2470,824,0),(2471,824,0),(2472,824,0),(2473,824,0),(2474,824,0),(2475,824,0),(2476,824,0),(2495,824,0),(2496,824,0),(2453,824,0),(2477,824,0),(2478,824,0),(2479,824,0),(2480,824,0),(2481,824,0),(2482,824,0),(2483,824,0),(2484,824,0),(2485,824,0),(2486,824,0),(2487,824,0),(2488,824,0),(2489,824,0),(2490,824,0),(2491,824,0),(2492,824,0),(2493,824,0),(2494,824,0),(2452,824,0),(2453,824,0),(2454,824,0),(2455,824,0),(2456,824,0),(2457,824,0),(2458,824,0),(2459,824,0),(2460,824,0),(2461,824,0),(2462,824,0),(2463,824,0),(2464,824,0),(2465,824,0),(2466,824,0),(2467,824,0),(2468,824,0),(2469,824,0),(2470,824,0),(2471,824,0),(2472,824,0),(2473,824,0),(2474,824,0),(2475,824,0),(2476,824,0),(2495,824,0),(2496,824,0),(2452,824,0),(2477,824,0),(2478,824,0),(2479,824,0),(2480,824,0),(2481,824,0),(2482,824,0),(2483,824,0),(2484,824,0),(2485,824,0),(2486,824,0),(2487,824,0),(2488,824,0),(2489,824,0),(2490,824,0),(2491,824,0),(2492,824,0),(2493,824,0),(2494,824,0),(2452,824,0),(2453,824,0),(2454,824,0),(2455,824,0),(2456,824,0),(2457,824,0),(2458,824,0),(2459,824,0),(2460,824,0),(2461,824,0),(2462,824,0),(2463,824,0),(2464,824,0),(2465,824,0),(2466,824,0),(2467,824,0),(2468,824,0),(2469,824,0),(2470,824,0),(2471,824,0),(2472,824,0),(2473,824,0),(2474,824,0),(2475,824,0),(2476,824,0),(2495,824,0),(2496,824,0),(2494,824,0),(2477,824,0),(2478,824,0),(2479,824,0),(2480,824,0),(2481,824,0),(2482,824,0),(2483,824,0),(2484,824,0),(2485,824,0),(2486,824,0),(2487,824,0),(2488,824,0),(2489,824,0),(2490,824,0),(2491,824,0),(2492,824,0),(2493,824,0),(2494,824,0),(2452,824,0),(2453,824,0),(2454,824,0),(2455,824,0),(2456,824,0),(2457,824,0),(2458,824,0),(2459,824,0),(2460,824,0),(2461,824,0),(2462,824,0),(2463,824,0),(2464,824,0),(2465,824,0),(2466,824,0),(2467,824,0),(2468,824,0),(2469,824,0),(2470,824,0),(2471,824,0),(2472,824,0),(2473,824,0),(2474,824,0),(2475,824,0),(2476,824,0),(2495,824,0),(2496,824,0),(2497,824,0),(2477,824,0),(2478,824,0),(2479,824,0),(2480,824,0),(2481,824,0),(2482,824,0),(2483,824,0),(2484,824,0),(2485,824,0),(2486,824,0),(2487,824,0),(2488,824,0),(2489,824,0),(2490,824,0),(2491,824,0),(2492,824,0),(2493,824,0),(2456,824,0),(2457,824,0),(2458,824,0),(2459,824,0),(2460,824,0),(2461,824,0),(2462,824,0),(2463,824,0),(2464,824,0),(2465,824,0),(2466,824,0),(2467,824,0),(2468,824,0),(2469,824,0),(2470,824,0),(2471,824,0),(2472,824,0),(2473,824,0),(2474,824,0),(2475,824,0),(2476,824,0),(2495,824,0),(2496,824,0),(2497,824,0),(2477,824,0),(2478,824,0),(2479,824,0),(2480,824,0),(2481,824,0),(2482,824,0),(2483,824,0),(2484,824,0),(2485,824,0),(2486,824,0),(2487,824,0),(2488,824,0),(2489,824,0),(2490,824,0),(2491,824,0),(2492,824,0),(2493,824,0),(4811,2304,124),(4814,2303,124),(4818,2303,124),(4768,2303,124),(4767,2303,124);
/*!40000 ALTER TABLE `group_product` ENABLE KEYS */;
UNLOCK TABLES;

--
-- Table structure for table `languages`
--

DROP TABLE IF EXISTS `languages`;
/*!40101 SET @saved_cs_client     = @@character_set_client */;
/*!40101 SET character_set_client = utf8 */;
CREATE TABLE `languages` (
  `id` int(11) NOT NULL AUTO_INCREMENT,
  `code` char(4) DEFAULT NULL,
  `name` char(32) DEFAULT NULL,
  PRIMARY KEY (`id`)
) ENGINE=MyISAM DEFAULT CHARSET=utf8;
/*!40101 SET character_set_client = @saved_cs_client */;

--
-- Dumping data for table `languages`
--

LOCK TABLES `languages` WRITE;
/*!40000 ALTER TABLE `languages` DISABLE KEYS */;
/*!40000 ALTER TABLE `languages` ENABLE KEYS */;
UNLOCK TABLES;

--
-- Table structure for table `likes`
--

DROP TABLE IF EXISTS `likes`;
/*!40101 SET @saved_cs_client     = @@character_set_client */;
/*!40101 SET character_set_client = utf8 */;
CREATE TABLE `likes` (
  `id` int(11) NOT NULL AUTO_INCREMENT,
  `person_id` int(11) NOT NULL,
  `time` int(11) DEFAULT NULL,
  `object_id` int(11) DEFAULT NULL,
  `object_name` varchar(80) DEFAULT NULL,
  PRIMARY KEY (`id`),
  KEY `person_id` (`person_id`),
  KEY `object_id` (`object_id`,`object_name`)
) ENGINE=MyISAM AUTO_INCREMENT=63 DEFAULT CHARSET=utf8;
/*!40101 SET character_set_client = @saved_cs_client */;

--
-- Dumping data for table `likes`
--

LOCK TABLES `likes` WRITE;
/*!40000 ALTER TABLE `likes` DISABLE KEYS */;
INSERT INTO `likes` VALUES (47,13,1363147764,120,'messages'),(48,13,1363150585,122,'messages'),(49,13,1363150586,121,'messages'),(50,14,1363151979,122,'messages'),(51,14,1364057204,135,'messages'),(52,13,1364057887,135,'messages'),(53,12,1382731919,845,'messages'),(56,30,1395870794,45,'product'),(57,30,1398057062,1057,'messages'),(58,30,1398057152,1056,'messages'),(60,12,1425498259,2203,'messages');
/*!40000 ALTER TABLE `likes` ENABLE KEYS */;
UNLOCK TABLES;

--
-- Table structure for table `media_items`
--

DROP TABLE IF EXISTS `media_items`;
/*!40101 SET @saved_cs_client     = @@character_set_client */;
/*!40101 SET character_set_client = utf8 */;
CREATE TABLE `media_items` (
  `id` int(11) NOT NULL AUTO_INCREMENT,
  `activity_id` int(11) DEFAULT NULL,
  `album_id` int(11) DEFAULT NULL,
  `owner_id` int(11) NOT NULL,
  `mime_type` char(64) NOT NULL,
  `file_size` int(11) DEFAULT NULL,
  `duration` int(11) DEFAULT NULL,
  `created` int(11) NOT NULL,
  `last_updated` int(11) DEFAULT NULL,
  `language` char(64) DEFAULT NULL,
  `address_id` int(11) DEFAULT NULL,
  `num_comments` int(11) DEFAULT NULL,
  `num_views` int(11) DEFAULT NULL,
  `num_votes` int(11) DEFAULT NULL,
  `rating` tinyint(4) DEFAULT NULL,
  `start_time` char(64) DEFAULT NULL,
  `title` char(255) DEFAULT NULL,
  `description` text,
  `tagged_people` text,
  `tags` text,
  `thumbnail_url` char(128) DEFAULT NULL,
  `type` enum('AUDIO','IMAGE','VIDEO','FILE') NOT NULL,
  `url` char(128) NOT NULL,
  `app_id` int(11) DEFAULT '0',
  `thumbnail_url220` varchar(255) DEFAULT NULL,
  `thumbnail_url600` varchar(255) DEFAULT NULL,
  `message_id` int(11) DEFAULT NULL,
  `comment_id` int(11) DEFAULT NULL,
  `object_name` varchar(250) DEFAULT NULL,
  `object_id` int(11) DEFAULT NULL,
  `width` int(11) DEFAULT NULL,
  `height` int(11) DEFAULT NULL,
  KEY `id` (`id`),
  KEY `activity_id` (`activity_id`),
  KEY `album_id` (`album_id`),
  KEY `message_id` (`message_id`),
  KEY `comment_id` (`comment_id`,`object_name`,`object_id`)
) ENGINE=MyISAM AUTO_INCREMENT=511 DEFAULT CHARSET=utf8;
/*!40101 SET character_set_client = @saved_cs_client */;

--
-- Dumping data for table `media_items`
--

LOCK TABLES `media_items` WRITE;
/*!40000 ALTER TABLE `media_items` DISABLE KEYS */;
INSERT INTO `media_items` VALUES (160,NULL,8,12,'',NULL,NULL,1363318986,1363318986,NULL,NULL,NULL,NULL,NULL,NULL,NULL,'2_login2',NULL,NULL,NULL,'/images/albums/8/160.220x220.png','IMAGE','1',0,NULL,'/images/albums/8/160.600x600.png',NULL,NULL,NULL,NULL,NULL,NULL),(159,NULL,8,12,'',NULL,NULL,1363203641,1363203641,NULL,NULL,NULL,NULL,NULL,NULL,NULL,'vk2',NULL,NULL,NULL,'/images/albums/8/159.220x220.png','IMAGE','1',0,NULL,'/images/albums/8/159.600x600.png',NULL,NULL,NULL,NULL,NULL,NULL),(161,NULL,9,14,'',NULL,NULL,1363321610,1363321610,NULL,NULL,NULL,NULL,NULL,NULL,NULL,'1e56c358-57af-4afa-8222-10a2ff8debae',NULL,NULL,NULL,'/images/albums/9/161.220x220.jpg','IMAGE','1',0,NULL,'/images/albums/9/161.600x600.jpg',NULL,NULL,NULL,NULL,NULL,NULL),(162,NULL,9,14,'',NULL,NULL,1363321612,1363321612,NULL,NULL,NULL,NULL,NULL,NULL,NULL,'5-element',NULL,NULL,NULL,'/images/albums/9/162.220x220.jpg','IMAGE','1',0,NULL,'/images/albums/9/162.600x600.jpg',NULL,NULL,NULL,NULL,NULL,NULL),(163,NULL,9,14,'',NULL,NULL,1363321613,1363321613,NULL,NULL,NULL,NULL,NULL,NULL,NULL,'57681241',NULL,NULL,NULL,'/images/albums/9/163.220x220.jpg','IMAGE','1',0,NULL,'/images/albums/9/163.600x600.jpg',NULL,NULL,NULL,NULL,NULL,NULL),(164,NULL,9,14,'',NULL,NULL,1363321614,1363321614,NULL,NULL,NULL,NULL,NULL,NULL,NULL,'1305883736',NULL,NULL,NULL,'/images/albums/9/164.220x220.jpg','IMAGE','1',0,NULL,'/images/albums/9/164.600x600.jpg',NULL,NULL,NULL,NULL,NULL,NULL),(165,NULL,9,14,'',NULL,NULL,1363321616,1363321616,NULL,NULL,NULL,NULL,NULL,NULL,NULL,'dallas',NULL,NULL,NULL,'/images/albums/9/165.220x220.gif','IMAGE','1',0,NULL,'/images/albums/9/165.600x600.gif',NULL,NULL,NULL,NULL,NULL,NULL),(166,NULL,9,14,'',NULL,NULL,1363321617,1363321617,NULL,NULL,NULL,NULL,NULL,NULL,NULL,'fifth_element_2',NULL,NULL,NULL,'/images/albums/9/166.220x220.jpg','IMAGE','1',0,NULL,'/images/albums/9/166.600x600.jpg',NULL,NULL,NULL,NULL,NULL,NULL),(167,NULL,9,14,'',NULL,NULL,1363321618,1363321618,NULL,NULL,NULL,NULL,NULL,NULL,NULL,'korben',NULL,NULL,NULL,'/images/albums/9/167.220x220.jpg','IMAGE','1',0,NULL,'/images/albums/9/167.600x600.jpg',NULL,NULL,NULL,NULL,NULL,NULL),(168,NULL,NULL,14,'',NULL,NULL,1363321668,1363321668,NULL,NULL,NULL,NULL,NULL,NULL,NULL,'2011-aston-martin-vantage-gt4-02',NULL,NULL,NULL,'/images/comment/121/168.220x220.jpg','IMAGE','1',0,NULL,'/images/comment/121/168.600x600.jpg',NULL,121,'messages',122,NULL,NULL),(203,NULL,NULL,13,'',NULL,NULL,1364056385,1364056385,NULL,NULL,NULL,NULL,NULL,NULL,NULL,'IMG_5328',NULL,NULL,NULL,'/images/messages/135/203.220x220.jpg','IMAGE','1',0,NULL,'/images/messages/135/203.600x600.jpg',135,NULL,NULL,NULL,NULL,NULL),(202,NULL,NULL,13,'',NULL,NULL,1364056385,1364056385,NULL,NULL,NULL,NULL,NULL,NULL,NULL,'IMGP2285',NULL,NULL,NULL,'/images/messages/135/202.220x220.jpg','IMAGE','1',0,NULL,'/images/messages/135/202.600x600.jpg',135,NULL,NULL,NULL,NULL,NULL),(201,NULL,NULL,13,'',NULL,NULL,1364056384,1364056384,NULL,NULL,NULL,NULL,NULL,NULL,NULL,'IMGP2214',NULL,NULL,NULL,'/images/messages/135/201.220x220.jpg','IMAGE','1',0,NULL,'/images/messages/135/201.600x600.jpg',135,NULL,NULL,NULL,NULL,NULL),(172,NULL,NULL,14,'',NULL,NULL,1363322317,1363322317,NULL,NULL,NULL,NULL,NULL,NULL,NULL,'DPP_0076',NULL,NULL,NULL,'/images/comment/122/172.220x220.jpg','IMAGE','1',0,NULL,'/images/comment/122/172.600x600.jpg',NULL,122,'messages',127,NULL,NULL),(173,NULL,NULL,14,'',NULL,NULL,1363322324,1363322324,NULL,NULL,NULL,NULL,NULL,NULL,NULL,'DPP_0156',NULL,NULL,NULL,'/images/comment/122/173.220x220.jpg','IMAGE','1',0,NULL,'/images/comment/122/173.600x600.jpg',NULL,122,'messages',127,NULL,NULL),(174,NULL,NULL,14,'',NULL,NULL,1363322443,1363322443,NULL,NULL,NULL,NULL,NULL,NULL,NULL,'DPP_0025',NULL,NULL,NULL,'/images/comment/123/174.220x220.jpg','IMAGE','1',0,NULL,'/images/comment/123/174.600x600.jpg',NULL,123,'messages',127,NULL,NULL),(175,NULL,NULL,14,'',NULL,NULL,1363322452,1363322452,NULL,NULL,NULL,NULL,NULL,NULL,NULL,'DPP_0031',NULL,NULL,NULL,'/images/comment/123/175.220x220.jpg','IMAGE','1',0,NULL,'/images/comment/123/175.600x600.jpg',NULL,123,'messages',127,NULL,NULL),(176,NULL,9,14,'',NULL,NULL,1363323535,1363323535,NULL,NULL,NULL,NULL,NULL,NULL,NULL,'DPP_0133',NULL,NULL,NULL,'/images/albums/9/176.220x220.jpg','IMAGE','1',0,NULL,'/images/albums/9/176.600x600.jpg',NULL,NULL,NULL,NULL,NULL,NULL),(177,NULL,6,13,'',NULL,NULL,1363324086,1363324086,NULL,NULL,NULL,NULL,NULL,NULL,NULL,'00000707',NULL,NULL,NULL,'/images/albums/6/177.220x220.jpg','IMAGE','1',0,NULL,'/images/albums/6/177.600x600.jpg',NULL,NULL,NULL,NULL,NULL,NULL),(178,NULL,NULL,12,'',NULL,NULL,1363325146,1363325146,NULL,NULL,NULL,NULL,NULL,NULL,NULL,'234234',NULL,NULL,NULL,'/images/messages/102/178.220x220.png','IMAGE','1',0,NULL,'/images/messages/102/178.600x600.png',102,NULL,NULL,NULL,NULL,NULL),(180,NULL,9,14,'',NULL,NULL,1363580541,1363580589,NULL,NULL,NULL,NULL,NULL,NULL,NULL,'DPP_0180',NULL,NULL,NULL,'/images/albums/9/180.220x220.jpg','IMAGE','1',0,NULL,'/images/albums/9/180.600x600.jpg',NULL,NULL,NULL,NULL,NULL,NULL),(181,NULL,9,14,'',NULL,NULL,1363580542,1363580542,NULL,NULL,NULL,NULL,NULL,NULL,NULL,'DPP_0156',NULL,NULL,NULL,'/images/albums/9/181.220x220.jpg','IMAGE','1',0,NULL,'/images/albums/9/181.600x600.jpg',NULL,NULL,NULL,NULL,NULL,NULL),(182,NULL,9,14,'',NULL,NULL,1363580542,1363580542,NULL,NULL,NULL,NULL,NULL,NULL,NULL,'DPP_0133',NULL,NULL,NULL,'/images/albums/9/182.220x220.jpg','IMAGE','1',0,NULL,'/images/albums/9/182.600x600.jpg',NULL,NULL,NULL,NULL,NULL,NULL),(183,NULL,9,14,'',NULL,NULL,1363580544,1363580544,NULL,NULL,NULL,NULL,NULL,NULL,NULL,'DPP_0181',NULL,NULL,NULL,'/images/albums/9/183.220x220.jpg','IMAGE','1',0,NULL,'/images/albums/9/183.600x600.jpg',NULL,NULL,NULL,NULL,NULL,NULL),(184,NULL,10,14,'',NULL,NULL,1363596196,1363596196,NULL,NULL,NULL,NULL,NULL,NULL,NULL,'DPP_0025',NULL,NULL,NULL,'/images/albums/10/184.220x220.jpg','IMAGE','1',0,NULL,'/images/albums/10/184.600x600.jpg',NULL,NULL,NULL,NULL,NULL,NULL),(185,NULL,10,14,'',NULL,NULL,1363596196,1363596196,NULL,NULL,NULL,NULL,NULL,NULL,NULL,'DPP_0180',NULL,NULL,NULL,'/images/albums/10/185.220x220.jpg','IMAGE','1',0,NULL,'/images/albums/10/185.600x600.jpg',NULL,NULL,NULL,NULL,NULL,NULL),(186,NULL,10,14,'',NULL,NULL,1363596196,1363596196,NULL,NULL,NULL,NULL,NULL,NULL,NULL,'DPP_0156',NULL,NULL,NULL,'/images/albums/10/186.220x220.jpg','IMAGE','1',0,NULL,'/images/albums/10/186.600x600.jpg',NULL,NULL,NULL,NULL,NULL,NULL),(187,NULL,10,14,'',NULL,NULL,1363596197,1363596197,NULL,NULL,NULL,NULL,NULL,NULL,NULL,'DPP_0076',NULL,NULL,NULL,'/images/albums/10/187.220x220.jpg','IMAGE','1',0,NULL,'/images/albums/10/187.600x600.jpg',NULL,NULL,NULL,NULL,NULL,NULL),(188,NULL,10,14,'',NULL,NULL,1363596197,1363596197,NULL,NULL,NULL,NULL,NULL,NULL,NULL,'DPP_0133',NULL,NULL,NULL,'/images/albums/10/188.220x220.jpg','IMAGE','1',0,NULL,'/images/albums/10/188.600x600.jpg',NULL,NULL,NULL,NULL,NULL,NULL),(189,NULL,10,14,'',NULL,NULL,1363596197,1363596197,NULL,NULL,NULL,NULL,NULL,NULL,NULL,'DPP_0031',NULL,NULL,NULL,'/images/albums/10/189.220x220.jpg','IMAGE','1',0,NULL,'/images/albums/10/189.600x600.jpg',NULL,NULL,NULL,NULL,NULL,NULL),(190,NULL,10,14,'',NULL,NULL,1363596205,1363596205,NULL,NULL,NULL,NULL,NULL,NULL,NULL,'DPP_0181',NULL,NULL,NULL,'/images/albums/10/190.220x220.jpg','IMAGE','1',0,NULL,'/images/albums/10/190.600x600.jpg',NULL,NULL,NULL,NULL,NULL,NULL),(191,NULL,NULL,12,'',NULL,NULL,1364007814,1364007814,NULL,NULL,NULL,NULL,NULL,NULL,NULL,'aBMv2cU7_uQ',NULL,NULL,NULL,'/images/messages/129/191.220x220.jpg','IMAGE','1',0,NULL,'/images/messages/129/191.600x600.jpg',129,NULL,NULL,NULL,NULL,NULL),(198,NULL,NULL,14,'',NULL,NULL,1364053338,1364053338,NULL,NULL,NULL,NULL,NULL,NULL,NULL,'IMG_6215',NULL,NULL,NULL,'/images/messages/132/198.220x220.jpg','IMAGE','1',0,NULL,'/images/messages/132/198.600x600.jpg',132,NULL,NULL,NULL,NULL,NULL),(193,NULL,NULL,12,'',NULL,NULL,1364007816,1364007816,NULL,NULL,NULL,NULL,NULL,NULL,NULL,'Yaq7RNDrdQk',NULL,NULL,NULL,'/images/messages/129/193.220x220.jpg','IMAGE','1',0,NULL,'/images/messages/129/193.600x600.jpg',129,NULL,NULL,NULL,NULL,NULL),(194,NULL,NULL,12,'',NULL,NULL,1364007817,1364007817,NULL,NULL,NULL,NULL,NULL,NULL,NULL,'дуров',NULL,NULL,NULL,'/images/messages/129/194.220x220.jpg','IMAGE','1',0,NULL,'/images/messages/129/194.600x600.jpg',129,NULL,NULL,NULL,NULL,NULL),(195,NULL,NULL,12,'',NULL,NULL,1364007867,1364007867,NULL,NULL,NULL,NULL,NULL,NULL,NULL,'6057_original',NULL,NULL,NULL,'/images/messages/130/195.220x220.png','IMAGE','1',0,NULL,'/images/messages/130/195.600x600.png',130,NULL,NULL,NULL,NULL,NULL),(196,NULL,NULL,12,'',NULL,NULL,1364007868,1364007868,NULL,NULL,NULL,NULL,NULL,NULL,NULL,'02846001',NULL,NULL,NULL,'/images/messages/130/196.220x220.jpg','IMAGE','1',0,NULL,'/images/messages/130/196.600x600.jpg',130,NULL,NULL,NULL,NULL,NULL),(197,NULL,NULL,12,'',NULL,NULL,1364007870,1364007870,NULL,NULL,NULL,NULL,NULL,NULL,NULL,'52145784',NULL,NULL,NULL,'/images/messages/130/197.220x220.png','IMAGE','1',0,NULL,'/images/messages/130/197.600x600.png',130,NULL,NULL,NULL,NULL,NULL),(199,NULL,NULL,14,'',NULL,NULL,1364053338,1364053338,NULL,NULL,NULL,NULL,NULL,NULL,NULL,'IMG_6216',NULL,NULL,NULL,'/images/messages/132/199.220x220.jpg','IMAGE','1',0,NULL,'/images/messages/132/199.600x600.jpg',132,NULL,NULL,NULL,NULL,NULL),(200,NULL,NULL,14,'',NULL,NULL,1364053339,1364053339,NULL,NULL,NULL,NULL,NULL,NULL,NULL,'IMG_6217',NULL,NULL,NULL,'/images/messages/132/200.220x220.jpg','IMAGE','1',0,NULL,'/images/messages/132/200.600x600.jpg',132,NULL,NULL,NULL,NULL,NULL),(204,NULL,NULL,13,'',NULL,NULL,1364056767,1364056767,NULL,NULL,NULL,NULL,NULL,NULL,NULL,'IMG_5281',NULL,NULL,NULL,'/images/messages/135/204.220x220.jpg','IMAGE','1',0,NULL,'/images/messages/135/204.600x600.jpg',135,NULL,NULL,NULL,NULL,NULL),(205,NULL,NULL,13,'',NULL,NULL,1364056768,1364056768,NULL,NULL,NULL,NULL,NULL,NULL,NULL,'IMG_5016',NULL,NULL,NULL,'/images/messages/135/205.220x220.jpg','IMAGE','1',0,NULL,'/images/messages/135/205.600x600.jpg',135,NULL,NULL,NULL,NULL,NULL),(236,NULL,NULL,12,'',NULL,NULL,1364068398,1364068398,NULL,NULL,NULL,NULL,NULL,NULL,NULL,'27NnQV0ZxEM',NULL,NULL,NULL,'/images/comment/142/236.220x220.jpg','IMAGE','1',0,NULL,'/images/comment/142/236.600x600.jpg',NULL,142,'messages',130,NULL,NULL),(207,NULL,11,13,'',NULL,NULL,1364057010,1364057010,NULL,NULL,NULL,NULL,NULL,NULL,NULL,'IMG_4704-1',NULL,NULL,NULL,'/images/albums/11/207.220x220.jpg','IMAGE','1',0,NULL,'/images/albums/11/207.600x600.jpg',NULL,NULL,NULL,NULL,NULL,NULL),(208,NULL,11,13,'',NULL,NULL,1364057012,1364057012,NULL,NULL,NULL,NULL,NULL,NULL,NULL,'IMG_4835',NULL,NULL,NULL,'/images/albums/11/208.220x220.jpg','IMAGE','1',0,NULL,'/images/albums/11/208.600x600.jpg',NULL,NULL,NULL,NULL,NULL,NULL),(209,NULL,11,13,'',NULL,NULL,1364057012,1364057012,NULL,NULL,NULL,NULL,NULL,NULL,NULL,'IMG_4796',NULL,NULL,NULL,'/images/albums/11/209.220x220.jpg','IMAGE','1',0,NULL,'/images/albums/11/209.600x600.jpg',NULL,NULL,NULL,NULL,NULL,NULL),(210,NULL,11,13,'',NULL,NULL,1364057013,1364057013,NULL,NULL,NULL,NULL,NULL,NULL,NULL,'IMG_4919',NULL,NULL,NULL,'/images/albums/11/210.220x220.jpg','IMAGE','1',0,NULL,'/images/albums/11/210.600x600.jpg',NULL,NULL,NULL,NULL,NULL,NULL),(211,NULL,11,13,'',NULL,NULL,1364057013,1364057013,NULL,NULL,NULL,NULL,NULL,NULL,NULL,'IMG_4715',NULL,NULL,NULL,'/images/albums/11/211.220x220.jpg','IMAGE','1',0,NULL,'/images/albums/11/211.600x600.jpg',NULL,NULL,NULL,NULL,NULL,NULL),(212,NULL,11,13,'',NULL,NULL,1364057013,1364057013,NULL,NULL,NULL,NULL,NULL,NULL,NULL,'IMG_4710',NULL,NULL,NULL,'/images/albums/11/212.220x220.jpg','IMAGE','1',0,NULL,'/images/albums/11/212.600x600.jpg',NULL,NULL,NULL,NULL,NULL,NULL),(213,NULL,11,13,'',NULL,NULL,1364057014,1364057014,NULL,NULL,NULL,NULL,NULL,NULL,NULL,'IMG_4959',NULL,NULL,NULL,'/images/albums/11/213.220x220.jpg','IMAGE','1',0,NULL,'/images/albums/11/213.600x600.jpg',NULL,NULL,NULL,NULL,NULL,NULL),(214,NULL,11,13,'',NULL,NULL,1364057050,1364057050,NULL,NULL,NULL,NULL,NULL,NULL,NULL,'IMG_5028',NULL,NULL,NULL,'/images/albums/11/214.220x220.jpg','IMAGE','1',0,NULL,'/images/albums/11/214.600x600.jpg',NULL,NULL,NULL,NULL,NULL,NULL),(215,NULL,11,13,'',NULL,NULL,1364057051,1364057051,NULL,NULL,NULL,NULL,NULL,NULL,NULL,'IMG_5277',NULL,NULL,NULL,'/images/albums/11/215.220x220.jpg','IMAGE','1',0,NULL,'/images/albums/11/215.600x600.jpg',NULL,NULL,NULL,NULL,NULL,NULL),(216,NULL,11,13,'',NULL,NULL,1364057052,1364057052,NULL,NULL,NULL,NULL,NULL,NULL,NULL,'IMG_5281',NULL,NULL,NULL,'/images/albums/11/216.220x220.jpg','IMAGE','1',0,NULL,'/images/albums/11/216.600x600.jpg',NULL,NULL,NULL,NULL,NULL,NULL),(217,NULL,11,13,'',NULL,NULL,1364057053,1364057053,NULL,NULL,NULL,NULL,NULL,NULL,NULL,'IMG_5276',NULL,NULL,NULL,'/images/albums/11/217.220x220.jpg','IMAGE','1',0,NULL,'/images/albums/11/217.600x600.jpg',NULL,NULL,NULL,NULL,NULL,NULL),(218,NULL,11,13,'',NULL,NULL,1364057053,1364057053,NULL,NULL,NULL,NULL,NULL,NULL,NULL,'IMG_4973',NULL,NULL,NULL,'/images/albums/11/218.220x220.jpg','IMAGE','1',0,NULL,'/images/albums/11/218.600x600.jpg',NULL,NULL,NULL,NULL,NULL,NULL),(219,NULL,11,13,'',NULL,NULL,1364057054,1364057054,NULL,NULL,NULL,NULL,NULL,NULL,NULL,'IMG_5016',NULL,NULL,NULL,'/images/albums/11/219.220x220.jpg','IMAGE','1',0,NULL,'/images/albums/11/219.600x600.jpg',NULL,NULL,NULL,NULL,NULL,NULL),(220,NULL,11,13,'',NULL,NULL,1364057054,1364057054,NULL,NULL,NULL,NULL,NULL,NULL,NULL,'IMG_5023',NULL,NULL,NULL,'/images/albums/11/220.220x220.jpg','IMAGE','1',0,NULL,'/images/albums/11/220.600x600.jpg',NULL,NULL,NULL,NULL,NULL,NULL),(221,NULL,11,13,'',NULL,NULL,1364057079,1364057079,NULL,NULL,NULL,NULL,NULL,NULL,NULL,'IMG_5288',NULL,NULL,NULL,'/images/albums/11/221.220x220.jpg','IMAGE','1',0,NULL,'/images/albums/11/221.600x600.jpg',NULL,NULL,NULL,NULL,NULL,NULL),(222,NULL,11,13,'',NULL,NULL,1364057079,1364057079,NULL,NULL,NULL,NULL,NULL,NULL,NULL,'IMG_5306',NULL,NULL,NULL,'/images/albums/11/222.220x220.jpg','IMAGE','1',0,NULL,'/images/albums/11/222.600x600.jpg',NULL,NULL,NULL,NULL,NULL,NULL),(223,NULL,11,13,'',NULL,NULL,1364057080,1364057080,NULL,NULL,NULL,NULL,NULL,NULL,NULL,'IMG_5290',NULL,NULL,NULL,'/images/albums/11/223.220x220.jpg','IMAGE','1',0,NULL,'/images/albums/11/223.600x600.jpg',NULL,NULL,NULL,NULL,NULL,NULL),(224,NULL,11,13,'',NULL,NULL,1364057080,1364057080,NULL,NULL,NULL,NULL,NULL,NULL,NULL,'IMG_5295',NULL,NULL,NULL,'/images/albums/11/224.220x220.jpg','IMAGE','1',0,NULL,'/images/albums/11/224.600x600.jpg',NULL,NULL,NULL,NULL,NULL,NULL),(225,NULL,11,13,'',NULL,NULL,1364057082,1364057082,NULL,NULL,NULL,NULL,NULL,NULL,NULL,'IMG_5321',NULL,NULL,NULL,'/images/albums/11/225.220x220.jpg','IMAGE','1',0,NULL,'/images/albums/11/225.600x600.jpg',NULL,NULL,NULL,NULL,NULL,NULL),(226,NULL,11,13,'',NULL,NULL,1364057083,1364057083,NULL,NULL,NULL,NULL,NULL,NULL,NULL,'IMG_5328',NULL,NULL,NULL,'/images/albums/11/226.220x220.jpg','IMAGE','1',0,NULL,'/images/albums/11/226.600x600.jpg',NULL,NULL,NULL,NULL,NULL,NULL),(227,NULL,11,13,'',NULL,NULL,1364057083,1364057083,NULL,NULL,NULL,NULL,NULL,NULL,NULL,'IMG_5293',NULL,NULL,NULL,'/images/albums/11/227.220x220.jpg','IMAGE','1',0,NULL,'/images/albums/11/227.600x600.jpg',NULL,NULL,NULL,NULL,NULL,NULL),(228,NULL,11,13,'',NULL,NULL,1364057084,1364057084,NULL,NULL,NULL,NULL,NULL,NULL,NULL,'IMG_5291',NULL,NULL,NULL,'/images/albums/11/228.220x220.jpg','IMAGE','1',0,NULL,'/images/albums/11/228.600x600.jpg',NULL,NULL,NULL,NULL,NULL,NULL),(229,NULL,11,13,'',NULL,NULL,1364057090,1364057090,NULL,NULL,NULL,NULL,NULL,NULL,NULL,'IMG_5574',NULL,NULL,NULL,'/images/albums/11/229.220x220.jpg','IMAGE','1',0,NULL,'/images/albums/11/229.600x600.jpg',NULL,NULL,NULL,NULL,NULL,NULL),(230,NULL,11,13,'',NULL,NULL,1364057091,1364057091,NULL,NULL,NULL,NULL,NULL,NULL,NULL,'IMG_5570',NULL,NULL,NULL,'/images/albums/11/230.220x220.jpg','IMAGE','1',0,NULL,'/images/albums/11/230.600x600.jpg',NULL,NULL,NULL,NULL,NULL,NULL),(231,NULL,11,13,'',NULL,NULL,1364057092,1364057092,NULL,NULL,NULL,NULL,NULL,NULL,NULL,'IMG_5694',NULL,NULL,NULL,'/images/albums/11/231.220x220.jpg','IMAGE','1',0,NULL,'/images/albums/11/231.600x600.jpg',NULL,NULL,NULL,NULL,NULL,NULL),(232,NULL,11,13,'',NULL,NULL,1364057092,1364057092,NULL,NULL,NULL,NULL,NULL,NULL,NULL,'IMG_5527',NULL,NULL,NULL,'/images/albums/11/232.220x220.jpg','IMAGE','1',0,NULL,'/images/albums/11/232.600x600.jpg',NULL,NULL,NULL,NULL,NULL,NULL),(233,NULL,11,13,'',NULL,NULL,1364057092,1364057092,NULL,NULL,NULL,NULL,NULL,NULL,NULL,'IMG_5340',NULL,NULL,NULL,'/images/albums/11/233.220x220.jpg','IMAGE','1',0,NULL,'/images/albums/11/233.600x600.jpg',NULL,NULL,NULL,NULL,NULL,NULL),(234,NULL,11,13,'',NULL,NULL,1364057093,1364057093,NULL,NULL,NULL,NULL,NULL,NULL,NULL,'IMG_5438',NULL,NULL,NULL,'/images/albums/11/234.220x220.jpg','IMAGE','1',0,NULL,'/images/albums/11/234.600x600.jpg',NULL,NULL,NULL,NULL,NULL,NULL),(235,NULL,11,13,'',NULL,NULL,1364057095,1364057095,NULL,NULL,NULL,NULL,NULL,NULL,NULL,'IMG_5338',NULL,NULL,NULL,'/images/albums/11/235.220x220.jpg','IMAGE','1',0,NULL,'/images/albums/11/235.600x600.jpg',NULL,NULL,NULL,NULL,NULL,NULL),(237,NULL,NULL,12,'',NULL,NULL,1364068398,1364068398,NULL,NULL,NULL,NULL,NULL,NULL,NULL,'6057_original',NULL,NULL,NULL,'/images/comment/142/237.220x220.png','IMAGE','1',0,NULL,'/images/comment/142/237.600x600.png',NULL,142,'messages',130,NULL,NULL),(238,NULL,NULL,12,'',NULL,NULL,1364068399,1364068399,NULL,NULL,NULL,NULL,NULL,NULL,NULL,'02846001',NULL,NULL,NULL,'/images/comment/142/238.220x220.jpg','IMAGE','1',0,NULL,'/images/comment/142/238.600x600.jpg',NULL,142,'messages',130,NULL,NULL),(239,NULL,NULL,14,'',NULL,NULL,1364127785,1364127785,NULL,NULL,NULL,NULL,NULL,NULL,NULL,'Мохня какая то',NULL,NULL,NULL,'/images/messages/138/239.220x220.jpg','IMAGE','1',0,NULL,'/images/messages/138/239.600x600.jpg',138,NULL,NULL,NULL,NULL,NULL),(240,NULL,NULL,14,'',NULL,NULL,1364127786,1364127786,NULL,NULL,NULL,NULL,NULL,NULL,NULL,'Забор под выским напряжением',NULL,NULL,NULL,'/images/messages/138/240.220x220.jpg','IMAGE','1',0,NULL,'/images/messages/138/240.600x600.jpg',138,NULL,NULL,NULL,NULL,NULL),(241,NULL,NULL,14,'',NULL,NULL,1364127787,1364127787,NULL,NULL,NULL,NULL,NULL,NULL,NULL,'Озеро Платинка',NULL,NULL,NULL,'/images/messages/138/241.220x220.jpg','IMAGE','1',0,NULL,'/images/messages/138/241.600x600.jpg',138,NULL,NULL,NULL,NULL,NULL),(242,NULL,NULL,14,'',NULL,NULL,1364127787,1364127787,NULL,NULL,NULL,NULL,NULL,NULL,NULL,'Забор под высоким разрешением',NULL,NULL,NULL,'/images/messages/138/242.220x220.jpg','IMAGE','1',0,NULL,'/images/messages/138/242.600x600.jpg',138,NULL,NULL,NULL,NULL,NULL),(243,NULL,NULL,14,'',NULL,NULL,1364127788,1364127788,NULL,NULL,NULL,NULL,NULL,NULL,NULL,'Конь 2',NULL,NULL,NULL,'/images/messages/138/243.220x220.jpg','IMAGE','1',0,NULL,'/images/messages/138/243.600x600.jpg',138,NULL,NULL,NULL,NULL,NULL),(244,NULL,NULL,14,'',NULL,NULL,1364127788,1364127788,NULL,NULL,NULL,NULL,NULL,NULL,NULL,'Забурились в ЛЕС',NULL,NULL,NULL,'/images/messages/138/244.220x220.jpg','IMAGE','1',0,NULL,'/images/messages/138/244.600x600.jpg',138,NULL,NULL,NULL,NULL,NULL),(245,NULL,NULL,14,'',NULL,NULL,1364127789,1364127789,NULL,NULL,NULL,NULL,NULL,NULL,NULL,'Конь',NULL,NULL,NULL,'/images/messages/138/245.220x220.jpg','IMAGE','1',0,NULL,'/images/messages/138/245.600x600.jpg',138,NULL,NULL,NULL,NULL,NULL),(246,NULL,NULL,14,'',NULL,NULL,1364127891,1364127891,NULL,NULL,NULL,NULL,NULL,NULL,NULL,'Река АЙ',NULL,NULL,NULL,'/images/comment/143/246.220x220.jpg','IMAGE','1',0,NULL,'/images/comment/143/246.600x600.jpg',NULL,143,'messages',138,NULL,NULL),(247,NULL,NULL,14,'',NULL,NULL,1364127891,1364127891,NULL,NULL,NULL,NULL,NULL,NULL,NULL,'Серёха 2',NULL,NULL,NULL,'/images/comment/143/247.220x220.jpg','IMAGE','1',0,NULL,'/images/comment/143/247.600x600.jpg',NULL,143,'messages',138,NULL,NULL),(248,NULL,NULL,14,'',NULL,NULL,1364127892,1364127892,NULL,NULL,NULL,NULL,NULL,NULL,NULL,'Перед спуском на реку',NULL,NULL,NULL,'/images/comment/143/248.220x220.jpg','IMAGE','1',0,NULL,'/images/comment/143/248.600x600.jpg',NULL,143,'messages',138,NULL,NULL),(249,NULL,NULL,14,'',NULL,NULL,1364127893,1364127893,NULL,NULL,NULL,NULL,NULL,NULL,NULL,'Село Платинка 1',NULL,NULL,NULL,'/images/comment/143/249.220x220.jpg','IMAGE','1',0,NULL,'/images/comment/143/249.600x600.jpg',NULL,143,'messages',138,NULL,NULL),(250,NULL,NULL,14,'',NULL,NULL,1364127893,1364127893,NULL,NULL,NULL,NULL,NULL,NULL,NULL,'СерёХА',NULL,NULL,NULL,'/images/comment/143/250.220x220.jpg','IMAGE','1',0,NULL,'/images/comment/143/250.600x600.jpg',NULL,143,'messages',138,NULL,NULL),(251,NULL,NULL,14,'',NULL,NULL,1364127894,1364127894,NULL,NULL,NULL,NULL,NULL,NULL,NULL,'Село Платинка 2',NULL,NULL,NULL,'/images/comment/143/251.220x220.jpg','IMAGE','1',0,NULL,'/images/comment/143/251.600x600.jpg',NULL,143,'messages',138,NULL,NULL),(252,NULL,NULL,14,'',NULL,NULL,1364127894,1364127894,NULL,NULL,NULL,NULL,NULL,NULL,NULL,'Реклама',NULL,NULL,NULL,'/images/comment/143/252.220x220.jpg','IMAGE','1',0,NULL,'/images/comment/143/252.600x600.jpg',NULL,143,'messages',138,NULL,NULL),(253,NULL,NULL,14,'',NULL,NULL,1364127915,1364127915,NULL,NULL,NULL,NULL,NULL,NULL,NULL,'Уезжаем из Платинка',NULL,NULL,NULL,'/images/comment/144/253.220x220.jpg','IMAGE','1',0,NULL,'/images/comment/144/253.600x600.jpg',NULL,144,'messages',138,NULL,NULL),(254,NULL,NULL,14,'',NULL,NULL,1364127915,1364127915,NULL,NULL,NULL,NULL,NULL,NULL,NULL,'Тропа к реке ай 2',NULL,NULL,NULL,'/images/comment/144/254.220x220.jpg','IMAGE','1',0,NULL,'/images/comment/144/254.600x600.jpg',NULL,144,'messages',138,NULL,NULL),(255,NULL,NULL,14,'',NULL,NULL,1364127916,1364127916,NULL,NULL,NULL,NULL,NULL,NULL,NULL,'Хребет Уреньга',NULL,NULL,NULL,'/images/comment/144/255.220x220.jpg','IMAGE','1',0,NULL,'/images/comment/144/255.600x600.jpg',NULL,144,'messages',138,NULL,NULL),(256,NULL,NULL,14,'',NULL,NULL,1364127916,1364127916,NULL,NULL,NULL,NULL,NULL,NULL,NULL,'Тропа к реке АЙ',NULL,NULL,NULL,'/images/comment/144/256.220x220.jpg','IMAGE','1',0,NULL,'/images/comment/144/256.600x600.jpg',NULL,144,'messages',138,NULL,NULL),(257,NULL,NULL,14,'',NULL,NULL,1364133492,1364133492,NULL,NULL,NULL,NULL,NULL,NULL,NULL,'Забор под высоким разрешением',NULL,NULL,NULL,'/images/messages/139/257.220x220.jpg','IMAGE','1',0,NULL,'/images/messages/139/257.600x600.jpg',139,NULL,NULL,NULL,NULL,NULL),(258,NULL,NULL,14,'',NULL,NULL,1364133492,1364133492,NULL,NULL,NULL,NULL,NULL,NULL,NULL,'Забурились в ЛЕС',NULL,NULL,NULL,'/images/messages/139/258.220x220.jpg','IMAGE','1',0,NULL,'/images/messages/139/258.600x600.jpg',139,NULL,NULL,NULL,NULL,NULL),(259,NULL,NULL,14,'',NULL,NULL,1364133494,1364133494,NULL,NULL,NULL,NULL,NULL,NULL,NULL,'СерёХА',NULL,NULL,NULL,'/images/messages/139/259.220x220.jpg','IMAGE','1',0,NULL,'/images/messages/139/259.600x600.jpg',139,NULL,NULL,NULL,NULL,NULL),(260,NULL,NULL,14,'',NULL,NULL,1364133495,1364133495,NULL,NULL,NULL,NULL,NULL,NULL,NULL,'Конь',NULL,NULL,NULL,'/images/messages/139/260.220x220.jpg','IMAGE','1',0,NULL,'/images/messages/139/260.600x600.jpg',139,NULL,NULL,NULL,NULL,NULL),(261,NULL,NULL,14,'',NULL,NULL,1364133495,1364133495,NULL,NULL,NULL,NULL,NULL,NULL,NULL,'Уезжаем из Платинка',NULL,NULL,NULL,'/images/messages/139/261.220x220.jpg','IMAGE','1',0,NULL,'/images/messages/139/261.600x600.jpg',139,NULL,NULL,NULL,NULL,NULL),(262,NULL,NULL,14,'',NULL,NULL,1364133496,1364133496,NULL,NULL,NULL,NULL,NULL,NULL,NULL,'Серёха 2',NULL,NULL,NULL,'/images/messages/139/262.220x220.jpg','IMAGE','1',0,NULL,'/images/messages/139/262.600x600.jpg',139,NULL,NULL,NULL,NULL,NULL),(263,NULL,NULL,14,'',NULL,NULL,1364133496,1364133496,NULL,NULL,NULL,NULL,NULL,NULL,NULL,'Перед спуском на реку',NULL,NULL,NULL,'/images/messages/139/263.220x220.jpg','IMAGE','1',0,NULL,'/images/messages/139/263.600x600.jpg',139,NULL,NULL,NULL,NULL,NULL),(264,NULL,NULL,14,'',NULL,NULL,1364133497,1364133497,NULL,NULL,NULL,NULL,NULL,NULL,NULL,'Озеро Платинка',NULL,NULL,NULL,'/images/messages/139/264.220x220.jpg','IMAGE','1',0,NULL,'/images/messages/139/264.600x600.jpg',139,NULL,NULL,NULL,NULL,NULL),(265,NULL,NULL,12,'',NULL,NULL,1364754038,1364754038,NULL,NULL,NULL,NULL,NULL,NULL,NULL,'left1',NULL,NULL,NULL,'/images/messages/144/265.220x220.png','IMAGE','1',0,NULL,'/images/messages/144/265.600x600.png',144,NULL,NULL,NULL,NULL,NULL),(266,NULL,NULL,14,'',NULL,NULL,1364789259,1364789259,NULL,NULL,NULL,NULL,NULL,NULL,NULL,'DSCF4293',NULL,NULL,NULL,'/images/messages/157/266.220x220.jpg','IMAGE','1',0,NULL,'/images/messages/157/266.600x600.jpg',157,NULL,NULL,NULL,NULL,NULL),(267,NULL,NULL,14,'',NULL,NULL,1364881273,1364881273,NULL,NULL,NULL,NULL,NULL,NULL,NULL,'3065-2',NULL,NULL,NULL,'/images/messages/169/267.220x220.jpg','IMAGE','1',0,NULL,'/images/messages/169/267.600x600.jpg',169,NULL,NULL,NULL,NULL,NULL),(268,NULL,NULL,14,'',NULL,NULL,1365067803,1365067803,NULL,NULL,NULL,NULL,NULL,NULL,NULL,'IMG_2425',NULL,NULL,NULL,'/images/messages/173/268.220x220.jpg','IMAGE','1',0,NULL,'/images/messages/173/268.600x600.jpg',173,NULL,NULL,NULL,NULL,NULL),(269,NULL,NULL,20,'',NULL,NULL,1365083352,1365083352,NULL,NULL,NULL,NULL,NULL,NULL,NULL,'5IMG_0364',NULL,NULL,NULL,'/images/messages/174/269.220x220.jpg','IMAGE','1',0,NULL,'/images/messages/174/269.600x600.jpg',174,NULL,NULL,NULL,NULL,NULL),(270,NULL,NULL,20,'',NULL,NULL,1365083430,1365083430,NULL,NULL,NULL,NULL,NULL,NULL,NULL,'5IMG_0364',NULL,NULL,NULL,'/images/messages/175/270.220x220.jpg','IMAGE','1',0,NULL,'/images/messages/175/270.600x600.jpg',175,NULL,NULL,NULL,NULL,NULL),(271,NULL,NULL,14,'',NULL,NULL,1365170355,1365170355,NULL,NULL,NULL,NULL,NULL,NULL,NULL,'IMG_6984',NULL,NULL,NULL,'/images/messages/176/271.220x220.jpg','IMAGE','1',0,NULL,'/images/messages/176/271.600x600.jpg',176,NULL,NULL,NULL,NULL,NULL),(272,NULL,NULL,14,'',NULL,NULL,1365170418,1365170418,NULL,NULL,NULL,NULL,NULL,NULL,NULL,'IMG_7017',NULL,NULL,NULL,'/images/messages/176/272.220x220.jpg','IMAGE','1',0,NULL,'/images/messages/176/272.600x600.jpg',176,NULL,NULL,NULL,NULL,NULL),(273,NULL,NULL,14,'',NULL,NULL,1365170426,1365170426,NULL,NULL,NULL,NULL,NULL,NULL,NULL,'IMG_7013',NULL,NULL,NULL,'/images/messages/176/273.220x220.jpg','IMAGE','1',0,NULL,'/images/messages/176/273.600x600.jpg',176,NULL,NULL,NULL,NULL,NULL),(274,NULL,NULL,14,'',NULL,NULL,1365170450,1365170450,NULL,NULL,NULL,NULL,NULL,NULL,NULL,'IMG_7027',NULL,NULL,NULL,'/images/messages/176/274.220x220.jpg','IMAGE','1',0,NULL,'/images/messages/176/274.600x600.jpg',176,NULL,NULL,NULL,NULL,NULL),(275,NULL,NULL,14,'',NULL,NULL,1365235097,1365235097,NULL,NULL,NULL,NULL,NULL,NULL,NULL,'3065-3',NULL,NULL,NULL,'/images/messages/177/275.220x220.jpg','IMAGE','1',0,NULL,'/images/messages/177/275.600x600.jpg',177,NULL,NULL,NULL,NULL,NULL),(276,NULL,NULL,14,'',NULL,NULL,1365235098,1365235098,NULL,NULL,NULL,NULL,NULL,NULL,NULL,'3065-2',NULL,NULL,NULL,'/images/messages/177/276.220x220.jpg','IMAGE','1',0,NULL,'/images/messages/177/276.600x600.jpg',177,NULL,NULL,NULL,NULL,NULL),(277,NULL,NULL,14,'',NULL,NULL,1365235101,1365235101,NULL,NULL,NULL,NULL,NULL,NULL,NULL,'3065-1',NULL,NULL,NULL,'/images/messages/177/277.220x220.jpg','IMAGE','1',0,NULL,'/images/messages/177/277.600x600.jpg',177,NULL,NULL,NULL,NULL,NULL),(278,NULL,NULL,14,'',NULL,NULL,1365235104,1365235104,NULL,NULL,NULL,NULL,NULL,NULL,NULL,'3139-2',NULL,NULL,NULL,'/images/messages/177/278.220x220.jpg','IMAGE','1',0,NULL,'/images/messages/177/278.600x600.jpg',177,NULL,NULL,NULL,NULL,NULL),(279,NULL,NULL,14,'',NULL,NULL,1365235109,1365235109,NULL,NULL,NULL,NULL,NULL,NULL,NULL,'3139-6',NULL,NULL,NULL,'/images/messages/177/279.220x220.jpg','IMAGE','1',0,NULL,'/images/messages/177/279.600x600.jpg',177,NULL,NULL,NULL,NULL,NULL),(280,NULL,NULL,12,'',NULL,NULL,1365236129,1365236129,NULL,NULL,NULL,NULL,NULL,NULL,NULL,'257032',NULL,NULL,NULL,'/images/messages/183/280.220x220.jpg','IMAGE','1',0,NULL,'/images/messages/183/280.600x600.jpg',183,NULL,NULL,NULL,NULL,NULL),(281,NULL,NULL,14,'',NULL,NULL,1365416173,1365416173,NULL,NULL,NULL,NULL,NULL,NULL,NULL,'IMG_0080',NULL,NULL,NULL,NULL,'IMAGE','',0,NULL,NULL,195,NULL,NULL,NULL,NULL,NULL),(282,NULL,NULL,14,'',NULL,NULL,1365416183,1365416183,NULL,NULL,NULL,NULL,NULL,NULL,NULL,'IMG_0080',NULL,NULL,NULL,'/images/messages/195/282.220x220.jpg','IMAGE','1',0,NULL,'/images/messages/195/282.600x600.jpg',195,NULL,NULL,NULL,NULL,NULL),(283,NULL,NULL,14,'',NULL,NULL,1366350039,1366350039,NULL,NULL,NULL,NULL,NULL,NULL,NULL,'00_title',NULL,NULL,NULL,'/images/messages/214/283.220x220.jpg','IMAGE','1',0,NULL,'/images/messages/214/283.600x600.jpg',214,NULL,NULL,NULL,NULL,NULL),(284,NULL,NULL,14,'',NULL,NULL,1366357170,1366357170,NULL,NULL,NULL,NULL,NULL,NULL,NULL,'00_title',NULL,NULL,NULL,'/images/messages/217/284.220x220.jpg','IMAGE','1',0,NULL,'/images/messages/217/284.600x600.jpg',217,NULL,NULL,NULL,NULL,NULL),(285,NULL,NULL,14,'',NULL,NULL,1366357177,1366357177,NULL,NULL,NULL,NULL,NULL,NULL,NULL,'DSCF4314',NULL,NULL,NULL,'/images/messages/217/285.220x220.jpg','IMAGE','1',0,NULL,'/images/messages/217/285.600x600.jpg',217,NULL,NULL,NULL,NULL,NULL),(286,NULL,NULL,14,'',NULL,NULL,1366357178,1366357178,NULL,NULL,NULL,NULL,NULL,NULL,NULL,'DSCF4293',NULL,NULL,NULL,'/images/messages/217/286.220x220.jpg','IMAGE','1',0,NULL,'/images/messages/217/286.600x600.jpg',217,NULL,NULL,NULL,NULL,NULL),(287,NULL,NULL,12,'',NULL,NULL,1366536123,1366536123,NULL,NULL,NULL,NULL,NULL,NULL,NULL,'2. Джоан К. Роулинг - Гарри Поттер и Тайная Комната',NULL,NULL,NULL,NULL,'FILE','',0,NULL,NULL,222,NULL,NULL,NULL,NULL,NULL),(288,NULL,NULL,12,'',NULL,NULL,1366536148,1366536148,NULL,NULL,NULL,NULL,NULL,NULL,NULL,'Довлатов, Сергей. Чемодан',NULL,NULL,NULL,NULL,'FILE','',0,NULL,NULL,224,NULL,NULL,NULL,NULL,NULL),(290,NULL,NULL,12,'',NULL,NULL,1366536985,1366536985,NULL,NULL,NULL,NULL,NULL,NULL,NULL,'Довлатов, Сергей. Чемодан',NULL,NULL,NULL,'','FILE','/files/messages/115/Dovlatov, Sergey. Chemodan.txt',0,NULL,'',115,NULL,NULL,NULL,NULL,NULL),(291,NULL,NULL,12,'',NULL,NULL,1366537053,1366537053,NULL,NULL,NULL,NULL,NULL,NULL,NULL,'Довлатов, Сергей. Чемодан',NULL,NULL,NULL,'','FILE','/files/messages/231/Dovlatov, Sergey. Chemodan.txt',0,NULL,'',231,NULL,NULL,NULL,NULL,NULL),(292,NULL,NULL,14,'',NULL,NULL,1367209632,1367209632,NULL,NULL,NULL,NULL,NULL,NULL,NULL,'DSCF4306',NULL,NULL,NULL,'/images/messages/234/292.220x220.jpg','IMAGE','1',0,NULL,'/images/messages/234/292.600x600.jpg',234,NULL,NULL,NULL,NULL,NULL),(293,NULL,NULL,14,'',NULL,NULL,1367209633,1367209633,NULL,NULL,NULL,NULL,NULL,NULL,NULL,'DSCF4309',NULL,NULL,NULL,'/images/messages/234/293.220x220.jpg','IMAGE','1',0,NULL,'/images/messages/234/293.600x600.jpg',234,NULL,NULL,NULL,NULL,NULL),(294,NULL,NULL,14,'',NULL,NULL,1367209679,1367209679,NULL,NULL,NULL,NULL,NULL,NULL,NULL,'DSCF4306',NULL,NULL,NULL,'','FILE','/files/messages/234/DSCF4306.jpg',0,NULL,'',234,NULL,NULL,NULL,NULL,NULL),(295,NULL,NULL,14,'',NULL,NULL,1367213058,1367213058,NULL,NULL,NULL,NULL,NULL,NULL,NULL,'DSCF4314',NULL,NULL,NULL,'/images/comment/153/295.220x220.jpg','IMAGE','1',0,NULL,'/images/comment/153/295.600x600.jpg',NULL,153,'messages',138,NULL,NULL),(296,NULL,NULL,20,'',NULL,NULL,1367557228,1367557228,NULL,NULL,NULL,NULL,NULL,NULL,NULL,'NJQc9sNla_w',NULL,NULL,NULL,'/images/messages/333/296.220x220.jpg','IMAGE','1',0,NULL,'/images/messages/333/296.600x600.jpg',333,NULL,NULL,NULL,NULL,NULL),(297,NULL,NULL,20,'',NULL,NULL,1367557243,1367557243,NULL,NULL,NULL,NULL,NULL,NULL,NULL,'6q_D7bcSRxU',NULL,NULL,NULL,'/images/messages/333/297.220x220.jpg','IMAGE','1',0,NULL,'/images/messages/333/297.600x600.jpg',333,NULL,NULL,NULL,NULL,NULL),(298,NULL,NULL,14,'',NULL,NULL,1367557361,1367557361,NULL,NULL,NULL,NULL,NULL,NULL,NULL,'korben',NULL,NULL,NULL,'/images/messages/335/298.220x220.jpg','IMAGE','1',0,NULL,'/images/messages/335/298.600x600.jpg',335,NULL,NULL,NULL,NULL,NULL),(299,NULL,NULL,14,'',NULL,NULL,1367557361,1367557361,NULL,NULL,NULL,NULL,NULL,NULL,NULL,'fifth_element_2',NULL,NULL,NULL,'/images/messages/335/299.220x220.jpg','IMAGE','1',0,NULL,'/images/messages/335/299.600x600.jpg',335,NULL,NULL,NULL,NULL,NULL),(300,NULL,NULL,20,'',NULL,NULL,1367557408,1367557408,NULL,NULL,NULL,NULL,NULL,NULL,NULL,'PqlFEuHAwOs',NULL,NULL,NULL,'/images/messages/338/300.220x220.jpg','IMAGE','1',0,NULL,'/images/messages/338/300.600x600.jpg',338,NULL,NULL,NULL,NULL,NULL),(301,NULL,NULL,20,'',NULL,NULL,1367557471,1367557471,NULL,NULL,NULL,NULL,NULL,NULL,NULL,'PqlFEuHAwOs',NULL,NULL,NULL,'/images/messages/339/301.220x220.jpg','IMAGE','1',0,NULL,'/images/messages/339/301.600x600.jpg',339,NULL,NULL,NULL,NULL,NULL),(302,NULL,NULL,14,'',NULL,NULL,1367557632,1367557632,NULL,NULL,NULL,NULL,NULL,NULL,NULL,'IMG_4700',NULL,NULL,NULL,'/images/comment/154/302.220x220.jpg','IMAGE','1',0,NULL,'/images/comment/154/302.600x600.jpg',NULL,154,'messages',333,NULL,NULL),(303,NULL,NULL,14,'',NULL,NULL,1367557711,1367557711,NULL,NULL,NULL,NULL,NULL,NULL,NULL,'DSCF4289',NULL,NULL,NULL,'/images/comment/155/303.220x220.jpg','IMAGE','1',0,NULL,'/images/comment/155/303.600x600.jpg',NULL,155,'messages',339,NULL,NULL),(304,NULL,NULL,20,'',NULL,NULL,1367557712,1367557712,NULL,NULL,NULL,NULL,NULL,NULL,NULL,'D7UWNQ17U3c',NULL,NULL,NULL,'/images/messages/343/304.220x220.jpg','IMAGE','1',0,NULL,'/images/messages/343/304.600x600.jpg',343,NULL,NULL,NULL,NULL,NULL),(305,NULL,NULL,20,'',NULL,NULL,1367557720,1367557720,NULL,NULL,NULL,NULL,NULL,NULL,NULL,'rR3o4Ct7X-0',NULL,NULL,NULL,'/images/messages/343/305.220x220.jpg','IMAGE','1',0,NULL,'/images/messages/343/305.600x600.jpg',343,NULL,NULL,NULL,NULL,NULL),(306,NULL,NULL,14,'',NULL,NULL,1367986493,1367986493,NULL,NULL,NULL,NULL,NULL,NULL,NULL,'IMG_4778',NULL,NULL,NULL,'/images/messages/570/306.220x220.jpg','IMAGE','1',0,NULL,'/images/messages/570/306.600x600.jpg',570,NULL,NULL,NULL,NULL,NULL),(307,NULL,NULL,14,'',NULL,NULL,1367986493,1367986493,NULL,NULL,NULL,NULL,NULL,NULL,NULL,'IMG_4737',NULL,NULL,NULL,'/images/messages/570/307.220x220.jpg','IMAGE','1',0,NULL,'/images/messages/570/307.600x600.jpg',570,NULL,NULL,NULL,NULL,NULL),(308,NULL,NULL,14,'',NULL,NULL,1367986493,1367986493,NULL,NULL,NULL,NULL,NULL,NULL,NULL,'IMG_4754',NULL,NULL,NULL,'/images/messages/570/308.220x220.jpg','IMAGE','1',0,NULL,'/images/messages/570/308.600x600.jpg',570,NULL,NULL,NULL,NULL,NULL),(309,NULL,NULL,14,'',NULL,NULL,1367986494,1367986494,NULL,NULL,NULL,NULL,NULL,NULL,NULL,'IMG_4757',NULL,NULL,NULL,'/images/messages/570/309.220x220.jpg','IMAGE','1',0,NULL,'/images/messages/570/309.600x600.jpg',570,NULL,NULL,NULL,NULL,NULL),(310,NULL,NULL,14,'',NULL,NULL,1367986496,1367986496,NULL,NULL,NULL,NULL,NULL,NULL,NULL,'IMG_4765',NULL,NULL,NULL,'/images/messages/570/310.220x220.jpg','IMAGE','1',0,NULL,'/images/messages/570/310.600x600.jpg',570,NULL,NULL,NULL,NULL,NULL),(311,NULL,NULL,14,'',NULL,NULL,1367986496,1367986496,NULL,NULL,NULL,NULL,NULL,NULL,NULL,'IMG_4766',NULL,NULL,NULL,'/images/messages/570/311.220x220.jpg','IMAGE','1',0,NULL,'/images/messages/570/311.600x600.jpg',570,NULL,NULL,NULL,NULL,NULL),(312,NULL,NULL,12,'',NULL,NULL,1368874787,1368874787,NULL,NULL,NULL,NULL,NULL,NULL,NULL,'(6) Гарри Поттер и Принц-полукровка',NULL,NULL,NULL,'','FILE','/files/messages/586/(6) Garri Potter i Princ-polukrovka.txt',0,NULL,'',586,NULL,NULL,NULL,NULL,NULL),(313,NULL,10,14,'',NULL,NULL,1372936377,1372936377,NULL,NULL,NULL,NULL,NULL,NULL,NULL,'107156-2560x1920',NULL,NULL,NULL,'/images/albums/10/313.220x220.jpg','IMAGE','1',0,NULL,'/images/albums/10/313.600x600.jpg',NULL,NULL,NULL,NULL,NULL,NULL),(314,NULL,NULL,14,'',NULL,NULL,1373886160,1373886160,NULL,NULL,NULL,NULL,NULL,NULL,NULL,'IMG_0778',NULL,NULL,NULL,'/images/messages/609/314.220x220.jpg','IMAGE','1',0,NULL,'/images/messages/609/314.600x600.jpg',609,NULL,NULL,NULL,NULL,NULL),(315,NULL,NULL,14,'',NULL,NULL,1373886215,1373886215,NULL,NULL,NULL,NULL,NULL,NULL,NULL,'IMG_0777',NULL,NULL,NULL,'/images/messages/609/315.220x220.jpg','IMAGE','1',0,NULL,'/images/messages/609/315.600x600.jpg',609,NULL,NULL,NULL,NULL,NULL),(316,NULL,NULL,14,'',NULL,NULL,1373886370,1373886370,NULL,NULL,NULL,NULL,NULL,NULL,NULL,'IMG_0777',NULL,NULL,NULL,'/images/messages/613/316.220x220.jpg','IMAGE','1',0,NULL,'/images/messages/613/316.600x600.jpg',613,NULL,NULL,NULL,NULL,NULL),(317,NULL,NULL,14,'',NULL,NULL,1373886379,1373886379,NULL,NULL,NULL,NULL,NULL,NULL,NULL,'IMG_0778',NULL,NULL,NULL,'/images/messages/613/317.220x220.jpg','IMAGE','1',0,NULL,'/images/messages/613/317.600x600.jpg',613,NULL,NULL,NULL,NULL,NULL),(318,NULL,NULL,14,'',NULL,NULL,1373886637,1373886637,NULL,NULL,NULL,NULL,NULL,NULL,NULL,'DPP_0180',NULL,NULL,NULL,'/images/car/8/318.220x220.jpg','IMAGE','1',0,NULL,'/images/car/8/318.600x600.jpg',NULL,NULL,'car',8,NULL,NULL),(319,NULL,NULL,14,'',NULL,NULL,1373886638,1373886638,NULL,NULL,NULL,NULL,NULL,NULL,NULL,'DPP_0133',NULL,NULL,NULL,'/images/car/8/319.220x220.jpg','IMAGE','1',0,NULL,'/images/car/8/319.600x600.jpg',NULL,NULL,'car',8,NULL,NULL),(320,NULL,NULL,14,'',NULL,NULL,1373886641,1373886641,NULL,NULL,NULL,NULL,NULL,NULL,NULL,'DPP_0181',NULL,NULL,NULL,'/images/car/8/320.220x220.jpg','IMAGE','1',0,NULL,'/images/car/8/320.600x600.jpg',NULL,NULL,'car',8,NULL,NULL),(334,NULL,NULL,14,'',NULL,NULL,1375429444,1375429444,NULL,NULL,NULL,NULL,NULL,NULL,NULL,'DPP_0085',NULL,NULL,NULL,'/images/car/9/334.220x220.jpg','IMAGE','1',0,NULL,'/images/car/9/334.600x600.jpg',NULL,NULL,'car',9,NULL,NULL),(330,NULL,NULL,14,'',NULL,NULL,1375343699,1375343699,NULL,NULL,NULL,NULL,NULL,NULL,NULL,'DPP_0180',NULL,NULL,NULL,'/images/car/9/330.220x220.jpg','IMAGE','1',0,NULL,'/images/car/9/330.600x600.jpg',NULL,NULL,'car',9,NULL,NULL),(331,NULL,NULL,14,'',NULL,NULL,1375343701,1375343701,NULL,NULL,NULL,NULL,NULL,NULL,NULL,'DPP_0133',NULL,NULL,NULL,'/images/car/9/331.220x220.jpg','IMAGE','1',0,NULL,'/images/car/9/331.600x600.jpg',NULL,NULL,'car',9,NULL,NULL),(324,NULL,NULL,14,'',NULL,NULL,1373887374,1373887374,NULL,NULL,NULL,NULL,NULL,NULL,NULL,'DPP_0076',NULL,NULL,NULL,'/images/comment/168/324.220x220.jpg','IMAGE','1',0,NULL,'/images/comment/168/324.600x600.jpg',NULL,168,'messages',613,NULL,NULL),(325,NULL,NULL,14,'',NULL,NULL,1373887375,1373887375,NULL,NULL,NULL,NULL,NULL,NULL,NULL,'DPP_0031',NULL,NULL,NULL,'/images/comment/168/325.220x220.jpg','IMAGE','1',0,NULL,'/images/comment/168/325.600x600.jpg',NULL,168,'messages',613,NULL,NULL),(326,NULL,NULL,14,'',NULL,NULL,1373959083,1373959083,NULL,NULL,NULL,NULL,NULL,NULL,NULL,'284299-1920x1080',NULL,NULL,NULL,'/images/comment/171/326.220x220.jpg','IMAGE','1',0,NULL,'/images/comment/171/326.600x600.jpg',NULL,171,'messages',613,NULL,NULL),(327,NULL,NULL,14,'',NULL,NULL,1373959083,1373959083,NULL,NULL,NULL,NULL,NULL,NULL,NULL,'121814-2048x1536',NULL,NULL,NULL,'/images/comment/171/327.220x220.jpg','IMAGE','1',0,NULL,'/images/comment/171/327.600x600.jpg',NULL,171,'messages',613,NULL,NULL),(333,NULL,NULL,14,'',NULL,NULL,1375429235,1375429235,NULL,NULL,NULL,NULL,NULL,NULL,NULL,'DPP_0025',NULL,NULL,NULL,'/images/car/9/333.220x220.jpg','IMAGE','1',0,NULL,'/images/car/9/333.600x600.jpg',NULL,NULL,'car',9,NULL,NULL),(332,NULL,NULL,14,'',NULL,NULL,1375343703,1375343703,NULL,NULL,NULL,NULL,NULL,NULL,NULL,'DPP_0181',NULL,NULL,NULL,'/images/car/9/332.220x220.jpg','IMAGE','1',0,NULL,'/images/car/9/332.600x600.jpg',NULL,NULL,'car',9,NULL,NULL),(335,NULL,NULL,14,'',NULL,NULL,1375429444,1375429444,NULL,NULL,NULL,NULL,NULL,NULL,NULL,'DPP_0084',NULL,NULL,NULL,'/images/car/9/335.220x220.jpg','IMAGE','1',0,NULL,'/images/car/9/335.600x600.jpg',NULL,NULL,'car',9,NULL,NULL),(336,NULL,NULL,14,'',NULL,NULL,1375430321,1375430321,NULL,NULL,NULL,NULL,NULL,NULL,NULL,'DPP_0084',NULL,NULL,NULL,'/images/messages/624/336.220x220.jpg','IMAGE','1',0,NULL,'/images/messages/624/336.600x600.jpg',624,NULL,NULL,NULL,NULL,NULL),(337,NULL,NULL,14,'',NULL,NULL,1375430322,1375430322,NULL,NULL,NULL,NULL,NULL,NULL,NULL,'DPP_0085',NULL,NULL,NULL,'/images/messages/624/337.220x220.jpg','IMAGE','1',0,NULL,'/images/messages/624/337.600x600.jpg',624,NULL,NULL,NULL,NULL,NULL),(338,NULL,NULL,14,'',NULL,NULL,1375430447,1375430447,NULL,NULL,NULL,NULL,NULL,NULL,NULL,'Шрифты',NULL,NULL,NULL,'','FILE','/files/messages/625/Shrifty.docx',0,NULL,'',625,NULL,NULL,NULL,NULL,NULL),(339,NULL,NULL,14,'',NULL,NULL,1375430469,1375430469,NULL,NULL,NULL,NULL,NULL,NULL,NULL,'121814-2048x1536',NULL,NULL,NULL,'/images/messages/625/339.220x220.jpg','IMAGE','1',0,NULL,'/images/messages/625/339.600x600.jpg',625,NULL,NULL,NULL,NULL,NULL),(340,NULL,NULL,14,'',NULL,NULL,1375430475,1375430475,NULL,NULL,NULL,NULL,NULL,NULL,NULL,'116924-1920x1200',NULL,NULL,NULL,'/images/messages/625/340.220x220.jpg','IMAGE','1',0,NULL,'/images/messages/625/340.600x600.jpg',625,NULL,NULL,NULL,NULL,NULL),(341,NULL,NULL,12,'',NULL,NULL,1378788002,1378788002,NULL,NULL,NULL,NULL,NULL,NULL,NULL,'xtrail',NULL,NULL,NULL,'/images/car/57/341.220x220.jpeg','IMAGE','1',0,NULL,'/images/car/57/341.600x600.jpeg',NULL,NULL,'car',57,NULL,NULL),(342,NULL,NULL,12,'',NULL,NULL,1378788154,1378788154,NULL,NULL,NULL,NULL,NULL,NULL,NULL,'nissan_x_trail_geneva_9',NULL,NULL,NULL,'/images/car/57/342.220x220.jpg','IMAGE','1',0,NULL,'/images/car/57/342.600x600.jpg',NULL,NULL,'car',57,NULL,NULL),(343,NULL,NULL,12,'',NULL,NULL,1378788155,1378788155,NULL,NULL,NULL,NULL,NULL,NULL,NULL,'autowp.ru_nissan_x-trail_ii_32',NULL,NULL,NULL,'/images/car/57/343.220x220.jpg','IMAGE','1',0,NULL,'/images/car/57/343.600x600.jpg',NULL,NULL,'car',57,NULL,NULL),(344,NULL,NULL,12,'',NULL,NULL,1378788156,1378788156,NULL,NULL,NULL,NULL,NULL,NULL,NULL,'xtrail3',NULL,NULL,NULL,'/images/car/57/344.220x220.jpeg','IMAGE','1',0,NULL,'/images/car/57/344.600x600.jpeg',NULL,NULL,'car',57,NULL,NULL),(345,NULL,NULL,12,'',NULL,NULL,1378788156,1378788156,NULL,NULL,NULL,NULL,NULL,NULL,NULL,'xtrail2',NULL,NULL,NULL,'/images/car/57/345.220x220.jpeg','IMAGE','1',0,NULL,'/images/car/57/345.600x600.jpeg',NULL,NULL,'car',57,NULL,NULL),(346,NULL,NULL,13,'',NULL,NULL,1379337842,1379337842,NULL,NULL,NULL,NULL,NULL,NULL,NULL,'ac7e6d116f89e9aa6152ea4f3f5c',NULL,NULL,NULL,'/images/messages/646/346.220x220.jpg','IMAGE','1',0,NULL,'/images/messages/646/346.600x600.jpg',646,NULL,NULL,NULL,NULL,NULL),(347,NULL,NULL,13,'',NULL,NULL,1379337842,1379337842,NULL,NULL,NULL,NULL,NULL,NULL,NULL,'cfe5f1273502565ff131687afbe5',NULL,NULL,NULL,'/images/messages/646/347.220x220.jpg','IMAGE','1',0,NULL,'/images/messages/646/347.600x600.jpg',646,NULL,NULL,NULL,NULL,NULL),(348,NULL,NULL,13,'',NULL,NULL,1379340114,1379340114,NULL,NULL,NULL,NULL,NULL,NULL,NULL,'velik',NULL,NULL,NULL,'/images/car/64/348.220x220.jpg','IMAGE','1',0,NULL,'/images/car/64/348.600x600.jpg',NULL,NULL,'car',64,NULL,NULL),(349,NULL,NULL,14,'',NULL,NULL,1379401459,1379401459,NULL,NULL,NULL,NULL,NULL,NULL,NULL,'IMG_0089',NULL,NULL,NULL,'/images/messages/673/349.220x220.jpg','IMAGE','1',0,NULL,'/images/messages/673/349.600x600.jpg',673,NULL,NULL,NULL,NULL,NULL),(350,NULL,NULL,14,'',NULL,NULL,1379401460,1379401460,NULL,NULL,NULL,NULL,NULL,NULL,NULL,'IMG_0095',NULL,NULL,NULL,'/images/messages/673/350.220x220.jpg','IMAGE','1',0,NULL,'/images/messages/673/350.600x600.jpg',673,NULL,NULL,NULL,NULL,NULL),(351,NULL,NULL,14,'',NULL,NULL,1379401460,1379401460,NULL,NULL,NULL,NULL,NULL,NULL,NULL,'IMG_0094',NULL,NULL,NULL,'/images/messages/673/351.220x220.jpg','IMAGE','1',0,NULL,'/images/messages/673/351.600x600.jpg',673,NULL,NULL,NULL,NULL,NULL),(352,NULL,NULL,14,'',NULL,NULL,1379401461,1379401461,NULL,NULL,NULL,NULL,NULL,NULL,NULL,'IMG_0091',NULL,NULL,NULL,'/images/messages/673/352.220x220.jpg','IMAGE','1',0,NULL,'/images/messages/673/352.600x600.jpg',673,NULL,NULL,NULL,NULL,NULL),(353,NULL,NULL,14,'',NULL,NULL,1379478511,1379478511,NULL,NULL,NULL,NULL,NULL,NULL,NULL,'1202740',NULL,NULL,NULL,'/images/messages/678/353.220x220.jpg','IMAGE','1',0,NULL,'/images/messages/678/353.600x600.jpg',678,NULL,NULL,NULL,NULL,NULL),(354,NULL,NULL,14,'',NULL,NULL,1379478512,1379478512,NULL,NULL,NULL,NULL,NULL,NULL,NULL,'1202746',NULL,NULL,NULL,'/images/messages/678/354.220x220.jpg','IMAGE','1',0,NULL,'/images/messages/678/354.600x600.jpg',678,NULL,NULL,NULL,NULL,NULL),(355,NULL,NULL,14,'',NULL,NULL,1379478512,1379478512,NULL,NULL,NULL,NULL,NULL,NULL,NULL,'1202742',NULL,NULL,NULL,'/images/messages/678/355.220x220.jpg','IMAGE','1',0,NULL,'/images/messages/678/355.600x600.jpg',678,NULL,NULL,NULL,NULL,NULL),(356,NULL,NULL,14,'',NULL,NULL,1379478512,1379478512,NULL,NULL,NULL,NULL,NULL,NULL,NULL,'1202750',NULL,NULL,NULL,'/images/messages/678/356.220x220.jpg','IMAGE','1',0,NULL,'/images/messages/678/356.600x600.jpg',678,NULL,NULL,NULL,NULL,NULL),(357,NULL,NULL,14,'',NULL,NULL,1379478512,1379478512,NULL,NULL,NULL,NULL,NULL,NULL,NULL,'1202748',NULL,NULL,NULL,'/images/messages/678/357.220x220.jpg','IMAGE','1',0,NULL,'/images/messages/678/357.600x600.jpg',678,NULL,NULL,NULL,NULL,NULL),(358,NULL,NULL,14,'',NULL,NULL,1379478513,1379478513,NULL,NULL,NULL,NULL,NULL,NULL,NULL,'1202744',NULL,NULL,NULL,'/images/messages/678/358.220x220.jpg','IMAGE','1',0,NULL,'/images/messages/678/358.600x600.jpg',678,NULL,NULL,NULL,NULL,NULL),(359,NULL,NULL,14,'',NULL,NULL,1379478514,1379478514,NULL,NULL,NULL,NULL,NULL,NULL,NULL,'1202754',NULL,NULL,NULL,'/images/messages/678/359.220x220.jpg','IMAGE','1',0,NULL,'/images/messages/678/359.600x600.jpg',678,NULL,NULL,NULL,NULL,NULL),(360,NULL,NULL,14,'',NULL,NULL,1379478514,1379478514,NULL,NULL,NULL,NULL,NULL,NULL,NULL,'1202756',NULL,NULL,NULL,'/images/messages/678/360.220x220.jpg','IMAGE','1',0,NULL,'/images/messages/678/360.600x600.jpg',678,NULL,NULL,NULL,NULL,NULL),(361,NULL,NULL,14,'',NULL,NULL,1379478514,1379478514,NULL,NULL,NULL,NULL,NULL,NULL,NULL,'1202758',NULL,NULL,NULL,'/images/messages/678/361.220x220.jpg','IMAGE','1',0,NULL,'/images/messages/678/361.600x600.jpg',678,NULL,NULL,NULL,NULL,NULL),(362,NULL,NULL,14,'',NULL,NULL,1379478516,1379478516,NULL,NULL,NULL,NULL,NULL,NULL,NULL,'1202752',NULL,NULL,NULL,'/images/messages/678/362.220x220.jpg','IMAGE','1',0,NULL,'/images/messages/678/362.600x600.jpg',678,NULL,NULL,NULL,NULL,NULL),(363,NULL,NULL,14,'',NULL,NULL,1379478636,1379478636,NULL,NULL,NULL,NULL,NULL,NULL,NULL,'1202764',NULL,NULL,NULL,'/images/comment/189/363.220x220.jpg','IMAGE','1',0,NULL,'/images/comment/189/363.600x600.jpg',NULL,189,'messages',678,NULL,NULL),(364,NULL,NULL,14,'',NULL,NULL,1379478636,1379478636,NULL,NULL,NULL,NULL,NULL,NULL,NULL,'1202766',NULL,NULL,NULL,'/images/comment/189/364.220x220.jpg','IMAGE','1',0,NULL,'/images/comment/189/364.600x600.jpg',NULL,189,'messages',678,NULL,NULL),(365,NULL,NULL,14,'',NULL,NULL,1379478637,1379478637,NULL,NULL,NULL,NULL,NULL,NULL,NULL,'1202760',NULL,NULL,NULL,'/images/comment/189/365.220x220.jpg','IMAGE','1',0,NULL,'/images/comment/189/365.600x600.jpg',NULL,189,'messages',678,NULL,NULL),(366,NULL,NULL,14,'',NULL,NULL,1379478637,1379478637,NULL,NULL,NULL,NULL,NULL,NULL,NULL,'1202768',NULL,NULL,NULL,'/images/comment/189/366.220x220.jpg','IMAGE','1',0,NULL,'/images/comment/189/366.600x600.jpg',NULL,189,'messages',678,NULL,NULL),(367,NULL,NULL,14,'',NULL,NULL,1379478637,1379478637,NULL,NULL,NULL,NULL,NULL,NULL,NULL,'1202770',NULL,NULL,NULL,'/images/comment/189/367.220x220.jpg','IMAGE','1',0,NULL,'/images/comment/189/367.600x600.jpg',NULL,189,'messages',678,NULL,NULL),(368,NULL,NULL,14,'',NULL,NULL,1379478638,1379478638,NULL,NULL,NULL,NULL,NULL,NULL,NULL,'1202762',NULL,NULL,NULL,'/images/comment/189/368.220x220.jpg','IMAGE','1',0,NULL,'/images/comment/189/368.600x600.jpg',NULL,189,'messages',678,NULL,NULL),(369,NULL,NULL,14,'',NULL,NULL,1379478638,1379478638,NULL,NULL,NULL,NULL,NULL,NULL,NULL,'1202774',NULL,NULL,NULL,'/images/comment/189/369.220x220.jpg','IMAGE','1',0,NULL,'/images/comment/189/369.600x600.jpg',NULL,189,'messages',678,NULL,NULL),(370,NULL,NULL,14,'',NULL,NULL,1379478638,1379478638,NULL,NULL,NULL,NULL,NULL,NULL,NULL,'1202772',NULL,NULL,NULL,'/images/comment/189/370.220x220.jpg','IMAGE','1',0,NULL,'/images/comment/189/370.600x600.jpg',NULL,189,'messages',678,NULL,NULL),(371,NULL,NULL,14,'',NULL,NULL,1379478987,1379478987,NULL,NULL,NULL,NULL,NULL,NULL,NULL,'1202764',NULL,NULL,NULL,'/images/messages/679/371.220x220.jpg','IMAGE','1',0,NULL,'/images/messages/679/371.600x600.jpg',679,NULL,NULL,NULL,NULL,NULL),(372,NULL,NULL,14,'',NULL,NULL,1379478987,1379478987,NULL,NULL,NULL,NULL,NULL,NULL,NULL,'1202758',NULL,NULL,NULL,'/images/messages/679/372.220x220.jpg','IMAGE','1',0,NULL,'/images/messages/679/372.600x600.jpg',679,NULL,NULL,NULL,NULL,NULL),(373,NULL,NULL,14,'',NULL,NULL,1379478988,1379478988,NULL,NULL,NULL,NULL,NULL,NULL,NULL,'1202766',NULL,NULL,NULL,'/images/messages/679/373.220x220.jpg','IMAGE','1',0,NULL,'/images/messages/679/373.600x600.jpg',679,NULL,NULL,NULL,NULL,NULL),(374,NULL,NULL,14,'',NULL,NULL,1379478988,1379478988,NULL,NULL,NULL,NULL,NULL,NULL,NULL,'1202774',NULL,NULL,NULL,'/images/messages/679/374.220x220.jpg','IMAGE','1',0,NULL,'/images/messages/679/374.600x600.jpg',679,NULL,NULL,NULL,NULL,NULL),(375,NULL,NULL,14,'',NULL,NULL,1379478988,1379478988,NULL,NULL,NULL,NULL,NULL,NULL,NULL,'1202772',NULL,NULL,NULL,'/images/messages/679/375.220x220.jpg','IMAGE','1',0,NULL,'/images/messages/679/375.600x600.jpg',679,NULL,NULL,NULL,NULL,NULL),(376,NULL,NULL,14,'',NULL,NULL,1379595643,1379595643,NULL,NULL,NULL,NULL,NULL,NULL,NULL,'image',NULL,NULL,NULL,'/images/messages/685/376.220x220.jpg','IMAGE','1',0,NULL,'/images/messages/685/376.600x600.jpg',685,NULL,NULL,NULL,NULL,NULL),(377,NULL,NULL,14,'',NULL,NULL,1379595675,1379595675,NULL,NULL,NULL,NULL,NULL,NULL,NULL,'image',NULL,NULL,NULL,'/images/messages/685/377.220x220.jpg','IMAGE','1',0,NULL,'/images/messages/685/377.600x600.jpg',685,NULL,NULL,NULL,NULL,NULL),(378,NULL,NULL,14,'',NULL,NULL,1379595858,1379595858,NULL,NULL,NULL,NULL,NULL,NULL,NULL,'image',NULL,NULL,NULL,'/images/messages/685/378.220x220.jpg','IMAGE','1',0,NULL,'/images/messages/685/378.600x600.jpg',685,NULL,NULL,NULL,NULL,NULL),(379,NULL,NULL,14,'',NULL,NULL,1379595899,1379595899,NULL,NULL,NULL,NULL,NULL,NULL,NULL,'image',NULL,NULL,NULL,NULL,'IMAGE','',0,NULL,NULL,685,NULL,NULL,NULL,NULL,NULL),(380,NULL,NULL,14,'',NULL,NULL,1379595921,1379595921,NULL,NULL,NULL,NULL,NULL,NULL,NULL,'image',NULL,NULL,NULL,NULL,'IMAGE','',0,NULL,NULL,685,NULL,NULL,NULL,NULL,NULL),(381,NULL,NULL,14,'',NULL,NULL,1379596038,1379596038,NULL,NULL,NULL,NULL,NULL,NULL,NULL,'image',NULL,NULL,NULL,'/images/messages/685/381.220x220.jpg','IMAGE','1',0,NULL,'/images/messages/685/381.600x600.jpg',685,NULL,NULL,NULL,NULL,NULL),(382,NULL,NULL,14,'',NULL,NULL,1379596078,1379596078,NULL,NULL,NULL,NULL,NULL,NULL,NULL,'image',NULL,NULL,NULL,'/images/messages/685/382.220x220.jpg','IMAGE','1',0,NULL,'/images/messages/685/382.600x600.jpg',685,NULL,NULL,NULL,NULL,NULL),(383,NULL,NULL,13,'',NULL,NULL,1379596837,1379596837,NULL,NULL,NULL,NULL,NULL,NULL,NULL,'image',NULL,NULL,NULL,'/images/messages/686/383.220x220.jpg','IMAGE','1',0,NULL,'/images/messages/686/383.600x600.jpg',686,NULL,NULL,NULL,NULL,NULL),(384,NULL,NULL,14,'',NULL,NULL,1379597002,1379597002,NULL,NULL,NULL,NULL,NULL,NULL,NULL,'image',NULL,NULL,NULL,'/images/messages/689/384.220x220.jpg','IMAGE','1',0,NULL,'/images/messages/689/384.600x600.jpg',689,NULL,NULL,NULL,NULL,NULL),(385,NULL,NULL,13,'',NULL,NULL,1379610915,1379610915,NULL,NULL,NULL,NULL,NULL,NULL,NULL,'image',NULL,NULL,NULL,'/images/messages/696/385.220x220.jpg','IMAGE','1',0,NULL,'/images/messages/696/385.600x600.jpg',696,NULL,NULL,NULL,NULL,NULL),(388,NULL,NULL,14,'',NULL,NULL,1379926537,1379926537,NULL,NULL,NULL,NULL,NULL,NULL,NULL,'image',NULL,NULL,NULL,'/images/messages/702/388.220x220.jpg','IMAGE','1',0,NULL,'/images/messages/702/388.600x600.jpg',702,NULL,NULL,NULL,NULL,NULL),(387,NULL,NULL,13,'',NULL,NULL,1379611923,1379611923,NULL,NULL,NULL,NULL,NULL,NULL,NULL,'image',NULL,NULL,NULL,'/images/messages/697/387.220x220.jpg','IMAGE','1',0,NULL,'/images/messages/697/387.600x600.jpg',697,NULL,NULL,NULL,NULL,NULL),(390,NULL,NULL,14,'',NULL,NULL,1380002784,1380002784,NULL,NULL,NULL,NULL,NULL,NULL,NULL,'image',NULL,NULL,NULL,'/images/messages/708/390.220x220.jpg','IMAGE','1',0,NULL,'/images/messages/708/390.600x600.jpg',708,NULL,NULL,NULL,NULL,NULL),(391,NULL,NULL,14,'',NULL,NULL,1380175183,1380175183,NULL,NULL,NULL,NULL,NULL,NULL,NULL,'image',NULL,NULL,NULL,'/images/messages/712/391.220x220.jpg','IMAGE','1',0,NULL,'/images/messages/712/391.600x600.jpg',712,NULL,NULL,NULL,NULL,NULL),(392,NULL,NULL,14,'',NULL,NULL,1380175190,1380175190,NULL,NULL,NULL,NULL,NULL,NULL,NULL,'image',NULL,NULL,NULL,'/images/messages/712/392.220x220.jpg','IMAGE','1',0,NULL,'/images/messages/712/392.600x600.jpg',712,NULL,NULL,NULL,NULL,NULL),(393,NULL,NULL,14,'',NULL,NULL,1380175191,1380175191,NULL,NULL,NULL,NULL,NULL,NULL,NULL,'image',NULL,NULL,NULL,'/images/messages/712/393.220x220.jpg','IMAGE','1',0,NULL,'/images/messages/712/393.600x600.jpg',712,NULL,NULL,NULL,NULL,NULL),(394,NULL,NULL,14,'',NULL,NULL,1380175192,1380175192,NULL,NULL,NULL,NULL,NULL,NULL,NULL,'image',NULL,NULL,NULL,'/images/messages/712/394.220x220.jpg','IMAGE','1',0,NULL,'/images/messages/712/394.600x600.jpg',712,NULL,NULL,NULL,NULL,NULL),(395,NULL,NULL,14,'',NULL,NULL,1380175193,1380175193,NULL,NULL,NULL,NULL,NULL,NULL,NULL,'image',NULL,NULL,NULL,'/images/messages/712/395.220x220.jpg','IMAGE','1',0,NULL,'/images/messages/712/395.600x600.jpg',712,NULL,NULL,NULL,NULL,NULL),(396,NULL,NULL,14,'',NULL,NULL,1380175195,1380175195,NULL,NULL,NULL,NULL,NULL,NULL,NULL,'image',NULL,NULL,NULL,'/images/messages/712/396.220x220.jpg','IMAGE','1',0,NULL,'/images/messages/712/396.600x600.jpg',712,NULL,NULL,NULL,NULL,NULL),(397,NULL,NULL,14,'',NULL,NULL,1380175195,1380175195,NULL,NULL,NULL,NULL,NULL,NULL,NULL,'image',NULL,NULL,NULL,'/images/messages/712/397.220x220.jpg','IMAGE','1',0,NULL,'/images/messages/712/397.600x600.jpg',712,NULL,NULL,NULL,NULL,NULL),(398,NULL,NULL,14,'',NULL,NULL,1380175198,1380175198,NULL,NULL,NULL,NULL,NULL,NULL,NULL,'image',NULL,NULL,NULL,'/images/messages/712/398.220x220.jpg','IMAGE','1',0,NULL,'/images/messages/712/398.600x600.jpg',712,NULL,NULL,NULL,NULL,NULL),(399,NULL,NULL,14,'',NULL,NULL,1380175200,1380175200,NULL,NULL,NULL,NULL,NULL,NULL,NULL,'image',NULL,NULL,NULL,'/images/messages/712/399.220x220.jpg','IMAGE','1',0,NULL,'/images/messages/712/399.600x600.jpg',712,NULL,NULL,NULL,NULL,NULL),(400,NULL,NULL,14,'',NULL,NULL,1380179335,1380179335,NULL,NULL,NULL,NULL,NULL,NULL,NULL,'photo (6)',NULL,NULL,NULL,'/images/messages/713/400.220x220.jpg','IMAGE','1',0,NULL,'/images/messages/713/400.600x600.jpg',713,NULL,NULL,NULL,NULL,NULL),(401,NULL,NULL,14,'',NULL,NULL,1380179335,1380179335,NULL,NULL,NULL,NULL,NULL,NULL,NULL,'photo',NULL,NULL,NULL,'/images/messages/713/401.220x220.jpg','IMAGE','1',0,NULL,'/images/messages/713/401.600x600.jpg',713,NULL,NULL,NULL,NULL,NULL),(402,NULL,8,12,'',NULL,NULL,1380265471,1380265471,NULL,NULL,NULL,NULL,NULL,NULL,NULL,'angry1',NULL,NULL,NULL,'/images/albums/8/402.220x220.png','IMAGE','1',0,NULL,'/images/albums/8/402.600x600.png',NULL,NULL,NULL,NULL,NULL,NULL),(403,NULL,8,12,'',NULL,NULL,1380265479,1380265479,NULL,NULL,NULL,NULL,NULL,NULL,NULL,'angry1',NULL,NULL,NULL,'/images/albums/8/403.220x220.png','IMAGE','1',0,NULL,'/images/albums/8/403.600x600.png',NULL,NULL,NULL,NULL,460,494),(404,NULL,NULL,12,'',NULL,NULL,1380265913,1380265913,NULL,NULL,NULL,NULL,NULL,NULL,NULL,'angry1',NULL,NULL,NULL,'/images/messages/757/404.220x220.png','IMAGE','1',0,NULL,'/images/messages/757/404.600x600.png',757,NULL,NULL,NULL,460,494),(405,NULL,NULL,12,'',NULL,NULL,1380265913,1380265913,NULL,NULL,NULL,NULL,NULL,NULL,NULL,'nissan_x_trail_geneva_9',NULL,NULL,NULL,'/images/messages/757/405.220x220.jpg','IMAGE','1',0,NULL,'/images/messages/757/405.600x600.jpg',757,NULL,NULL,NULL,1280,852),(406,NULL,NULL,12,'',NULL,NULL,1380265915,1380265915,NULL,NULL,NULL,NULL,NULL,NULL,NULL,'DSC_0008',NULL,NULL,NULL,'/images/messages/757/406.220x220.jpg','IMAGE','1',0,NULL,'/images/messages/757/406.600x600.jpg',757,NULL,NULL,NULL,3264,4928),(407,NULL,NULL,12,'',NULL,NULL,1380265923,1380265923,NULL,NULL,NULL,NULL,NULL,NULL,NULL,'xtrail',NULL,NULL,NULL,'/images/messages/757/407.220x220.jpeg','IMAGE','1',0,NULL,'/images/messages/757/407.600x600.jpeg',757,NULL,NULL,NULL,2093,1570),(408,NULL,NULL,12,'',NULL,NULL,1380274845,1380274845,NULL,NULL,NULL,NULL,NULL,NULL,NULL,'angry1',NULL,NULL,NULL,'/images/messages/759/408.220x220.png','IMAGE','1',0,NULL,'/images/messages/759/408.600x600.png',759,NULL,NULL,NULL,460,494),(409,NULL,NULL,12,'',NULL,NULL,1380274845,1380274845,NULL,NULL,NULL,NULL,NULL,NULL,NULL,'autowp.ru_nissan_x-trail_ii_32',NULL,NULL,NULL,'/images/messages/759/409.220x220.jpg','IMAGE','1',0,NULL,'/images/messages/759/409.600x600.jpg',759,NULL,NULL,NULL,2048,1536),(410,NULL,NULL,12,'',NULL,NULL,1380274848,1380274848,NULL,NULL,NULL,NULL,NULL,NULL,NULL,'nissan_x_trail_geneva_9',NULL,NULL,NULL,'/images/messages/759/410.220x220.jpg','IMAGE','1',0,NULL,'/images/messages/759/410.600x600.jpg',759,NULL,NULL,NULL,1280,852),(411,NULL,NULL,12,'',NULL,NULL,1380274849,1380274849,NULL,NULL,NULL,NULL,NULL,NULL,NULL,'xtrail',NULL,NULL,NULL,'/images/messages/759/411.220x220.jpeg','IMAGE','1',0,NULL,'/images/messages/759/411.600x600.jpeg',759,NULL,NULL,NULL,2093,1570),(412,NULL,NULL,12,'',NULL,NULL,1380274851,1380274851,NULL,NULL,NULL,NULL,NULL,NULL,NULL,'xtrail2',NULL,NULL,NULL,'/images/messages/759/412.220x220.jpeg','IMAGE','1',0,NULL,'/images/messages/759/412.600x600.jpeg',759,NULL,NULL,NULL,2204,1653),(413,NULL,NULL,12,'',NULL,NULL,1380274854,1380274854,NULL,NULL,NULL,NULL,NULL,NULL,NULL,'DSC_0008',NULL,NULL,NULL,'/images/messages/759/413.220x220.jpg','IMAGE','1',0,NULL,'/images/messages/759/413.600x600.jpg',759,NULL,NULL,NULL,3264,4928),(414,NULL,NULL,12,'',NULL,NULL,1380274862,1380274862,NULL,NULL,NULL,NULL,NULL,NULL,NULL,'xtrail3',NULL,NULL,NULL,'/images/messages/759/414.220x220.jpeg','IMAGE','1',0,NULL,'/images/messages/759/414.600x600.jpeg',759,NULL,NULL,NULL,2093,1570),(415,NULL,NULL,12,'',NULL,NULL,1380280277,1380280277,NULL,NULL,NULL,NULL,NULL,NULL,NULL,'nissan_x_trail_geneva_9',NULL,NULL,NULL,'/images/messages/759/415.220x220.jpg','IMAGE','1',0,NULL,'/images/messages/759/415.600x600.jpg',759,NULL,NULL,NULL,1280,852),(416,NULL,NULL,12,'',NULL,NULL,1380280279,1380280279,NULL,NULL,NULL,NULL,NULL,NULL,NULL,'autowp.ru_nissan_x-trail_ii_32',NULL,NULL,NULL,'/images/messages/759/416.220x220.jpg','IMAGE','1',0,NULL,'/images/messages/759/416.600x600.jpg',759,NULL,NULL,NULL,2048,1536),(417,NULL,NULL,12,'',NULL,NULL,1380280281,1380280281,NULL,NULL,NULL,NULL,NULL,NULL,NULL,'angry1',NULL,NULL,NULL,'/images/messages/759/417.220x220.png','IMAGE','1',0,NULL,'/images/messages/759/417.600x600.png',759,NULL,NULL,NULL,460,494),(418,NULL,NULL,12,'',NULL,NULL,1380280281,1380280281,NULL,NULL,NULL,NULL,NULL,NULL,NULL,'DSC_0008',NULL,NULL,NULL,'/images/messages/759/418.220x220.jpg','IMAGE','1',0,NULL,'/images/messages/759/418.600x600.jpg',759,NULL,NULL,NULL,3264,4928),(419,NULL,NULL,12,'',NULL,NULL,1380280288,1380280288,NULL,NULL,NULL,NULL,NULL,NULL,NULL,'xtrail2',NULL,NULL,NULL,'/images/messages/759/419.220x220.jpeg','IMAGE','1',0,NULL,'/images/messages/759/419.600x600.jpeg',759,NULL,NULL,NULL,2204,1653),(420,NULL,NULL,12,'',NULL,NULL,1380280291,1380280291,NULL,NULL,NULL,NULL,NULL,NULL,NULL,'xtrail',NULL,NULL,NULL,'/images/messages/759/420.220x220.jpeg','IMAGE','1',0,NULL,'/images/messages/759/420.600x600.jpeg',759,NULL,NULL,NULL,2093,1570),(421,NULL,NULL,12,'',NULL,NULL,1380280293,1380280293,NULL,NULL,NULL,NULL,NULL,NULL,NULL,'xtrail3',NULL,NULL,NULL,'/images/messages/759/421.220x220.jpeg','IMAGE','1',0,NULL,'/images/messages/759/421.600x600.jpeg',759,NULL,NULL,NULL,2093,1570),(422,NULL,NULL,12,'',NULL,NULL,1380280462,1380280462,NULL,NULL,NULL,NULL,NULL,NULL,NULL,'angry1',NULL,NULL,NULL,'/images/messages/761/422.220x220.png','IMAGE','1',0,NULL,'/images/messages/761/422.600x600.png',761,NULL,NULL,NULL,460,494),(423,NULL,NULL,12,'',NULL,NULL,1380280633,1380280633,NULL,NULL,NULL,NULL,NULL,NULL,NULL,'angry1',NULL,NULL,NULL,'/images/messages/762/423.220x220.png','IMAGE','1',0,NULL,'/images/messages/762/423.600x600.png',762,NULL,NULL,NULL,460,494),(424,NULL,NULL,12,'',NULL,NULL,1380280634,1380280634,NULL,NULL,NULL,NULL,NULL,NULL,NULL,'nissan_x_trail_geneva_9',NULL,NULL,NULL,'/images/messages/762/424.220x220.jpg','IMAGE','1',0,NULL,'/images/messages/762/424.600x600.jpg',762,NULL,NULL,NULL,1280,852),(425,NULL,NULL,12,'',NULL,NULL,1380280635,1380280635,NULL,NULL,NULL,NULL,NULL,NULL,NULL,'autowp.ru_nissan_x-trail_ii_32',NULL,NULL,NULL,'/images/messages/762/425.220x220.jpg','IMAGE','1',0,NULL,'/images/messages/762/425.600x600.jpg',762,NULL,NULL,NULL,2048,1536),(426,NULL,NULL,12,'',NULL,NULL,1380280637,1380280637,NULL,NULL,NULL,NULL,NULL,NULL,NULL,'xtrail2',NULL,NULL,NULL,'/images/messages/762/426.220x220.jpeg','IMAGE','1',0,NULL,'/images/messages/762/426.600x600.jpeg',762,NULL,NULL,NULL,2204,1653),(427,NULL,NULL,12,'',NULL,NULL,1380280639,1380280639,NULL,NULL,NULL,NULL,NULL,NULL,NULL,'xtrail',NULL,NULL,NULL,'/images/messages/762/427.220x220.jpeg','IMAGE','1',0,NULL,'/images/messages/762/427.600x600.jpeg',762,NULL,NULL,NULL,2093,1570),(428,NULL,NULL,12,'',NULL,NULL,1380280642,1380280642,NULL,NULL,NULL,NULL,NULL,NULL,NULL,'DSC_0008',NULL,NULL,NULL,'/images/messages/762/428.220x220.jpg','IMAGE','1',0,NULL,'/images/messages/762/428.600x600.jpg',762,NULL,NULL,NULL,3264,4928),(429,NULL,NULL,12,'',NULL,NULL,1380280649,1380280649,NULL,NULL,NULL,NULL,NULL,NULL,NULL,'xtrail3',NULL,NULL,NULL,'/images/messages/762/429.220x220.jpeg','IMAGE','1',0,NULL,'/images/messages/762/429.600x600.jpeg',762,NULL,NULL,NULL,2093,1570),(430,NULL,NULL,12,'',NULL,NULL,1380281075,1380281075,NULL,NULL,NULL,NULL,NULL,NULL,NULL,'nissan_x_trail_geneva_9',NULL,NULL,NULL,'/images/comment/206/430.220x220.jpg','IMAGE','1',0,NULL,'/images/comment/206/430.600x600.jpg',NULL,206,'messages',761,1280,852),(431,NULL,NULL,12,'',NULL,NULL,1380281076,1380281076,NULL,NULL,NULL,NULL,NULL,NULL,NULL,'xtrail2',NULL,NULL,NULL,'/images/comment/206/431.220x220.jpeg','IMAGE','1',0,NULL,'/images/comment/206/431.600x600.jpeg',NULL,206,'messages',761,2204,1653),(432,NULL,NULL,12,'',NULL,NULL,1380281079,1380281079,NULL,NULL,NULL,NULL,NULL,NULL,NULL,'autowp.ru_nissan_x-trail_ii_32',NULL,NULL,NULL,'/images/comment/206/432.220x220.jpg','IMAGE','1',0,NULL,'/images/comment/206/432.600x600.jpg',NULL,206,'messages',761,2048,1536),(433,NULL,NULL,12,'',NULL,NULL,1380281081,1380281081,NULL,NULL,NULL,NULL,NULL,NULL,NULL,'xtrail',NULL,NULL,NULL,'/images/comment/206/433.220x220.jpeg','IMAGE','1',0,NULL,'/images/comment/206/433.600x600.jpeg',NULL,206,'messages',761,2093,1570),(434,NULL,NULL,12,'',NULL,NULL,1380281084,1380281084,NULL,NULL,NULL,NULL,NULL,NULL,NULL,'DSC_0008',NULL,NULL,NULL,'/images/comment/206/434.220x220.jpg','IMAGE','1',0,NULL,'/images/comment/206/434.600x600.jpg',NULL,206,'messages',761,3264,4928),(435,NULL,NULL,12,'',NULL,NULL,1380281091,1380281091,NULL,NULL,NULL,NULL,NULL,NULL,NULL,'angry1',NULL,NULL,NULL,'/images/comment/206/435.220x220.png','IMAGE','1',0,NULL,'/images/comment/206/435.600x600.png',NULL,206,'messages',761,460,494),(436,NULL,NULL,12,'',NULL,NULL,1380281091,1380281091,NULL,NULL,NULL,NULL,NULL,NULL,NULL,'xtrail3',NULL,NULL,NULL,'/images/comment/206/436.220x220.jpeg','IMAGE','1',0,NULL,'/images/comment/206/436.600x600.jpeg',NULL,206,'messages',761,2093,1570),(437,NULL,NULL,12,'',NULL,NULL,1380529982,1380529982,NULL,NULL,NULL,NULL,NULL,NULL,NULL,'angry1',NULL,NULL,NULL,'/images/messages/791/437.220x220.png','IMAGE','1',0,NULL,'/images/messages/791/437.600x600.png',791,NULL,NULL,NULL,460,494),(438,NULL,NULL,12,'',NULL,NULL,1380529984,1380529984,NULL,NULL,NULL,NULL,NULL,NULL,NULL,'DSC_0008',NULL,NULL,NULL,'/images/messages/791/438.220x220.jpg','IMAGE','1',0,NULL,'/images/messages/791/438.600x600.jpg',791,NULL,NULL,NULL,3264,4928),(439,NULL,NULL,12,'',NULL,NULL,1380530491,1380530491,NULL,NULL,NULL,NULL,NULL,NULL,NULL,'angry1',NULL,NULL,NULL,'/images/messages/798/439.220x220.png','IMAGE','1',0,NULL,'/images/messages/798/439.600x600.png',798,NULL,'messages',NULL,460,494),(440,NULL,NULL,12,'',NULL,NULL,1380530492,1380530492,NULL,NULL,NULL,NULL,NULL,NULL,NULL,'autowp.ru_nissan_x-trail_ii_32',NULL,NULL,NULL,'/images/messages/798/440.220x220.jpg','IMAGE','1',0,NULL,'/images/messages/798/440.600x600.jpg',798,NULL,'messages',NULL,2048,1536),(441,NULL,NULL,12,'',NULL,NULL,1380530543,1380530543,NULL,NULL,NULL,NULL,NULL,NULL,NULL,'angry1',NULL,NULL,NULL,'/images/messages/799/441.220x220.png','IMAGE','1',0,NULL,'/images/messages/799/441.600x600.png',799,NULL,'messages',NULL,460,494),(442,NULL,NULL,12,'',NULL,NULL,1380530543,1380530543,NULL,NULL,NULL,NULL,NULL,NULL,NULL,'nissan_x_trail_geneva_9',NULL,NULL,NULL,'/images/messages/799/442.220x220.jpg','IMAGE','1',0,NULL,'/images/messages/799/442.600x600.jpg',799,NULL,'messages',NULL,1280,852),(443,NULL,NULL,12,'',NULL,NULL,1380530544,1380530544,NULL,NULL,NULL,NULL,NULL,NULL,NULL,'autowp.ru_nissan_x-trail_ii_32',NULL,NULL,NULL,'/images/messages/799/443.220x220.jpg','IMAGE','1',0,NULL,'/images/messages/799/443.600x600.jpg',799,NULL,'messages',NULL,2048,1536),(444,NULL,NULL,12,'',NULL,NULL,1380530546,1380530546,NULL,NULL,NULL,NULL,NULL,NULL,NULL,'xtrail',NULL,NULL,NULL,'/images/messages/799/444.220x220.jpeg','IMAGE','1',0,NULL,'/images/messages/799/444.600x600.jpeg',799,NULL,'messages',NULL,2093,1570),(445,NULL,NULL,12,'',NULL,NULL,1380530549,1380530549,NULL,NULL,NULL,NULL,NULL,NULL,NULL,'xtrail2',NULL,NULL,NULL,'/images/messages/799/445.220x220.jpeg','IMAGE','1',0,NULL,'/images/messages/799/445.600x600.jpeg',799,NULL,'messages',NULL,2204,1653),(446,NULL,NULL,12,'',NULL,NULL,1380530551,1380530551,NULL,NULL,NULL,NULL,NULL,NULL,NULL,'DSC_0008',NULL,NULL,NULL,'/images/messages/799/446.220x220.jpg','IMAGE','1',0,NULL,'/images/messages/799/446.600x600.jpg',799,NULL,'messages',NULL,3264,4928),(447,NULL,NULL,12,'',NULL,NULL,1380530559,1380530559,NULL,NULL,NULL,NULL,NULL,NULL,NULL,'xtrail3',NULL,NULL,NULL,'/images/messages/799/447.220x220.jpeg','IMAGE','1',0,NULL,'/images/messages/799/447.600x600.jpeg',799,NULL,'messages',NULL,2093,1570),(448,NULL,NULL,12,'',NULL,NULL,1380531112,1380531112,NULL,NULL,NULL,NULL,NULL,NULL,NULL,'angry1',NULL,NULL,NULL,'/images/messages/806/448.220x220.png','IMAGE','1',0,NULL,'/images/messages/806/448.600x600.png',806,NULL,'messages',NULL,460,494),(449,NULL,NULL,12,'',NULL,NULL,1380531112,1380531112,NULL,NULL,NULL,NULL,NULL,NULL,NULL,'autowp.ru_nissan_x-trail_ii_32',NULL,NULL,NULL,'/images/messages/806/449.220x220.jpg','IMAGE','1',0,NULL,'/images/messages/806/449.600x600.jpg',806,NULL,'messages',NULL,2048,1536),(450,NULL,NULL,12,'',NULL,NULL,1380531115,1380531115,NULL,NULL,NULL,NULL,NULL,NULL,NULL,'DSC_0008',NULL,NULL,NULL,'/images/messages/806/450.220x220.jpg','IMAGE','1',0,NULL,'/images/messages/806/450.600x600.jpg',806,NULL,'messages',NULL,3264,4928),(451,NULL,NULL,12,'',NULL,NULL,1380531142,1380531142,NULL,NULL,NULL,NULL,NULL,NULL,NULL,'nissan_x_trail_geneva_9',NULL,NULL,NULL,'/images/messages/807/451.220x220.jpg','IMAGE','1',0,NULL,'/images/messages/807/451.600x600.jpg',807,NULL,'messages',NULL,1280,852),(452,NULL,NULL,12,'',NULL,NULL,1380531143,1380531143,NULL,NULL,NULL,NULL,NULL,NULL,NULL,'autowp.ru_nissan_x-trail_ii_32',NULL,NULL,NULL,'/images/messages/807/452.220x220.jpg','IMAGE','1',0,NULL,'/images/messages/807/452.600x600.jpg',807,NULL,'messages',NULL,2048,1536),(453,NULL,NULL,12,'',NULL,NULL,1380531146,1380531146,NULL,NULL,NULL,NULL,NULL,NULL,NULL,'angry1',NULL,NULL,NULL,'/images/messages/807/453.220x220.png','IMAGE','1',0,NULL,'/images/messages/807/453.600x600.png',807,NULL,'messages',NULL,460,494),(454,NULL,NULL,12,'',NULL,NULL,1380531146,1380531146,NULL,NULL,NULL,NULL,NULL,NULL,NULL,'xtrail',NULL,NULL,NULL,'/images/messages/807/454.220x220.jpeg','IMAGE','1',0,NULL,'/images/messages/807/454.600x600.jpeg',807,NULL,'messages',NULL,2093,1570),(455,NULL,NULL,12,'',NULL,NULL,1380531148,1380531148,NULL,NULL,NULL,NULL,NULL,NULL,NULL,'xtrail2',NULL,NULL,NULL,'/images/messages/807/455.220x220.jpeg','IMAGE','1',0,NULL,'/images/messages/807/455.600x600.jpeg',807,NULL,'messages',NULL,2204,1653),(456,NULL,NULL,12,'',NULL,NULL,1380531151,1380531151,NULL,NULL,NULL,NULL,NULL,NULL,NULL,'DSC_0008',NULL,NULL,NULL,'/images/messages/807/456.220x220.jpg','IMAGE','1',0,NULL,'/images/messages/807/456.600x600.jpg',807,NULL,'messages',NULL,3264,4928),(457,NULL,NULL,12,'',NULL,NULL,1380531158,1380531158,NULL,NULL,NULL,NULL,NULL,NULL,NULL,'xtrail3',NULL,NULL,NULL,'/images/messages/807/457.220x220.jpeg','IMAGE','1',0,NULL,'/images/messages/807/457.600x600.jpeg',807,NULL,'messages',NULL,2093,1570),(458,NULL,NULL,12,'',NULL,NULL,1380531767,1380531767,NULL,NULL,NULL,NULL,NULL,NULL,NULL,'angry1',NULL,NULL,NULL,'/images/comment/208/458.220x220.png','IMAGE','1',0,NULL,'/images/comment/208/458.600x600.png',NULL,208,'messages',807,460,494),(459,NULL,NULL,12,'',NULL,NULL,1380531768,1380531768,NULL,NULL,NULL,NULL,NULL,NULL,NULL,'autowp.ru_nissan_x-trail_ii_32',NULL,NULL,NULL,'/images/comment/208/459.220x220.jpg','IMAGE','1',0,NULL,'/images/comment/208/459.600x600.jpg',NULL,208,'messages',807,2048,1536),(460,NULL,NULL,12,'',NULL,NULL,1380531770,1380531770,NULL,NULL,NULL,NULL,NULL,NULL,NULL,'nissan_x_trail_geneva_9',NULL,NULL,NULL,'/images/comment/208/460.220x220.jpg','IMAGE','1',0,NULL,'/images/comment/208/460.600x600.jpg',NULL,208,'messages',807,1280,852),(461,NULL,NULL,12,'',NULL,NULL,1380531771,1380531771,NULL,NULL,NULL,NULL,NULL,NULL,NULL,'xtrail',NULL,NULL,NULL,'/images/comment/208/461.220x220.jpeg','IMAGE','1',0,NULL,'/images/comment/208/461.600x600.jpeg',NULL,208,'messages',807,2093,1570),(462,NULL,NULL,12,'',NULL,NULL,1380531773,1380531773,NULL,NULL,NULL,NULL,NULL,NULL,NULL,'xtrail2',NULL,NULL,NULL,'/images/comment/208/462.220x220.jpeg','IMAGE','1',0,NULL,'/images/comment/208/462.600x600.jpeg',NULL,208,'messages',807,2204,1653),(463,NULL,NULL,12,'',NULL,NULL,1380531776,1380531776,NULL,NULL,NULL,NULL,NULL,NULL,NULL,'DSC_0008',NULL,NULL,NULL,'/images/comment/208/463.220x220.jpg','IMAGE','1',0,NULL,'/images/comment/208/463.600x600.jpg',NULL,208,'messages',807,3264,4928),(464,NULL,NULL,12,'',NULL,NULL,1380531783,1380531783,NULL,NULL,NULL,NULL,NULL,NULL,NULL,'xtrail3',NULL,NULL,NULL,'/images/comment/208/464.220x220.jpeg','IMAGE','1',0,NULL,'/images/comment/208/464.600x600.jpeg',NULL,208,'messages',807,2093,1570),(465,NULL,NULL,12,'',NULL,NULL,1382501039,1382501039,NULL,NULL,NULL,NULL,NULL,NULL,NULL,'0_oA30',NULL,NULL,NULL,'','FILE','/files/messages/844/0_oA30.png',0,NULL,'',844,NULL,'messages',NULL,520,366),(466,NULL,NULL,12,'',NULL,NULL,1382501049,1382501049,NULL,NULL,NULL,NULL,NULL,NULL,NULL,'0_oA30',NULL,NULL,NULL,'/images/messages/844/466.220x220.png','IMAGE','1',0,NULL,'/images/messages/844/466.600x600.png',844,NULL,'messages',NULL,520,366),(467,NULL,NULL,12,'',NULL,NULL,1382501050,1382501050,NULL,NULL,NULL,NULL,NULL,NULL,NULL,'0DF3tO',NULL,NULL,NULL,'/images/messages/844/467.220x220.png','IMAGE','1',0,NULL,'/images/messages/844/467.600x600.png',844,NULL,'messages',NULL,520,353),(468,NULL,NULL,12,'',NULL,NULL,1382513975,1382513975,NULL,NULL,NULL,NULL,NULL,NULL,NULL,'0_oA30',NULL,NULL,NULL,'/images/messages/845/468.220x220.png','IMAGE','1',0,NULL,'/images/messages/845/468.600x600.png',845,NULL,'messages',NULL,520,366),(469,NULL,NULL,12,'',NULL,NULL,1382513976,1382513976,NULL,NULL,NULL,NULL,NULL,NULL,NULL,'0DF3tO',NULL,NULL,NULL,'/images/messages/845/469.220x220.png','IMAGE','1',0,NULL,'/images/messages/845/469.600x600.png',845,NULL,'messages',NULL,520,353),(470,NULL,NULL,12,'',NULL,NULL,1382514274,1382514274,NULL,NULL,NULL,NULL,NULL,NULL,NULL,'0Nv1h8',NULL,NULL,NULL,'/images/messages/845/470.220x220.png','IMAGE','1',0,NULL,'/images/messages/845/470.600x600.png',845,NULL,'messages',NULL,520,353),(471,NULL,NULL,12,'',NULL,NULL,1386874323,1386874323,NULL,NULL,NULL,NULL,NULL,NULL,NULL,'avaadmin',NULL,NULL,NULL,'/images/comment/212/471.220x220.png','IMAGE','1',0,NULL,'/images/comment/212/471.600x600.png',NULL,212,'messages',871,200,486),(472,NULL,NULL,12,'',NULL,NULL,1386875070,1386875070,NULL,NULL,NULL,NULL,NULL,NULL,NULL,'shop3',NULL,NULL,NULL,'/images/messages/990/472.220x220.jpg','IMAGE','1',0,NULL,'/images/messages/990/472.600x600.jpg',990,NULL,'messages',NULL,972,582),(473,NULL,NULL,12,'',NULL,NULL,1386875092,1386875092,NULL,NULL,NULL,NULL,NULL,NULL,NULL,'shop3',NULL,NULL,NULL,'/images/messages/991/473.220x220.jpg','IMAGE','1',0,NULL,'/images/messages/991/473.600x600.jpg',991,NULL,'messages',NULL,972,582),(474,NULL,NULL,12,'',NULL,NULL,1387400163,1387400163,NULL,NULL,NULL,NULL,NULL,NULL,NULL,'2915',NULL,NULL,NULL,'/images/messages/1000/474.220x220.jpg','IMAGE','1',0,NULL,'/images/messages/1000/474.600x600.jpg',1000,NULL,'messages',NULL,600,669),(475,NULL,NULL,12,'',NULL,NULL,1387400394,1387400394,NULL,NULL,NULL,NULL,NULL,NULL,NULL,'0001',NULL,NULL,NULL,'/images/messages/1007/475.220x220.jpg','IMAGE','1',0,NULL,'/images/messages/1007/475.600x600.jpg',1007,NULL,'messages',NULL,1210,804),(476,NULL,NULL,12,'',NULL,NULL,1387400476,1387400476,NULL,NULL,NULL,NULL,NULL,NULL,NULL,'0001',NULL,NULL,NULL,'/images/messages/1013/476.220x220.jpg','IMAGE','1',0,NULL,'/images/messages/1013/476.600x600.jpg',1013,NULL,'messages',NULL,1210,804),(477,NULL,NULL,12,'',NULL,NULL,1387400697,1387400697,NULL,NULL,NULL,NULL,NULL,NULL,NULL,'0001',NULL,NULL,NULL,'/images/messages/1016/477.220x220.jpg','IMAGE','1',0,NULL,'/images/messages/1016/477.600x600.jpg',1016,NULL,'messages',NULL,1210,804),(478,NULL,NULL,12,'',NULL,NULL,1387400748,1387400748,NULL,NULL,NULL,NULL,NULL,NULL,NULL,'0001',NULL,NULL,NULL,'/images/messages/1019/478.220x220.jpg','IMAGE','1',0,NULL,'/images/messages/1019/478.600x600.jpg',1019,NULL,'messages',NULL,1210,804),(479,NULL,NULL,12,'',NULL,NULL,1387401299,1387401299,NULL,NULL,NULL,NULL,NULL,NULL,NULL,'0001',NULL,NULL,NULL,'/images/messages/1023/479.220x220.jpg','IMAGE','1',0,NULL,'/images/messages/1023/479.600x600.jpg',1023,NULL,'messages',NULL,1210,804),(480,NULL,NULL,12,'',NULL,NULL,1387401363,1387401363,NULL,NULL,NULL,NULL,NULL,NULL,NULL,'0001',NULL,NULL,NULL,'/images/messages/1027/480.220x220.jpg','IMAGE','1',0,NULL,'/images/messages/1027/480.600x600.jpg',1027,NULL,'messages',NULL,1210,804),(481,NULL,NULL,12,'',NULL,NULL,1387401488,1387401488,NULL,NULL,NULL,NULL,NULL,NULL,NULL,'0001',NULL,NULL,NULL,'/images/messages/1033/481.220x220.jpg','IMAGE','1',0,NULL,'/images/messages/1033/481.600x600.jpg',1033,NULL,'messages',NULL,1210,804),(482,NULL,NULL,12,'',NULL,NULL,1387401586,1387401586,NULL,NULL,NULL,NULL,NULL,NULL,NULL,'0001',NULL,NULL,NULL,'/images/messages/1039/482.220x220.jpg','IMAGE','1',0,NULL,'/images/messages/1039/482.600x600.jpg',1039,NULL,'messages',NULL,1210,804),(483,NULL,NULL,12,'',NULL,NULL,1387401634,1387401634,NULL,NULL,NULL,NULL,NULL,NULL,NULL,'0001',NULL,NULL,NULL,'/images/messages/1042/483.220x220.jpg','IMAGE','1',0,NULL,'/images/messages/1042/483.600x600.jpg',1042,NULL,'messages',NULL,1210,804),(484,NULL,NULL,12,'',NULL,NULL,1387401634,1387401634,NULL,NULL,NULL,NULL,NULL,NULL,NULL,'0001',NULL,NULL,NULL,'/images/messages/1042/483.220x220.jpg','IMAGE','1',0,NULL,'/images/messages/1042/483.600x600.jpg',1043,NULL,'messages',NULL,1210,804),(485,NULL,NULL,12,'',NULL,NULL,1387401634,1387401634,NULL,NULL,NULL,NULL,NULL,NULL,NULL,'0001',NULL,NULL,NULL,'/images/messages/1042/483.220x220.jpg','IMAGE','1',0,NULL,'/images/messages/1042/483.600x600.jpg',1044,NULL,'messages',NULL,1210,804),(486,NULL,NULL,12,'',NULL,NULL,1387401634,1387401634,NULL,NULL,NULL,NULL,NULL,NULL,NULL,'0001',NULL,NULL,NULL,'/images/messages/1042/483.220x220.jpg','IMAGE','1',0,NULL,'/images/messages/1042/483.600x600.jpg',1045,NULL,'messages',NULL,1210,804),(487,NULL,14,30,'',NULL,NULL,1396037307,1396037307,NULL,NULL,NULL,NULL,NULL,NULL,NULL,'angry1',NULL,NULL,NULL,'/images/albums/14/487.220x220.png','IMAGE','1',0,NULL,'/images/albums/14/487.600x600.png',NULL,NULL,'albums',NULL,460,494),(488,NULL,14,30,'',NULL,NULL,1396037313,1396037313,NULL,NULL,NULL,NULL,NULL,NULL,NULL,'angry1',NULL,NULL,NULL,'/images/albums/14/488.220x220.png','IMAGE','1',0,NULL,'/images/albums/14/488.600x600.png',NULL,NULL,'albums',NULL,460,494),(489,NULL,14,30,'',NULL,NULL,1396037313,1396037313,NULL,NULL,NULL,NULL,NULL,NULL,NULL,'autowp.ru_nissan_x-trail_ii_32',NULL,NULL,NULL,'/images/albums/14/489.220x220.jpg','IMAGE','1',0,NULL,'/images/albums/14/489.600x600.jpg',NULL,NULL,'albums',NULL,2048,1536),(490,NULL,14,30,'',NULL,NULL,1396037316,1396037316,NULL,NULL,NULL,NULL,NULL,NULL,NULL,'DSC_0008',NULL,NULL,NULL,'/images/albums/14/490.220x220.jpg','IMAGE','1',0,NULL,'/images/albums/14/490.600x600.jpg',NULL,NULL,'albums',NULL,3264,4928),(491,NULL,NULL,30,'',NULL,NULL,1396037371,1396037371,NULL,NULL,NULL,NULL,NULL,NULL,NULL,'angry1',NULL,NULL,NULL,'','FILE','/files/messages/1056/angry1.png',0,NULL,'',1056,NULL,'messages',NULL,460,494),(492,NULL,NULL,30,'',NULL,NULL,1396037371,1396037371,NULL,NULL,NULL,NULL,NULL,NULL,NULL,'autowp.ru_nissan_x-trail_ii_32',NULL,NULL,NULL,'','FILE','/files/messages/1056/autowp.ru_nissan_x-trail_ii_32.jpg',0,NULL,'',1056,NULL,'messages',NULL,2048,1536),(493,NULL,NULL,30,'',NULL,NULL,1396037371,1396037371,NULL,NULL,NULL,NULL,NULL,NULL,NULL,'DSC_0008',NULL,NULL,NULL,'','FILE','/files/messages/1056/DSC_0008.jpg',0,NULL,'',1056,NULL,'messages',NULL,3264,4928),(494,NULL,NULL,30,'',NULL,NULL,1396037389,1396037389,NULL,NULL,NULL,NULL,NULL,NULL,NULL,'autowp.ru_nissan_x-trail_ii_32',NULL,NULL,NULL,'/images/messages/1057/494.220x220.jpg','IMAGE','1',0,NULL,'/images/messages/1057/494.600x600.jpg',1057,NULL,'messages',NULL,2048,1536),(495,NULL,NULL,30,'',NULL,NULL,1396037391,1396037391,NULL,NULL,NULL,NULL,NULL,NULL,NULL,'angry1',NULL,NULL,NULL,'/images/messages/1057/495.220x220.png','IMAGE','1',0,NULL,'/images/messages/1057/495.600x600.png',1057,NULL,'messages',NULL,460,494),(496,NULL,NULL,30,'',NULL,NULL,1396037391,1396037391,NULL,NULL,NULL,NULL,NULL,NULL,NULL,'DSC_0008',NULL,NULL,NULL,'/images/messages/1057/496.220x220.jpg','IMAGE','1',0,NULL,'/images/messages/1057/496.600x600.jpg',1057,NULL,'messages',NULL,3264,4928),(497,NULL,NULL,30,'',NULL,NULL,1406286089,1406286089,NULL,NULL,NULL,NULL,NULL,NULL,NULL,'Logo EN',NULL,NULL,NULL,'/images/messages/1067/497.220x220.png','IMAGE','1',0,NULL,'/images/messages/1067/497.600x600.png',1067,NULL,'messages',NULL,1801,946),(508,NULL,20,15,'',NULL,NULL,1431425988,1431425988,NULL,NULL,NULL,NULL,NULL,NULL,NULL,'autowp.ru_nissan_x-trail_ii_32',NULL,NULL,NULL,NULL,'IMAGE','',0,NULL,NULL,NULL,NULL,'albums',NULL,NULL,NULL),(499,NULL,NULL,12,'',NULL,NULL,1417605490,1417605490,NULL,NULL,NULL,NULL,NULL,NULL,NULL,'xtrail',NULL,NULL,NULL,NULL,'IMAGE','',0,NULL,NULL,NULL,NULL,'car',171,NULL,NULL),(500,NULL,NULL,12,'',NULL,NULL,1417605490,1417605490,NULL,NULL,NULL,NULL,NULL,NULL,NULL,'autowp.ru_nissan_x-trail_ii_32',NULL,NULL,NULL,NULL,'IMAGE','',0,NULL,NULL,NULL,NULL,'car',171,NULL,NULL),(501,NULL,NULL,12,'',NULL,NULL,1417605490,1417605490,NULL,NULL,NULL,NULL,NULL,NULL,NULL,'xtrail2',NULL,NULL,NULL,NULL,'IMAGE','',0,NULL,NULL,NULL,NULL,'car',171,NULL,NULL),(502,NULL,NULL,12,'',NULL,NULL,1417605490,1417605490,NULL,NULL,NULL,NULL,NULL,NULL,NULL,'DSC_0008',NULL,NULL,NULL,NULL,'IMAGE','',0,NULL,NULL,NULL,NULL,'car',171,NULL,NULL),(503,NULL,NULL,12,'',NULL,NULL,1417605518,1417605518,NULL,NULL,NULL,NULL,NULL,NULL,NULL,'angry1',NULL,NULL,NULL,NULL,'IMAGE','',0,NULL,NULL,NULL,NULL,'car',171,NULL,NULL),(504,NULL,NULL,12,'',NULL,NULL,1417605519,1417605519,NULL,NULL,NULL,NULL,NULL,NULL,NULL,'autowp.ru_nissan_x-trail_ii_32',NULL,NULL,NULL,NULL,'IMAGE','',0,NULL,NULL,NULL,NULL,'car',171,NULL,NULL),(505,NULL,NULL,12,'',NULL,NULL,1417605519,1417605519,NULL,NULL,NULL,NULL,NULL,NULL,NULL,'xtrail',NULL,NULL,NULL,NULL,'IMAGE','',0,NULL,NULL,NULL,NULL,'car',171,NULL,NULL),(506,NULL,NULL,12,'',NULL,NULL,1417605519,1417605519,NULL,NULL,NULL,NULL,NULL,NULL,NULL,'xtrail2',NULL,NULL,NULL,NULL,'IMAGE','',0,NULL,NULL,NULL,NULL,'car',171,NULL,NULL),(507,NULL,NULL,12,'',NULL,NULL,1417605519,1417605519,NULL,NULL,NULL,NULL,NULL,NULL,NULL,'DSC_0008',NULL,NULL,NULL,NULL,'IMAGE','',0,NULL,NULL,NULL,NULL,'car',171,NULL,NULL),(509,NULL,20,15,'',NULL,NULL,1431426124,1431426124,NULL,NULL,NULL,NULL,NULL,NULL,NULL,'xtrail',NULL,NULL,NULL,NULL,'IMAGE','',0,NULL,NULL,NULL,NULL,'albums',NULL,NULL,NULL),(510,NULL,20,15,'',NULL,NULL,1431426124,1431426124,NULL,NULL,NULL,NULL,NULL,NULL,NULL,'xtrail2',NULL,NULL,NULL,NULL,'IMAGE','',0,NULL,NULL,NULL,NULL,'albums',NULL,NULL,NULL);
/*!40000 ALTER TABLE `media_items` ENABLE KEYS */;
UNLOCK TABLES;

--
-- Table structure for table `message_collections`
--

DROP TABLE IF EXISTS `message_collections`;
/*!40101 SET @saved_cs_client     = @@character_set_client */;
/*!40101 SET character_set_client = utf8 */;
CREATE TABLE `message_collections` (
  `id` int(11) NOT NULL AUTO_INCREMENT,
  `person_id` int(11) NOT NULL,
  `app_id` int(11) NOT NULL,
  `title` char(255) NOT NULL,
  `updated` int(11) NOT NULL,
  `urls` mediumtext,
  `created` int(11) NOT NULL,
  KEY `id` (`id`)
) ENGINE=MyISAM DEFAULT CHARSET=utf8;
/*!40101 SET character_set_client = @saved_cs_client */;

--
-- Dumping data for table `message_collections`
--

LOCK TABLES `message_collections` WRITE;
/*!40000 ALTER TABLE `message_collections` DISABLE KEYS */;
/*!40000 ALTER TABLE `message_collections` ENABLE KEYS */;
UNLOCK TABLES;

--
-- Table structure for table `message_groups`
--

DROP TABLE IF EXISTS `message_groups`;
/*!40101 SET @saved_cs_client     = @@character_set_client */;
/*!40101 SET character_set_client = utf8 */;
CREATE TABLE `message_groups` (
  `message_id` int(11) NOT NULL,
  `message_collection_id` int(11) NOT NULL,
  UNIQUE KEY `message_id` (`message_id`,`message_collection_id`)
) ENGINE=MyISAM DEFAULT CHARSET=utf8;
/*!40101 SET character_set_client = @saved_cs_client */;

--
-- Dumping data for table `message_groups`
--

LOCK TABLES `message_groups` WRITE;
/*!40000 ALTER TABLE `message_groups` DISABLE KEYS */;
/*!40000 ALTER TABLE `message_groups` ENABLE KEYS */;
UNLOCK TABLES;

--
-- Table structure for table `messages`
--

DROP TABLE IF EXISTS `messages`;
/*!40101 SET @saved_cs_client     = @@character_set_client */;
/*!40101 SET character_set_client = utf8 */;
CREATE TABLE `messages` (
  `id` int(11) NOT NULL AUTO_INCREMENT,
  `from` int(11) NOT NULL,
  `to` int(11) NOT NULL DEFAULT '0',
  `title` char(255) DEFAULT NULL,
  `body` mediumtext,
  `app_id` int(11) DEFAULT NULL,
  `body_id` char(32) DEFAULT NULL,
  `title_id` char(32) DEFAULT NULL,
  `in_reply_to` int(11) DEFAULT NULL,
  `replies` mediumtext,
  `status` enum('new','read','deleted','unread') DEFAULT 'new',
  `type` enum('email','notification','private_message','public_message','news') DEFAULT 'private_message',
  `recipients` mediumtext,
  `collection_ids` mediumtext,
  `urls` mediumtext,
  `updated` int(11) DEFAULT NULL,
  `to_deleted` enum('yes','no') DEFAULT 'no',
  `from_deleted` enum('yes','no') DEFAULT 'no',
  `created` int(11) DEFAULT NULL,
  `shop_id` int(11) DEFAULT NULL,
  `fromshop` int(11) DEFAULT NULL,
  `likes_num` int(11) DEFAULT '0',
  `shared_num` int(11) DEFAULT '0',
  `anons` text,
  `comment_num` int(11) DEFAULT '0',
  KEY `id` (`id`),
  KEY `to` (`to`,`created`),
  KEY `from` (`from`,`created`),
  KEY `shop_id` (`shop_id`),
  KEY `likes_num` (`likes_num`)
) ENGINE=MyISAM AUTO_INCREMENT=2370 DEFAULT CHARSET=utf8;
/*!40101 SET character_set_client = @saved_cs_client */;

--
-- Dumping data for table `messages`
--

LOCK TABLES `messages` WRITE;
/*!40000 ALTER TABLE `messages` DISABLE KEYS */;
INSERT INTO `messages` VALUES (120,13,0,'',NULL,0,NULL,NULL,NULL,NULL,'deleted','news',NULL,NULL,NULL,0,'no','yes',0,NULL,0,1,1,NULL,0),(121,14,0,'','Нихао ма',0,NULL,NULL,NULL,NULL,'deleted','news',NULL,NULL,NULL,1363150525,'no','yes',1363150525,NULL,0,1,0,'Нихао',3),(122,14,0,'','Нихао ма',0,NULL,NULL,NULL,NULL,'deleted','news',NULL,NULL,NULL,1363150568,'no','yes',1363150568,NULL,0,2,2,'Нихао',4),(123,14,0,'',NULL,0,NULL,NULL,NULL,NULL,'deleted','news',NULL,NULL,NULL,0,'no','no',0,NULL,0,0,0,NULL,0),(124,12,0,'','jkhkjh',0,NULL,NULL,NULL,NULL,'new','news',NULL,NULL,NULL,1363152070,'no','no',1363152070,NULL,0,0,0,'jhjhg',4),(125,14,0,'','Где-то очень далеко',0,NULL,NULL,NULL,NULL,'new','news',NULL,NULL,NULL,1363192292,'no','no',1363192292,NULL,0,0,0,'Пустыня',3),(126,14,13,'Tudupidu pu','Tudupidu pu',0,NULL,NULL,NULL,NULL,'read','private_message',NULL,NULL,NULL,1363253072,'no','no',1363253072,NULL,0,0,0,NULL,0),(127,14,0,'','Замерзшее озеро, 15 экипажей, много снега и адреналина!\r\n\r\nВсё что требуется для того чтоб спустить пар!',0,NULL,NULL,NULL,NULL,'new','news',NULL,NULL,NULL,1363322175,'no','no',1363322175,NULL,0,0,0,'РАЛЛИ ДЛЯ ЛЮБИТЕЛЕЙ',4),(128,12,0,'','qweqweqweqwe',0,NULL,NULL,NULL,NULL,'new','news',NULL,NULL,NULL,1363836243,'no','no',1363836243,NULL,0,0,0,'qweqwe',0),(129,12,0,'','текст текст текст текст текст текст текст текст текст текст текст текст текст текст текст текст текст текст текст текст текст текст текст текст текст текст текст',0,NULL,NULL,NULL,NULL,'new','news',NULL,NULL,NULL,1364007827,'no','no',1364007827,NULL,0,0,0,'картинки разного размера',0),(130,12,0,'','',0,NULL,NULL,NULL,NULL,'new','news',NULL,NULL,NULL,1364007876,'no','no',1364007876,NULL,0,0,0,'еще',1),(131,14,0,'',NULL,0,NULL,NULL,NULL,NULL,'deleted','news',NULL,NULL,NULL,0,'no','no',0,NULL,0,0,0,NULL,0),(132,14,0,'Китайский автопром догоняет','Все более широкий вид техники, котурую китайцы научились делать! И цена в разы ниже чем предлагают другие европейские компании!\r\n Скоро что то вообще сами придумают, какой нибудь новый вид техники!',0,NULL,NULL,NULL,NULL,'deleted','news',NULL,NULL,NULL,1364053479,'no','yes',1364053479,NULL,0,0,0,'',3),(133,14,12,'Неполучилось удалить свой коментарий к новости','Неполучилось удалить свой коментарий к новости и фото в нем! Вот не помню - можно ли это делать по задумке или нельзя',0,NULL,NULL,NULL,NULL,'read','private_message',NULL,NULL,NULL,1364054082,'no','no',1364054082,NULL,0,0,0,NULL,0),(134,13,0,'','',0,NULL,NULL,NULL,NULL,'new','news',NULL,NULL,NULL,1364056352,'no','yes',1364056352,NULL,0,0,0,'',2),(135,13,0,'Тайга 2013','Кантеги́р — сибирская река в Туве и Хакасии, левый приток Енисея. Впадает в Саяно-Шушенское водохранилище.',0,NULL,NULL,NULL,NULL,'new','news',NULL,NULL,NULL,1364056774,'no','no',1364056774,NULL,0,2,1,'Долина Кантегира на всем протяжении стиснута горами до 100—200 м',2),(136,13,14,'новость не удаляется.','новость не удаляется. Написано удалено а потом обновляешь а она опять ...',0,NULL,NULL,NULL,NULL,'read','private_message',NULL,NULL,NULL,1364057348,'no','no',1364057348,NULL,0,0,0,NULL,0),(137,13,14,'фото','фото в новости открывает в этом же окне. Лучше бы в новом открывал....\nфото в фотоальбоме когда нажимаешь он увеличивает но срезает... полностью не показывает. \nи не масштабирует. (если экран шире хочется чтобы не по три фотки в ряд а в зависимости от экрана делал больше по 5-6 в ряд',0,NULL,NULL,NULL,NULL,'read','private_message',NULL,NULL,NULL,1364057870,'no','no',1364057870,NULL,0,0,0,NULL,0),(138,14,0,'Разведка села Платинка и окресностей','Дорога туда хорошая только до села Весёловка, после до Платинки 15 км. но таких плохих что максимум 30 КМЧ, и еще не разъехаться двум автомобилям! Точнее без лопаты не разъехаться!\r\n По дороге всё изрезанно снегоходами, видимо мы не первые! Вдоль реки АЙ 2 года назад горел лес - поетому пеёзажи не очень!\r\n Снега в лесу выше калена, но проехать можно, пройти не реально.\r\n В следующий раз поднимемся выше еще на 15 км, должно быть красиво так как пожар туда не дошел! И как сказали местные много тишей где рыба стоит!',0,NULL,NULL,NULL,NULL,'deleted','news',NULL,NULL,NULL,1364127846,'no','yes',1364127846,NULL,0,0,1,'',3),(139,14,0,'Разведка села Платинка','Дорога туда хорошая только до села Весёловка, после до Платинки 15 км. но таких плохих что максимум 30 КМЧ, и еще не разъехаться двум автомобилям! Точнее без лопаты не разъехаться! По дороге всё изрезанно снегоходами, видимо мы не первые! Вдоль реки АЙ 2 года назад горел лес - поетому пеёзажи не очень! Снега в лесу выше калена, но проехать можно, пройти не реально. В следующий раз поднимемся выше еще на 15 км, должно быть красиво так как пожар туда не дошел! И как сказали местные много тишей где рыба стоит!',0,NULL,NULL,NULL,NULL,'deleted','news',NULL,NULL,NULL,1364133501,'no','yes',1364133501,NULL,0,0,0,'',0),(140,14,0,'',NULL,0,NULL,NULL,NULL,NULL,'deleted','news',NULL,NULL,NULL,0,'no','no',0,NULL,0,0,0,NULL,0),(141,14,0,'',NULL,0,NULL,NULL,NULL,NULL,'deleted','news',NULL,NULL,NULL,0,'no','no',0,NULL,0,0,0,NULL,0),(142,18,0,'','',0,NULL,NULL,NULL,NULL,'deleted','news',NULL,NULL,NULL,1364459838,'no','yes',1364459838,NULL,0,0,1,'',0),(143,12,14,'','test',0,NULL,NULL,NULL,NULL,'read','private_message',NULL,NULL,NULL,0,'no','no',0,NULL,0,0,0,NULL,0),(144,12,14,'','test + img',0,NULL,NULL,NULL,NULL,'read','private_message',NULL,NULL,NULL,0,'no','no',0,NULL,0,0,0,NULL,0),(145,12,14,'',NULL,0,NULL,NULL,NULL,NULL,'deleted','private_message',NULL,NULL,NULL,0,'no','no',0,NULL,0,0,0,NULL,0),(146,12,14,'',NULL,0,NULL,NULL,NULL,NULL,'deleted','private_message',NULL,NULL,NULL,0,'no','no',0,NULL,0,0,0,NULL,0),(147,12,14,'',NULL,0,NULL,NULL,NULL,NULL,'deleted','private_message',NULL,NULL,NULL,0,'no','no',0,NULL,0,0,0,NULL,0),(148,12,14,'',NULL,0,NULL,NULL,NULL,NULL,'deleted','private_message',NULL,NULL,NULL,0,'no','no',0,NULL,0,0,0,NULL,0),(149,12,14,'','test data fix',0,NULL,NULL,NULL,NULL,'read','private_message',NULL,NULL,NULL,0,'no','no',0,NULL,0,0,0,NULL,0),(150,12,14,'',NULL,0,NULL,NULL,NULL,NULL,'deleted','private_message',NULL,NULL,NULL,0,'no','no',0,NULL,0,0,0,NULL,0),(151,12,14,'','test data fix\r\n2',0,NULL,NULL,NULL,NULL,'read','private_message',NULL,NULL,NULL,0,'no','no',0,NULL,0,0,0,NULL,0),(152,12,14,'','test3',0,NULL,NULL,NULL,NULL,'read','private_message',NULL,NULL,NULL,0,'no','no',1364754908,NULL,0,0,0,NULL,0),(153,12,14,'',NULL,0,NULL,NULL,NULL,NULL,'deleted','private_message',NULL,NULL,NULL,0,'no','no',0,NULL,0,0,0,NULL,0),(154,12,14,'',NULL,0,NULL,NULL,NULL,NULL,'deleted','private_message',NULL,NULL,NULL,0,'no','no',0,NULL,0,0,0,NULL,0),(155,14,13,'',NULL,0,NULL,NULL,NULL,NULL,'deleted','private_message',NULL,NULL,NULL,0,'no','no',0,NULL,0,0,0,NULL,0),(156,14,12,'',NULL,0,NULL,NULL,NULL,NULL,'deleted','private_message',NULL,NULL,NULL,0,'no','no',0,NULL,0,0,0,NULL,0),(157,14,13,'','И поэтому всё так ПРОИЗОШЛО!',0,NULL,NULL,NULL,NULL,'read','private_message',NULL,NULL,NULL,0,'no','yes',1364789262,NULL,0,0,0,NULL,0),(158,13,14,'',NULL,0,NULL,NULL,NULL,NULL,'deleted','private_message',NULL,NULL,NULL,0,'no','no',0,NULL,0,0,0,NULL,0),(159,13,14,'',NULL,0,NULL,NULL,NULL,NULL,'deleted','private_message',NULL,NULL,NULL,0,'no','no',0,NULL,0,0,0,NULL,0),(160,14,13,'',NULL,0,NULL,NULL,NULL,NULL,'deleted','private_message',NULL,NULL,NULL,0,'no','no',0,NULL,0,0,0,NULL,0),(161,13,14,'',NULL,0,NULL,NULL,NULL,NULL,'deleted','private_message',NULL,NULL,NULL,0,'no','no',0,NULL,0,0,0,NULL,0),(162,14,13,'',NULL,0,NULL,NULL,NULL,NULL,'deleted','private_message',NULL,NULL,NULL,0,'no','no',0,NULL,0,0,0,NULL,0),(163,13,14,'',NULL,0,NULL,NULL,NULL,NULL,'deleted','private_message',NULL,NULL,NULL,0,'no','no',0,NULL,0,0,0,NULL,0),(164,12,14,'',NULL,0,NULL,NULL,NULL,NULL,'deleted','private_message',NULL,NULL,NULL,0,'no','no',0,NULL,0,0,0,NULL,0),(165,12,14,'','123123',0,NULL,NULL,NULL,NULL,'read','private_message',NULL,NULL,NULL,0,'no','no',1364803483,NULL,0,0,0,NULL,0),(166,12,14,'',NULL,0,NULL,NULL,NULL,NULL,'deleted','private_message',NULL,NULL,NULL,0,'no','no',0,NULL,0,0,0,NULL,0),(167,14,13,'',NULL,0,NULL,NULL,NULL,NULL,'deleted','private_message',NULL,NULL,NULL,0,'no','no',0,NULL,0,0,0,NULL,0),(168,14,12,'',NULL,0,NULL,NULL,NULL,NULL,'deleted','private_message',NULL,NULL,NULL,0,'no','no',0,NULL,0,0,0,NULL,0),(169,14,13,'','Просто пробное сообщение',0,NULL,NULL,NULL,NULL,'read','private_message',NULL,NULL,NULL,0,'no','yes',1364881287,NULL,0,0,0,NULL,0),(170,14,13,'',NULL,0,NULL,NULL,NULL,NULL,'deleted','private_message',NULL,NULL,NULL,0,'no','no',0,NULL,0,0,0,NULL,0),(171,14,12,'',NULL,0,NULL,NULL,NULL,NULL,'deleted','private_message',NULL,NULL,NULL,0,'no','no',0,NULL,0,0,0,NULL,0),(172,14,13,'',NULL,0,NULL,NULL,NULL,NULL,'deleted','private_message',NULL,NULL,NULL,0,'no','no',0,NULL,0,0,0,NULL,0),(173,14,13,'',NULL,0,NULL,NULL,NULL,NULL,'deleted','private_message',NULL,NULL,NULL,0,'no','no',0,NULL,0,0,0,NULL,0),(174,20,0,'','Think up the dreams! ;)',0,NULL,NULL,NULL,NULL,'deleted','news',NULL,NULL,NULL,1365083324,'no','yes',1365083324,NULL,0,0,0,'',0),(175,20,0,'','Think up the dreams ;)',0,NULL,NULL,NULL,NULL,'deleted','news',NULL,NULL,NULL,1365083380,'no','yes',1365083380,NULL,0,0,0,'',0),(176,14,0,'Еще Кантегир','Все равно есть ощущение что это было не с нами!\r\nКак то странно!\r\nВроде мы а вроде не мы!\r\n\r\nТак що ты это _ заходи если шо!',0,NULL,NULL,NULL,NULL,'new','news',NULL,NULL,NULL,1365170455,'no','no',1365170455,NULL,0,0,0,'',0),(177,14,13,'','Это пробное сообщение опять!',0,NULL,NULL,NULL,NULL,'read','private_message',NULL,NULL,NULL,0,'no','yes',1365235119,NULL,0,0,0,NULL,0),(178,14,13,'',NULL,0,NULL,NULL,NULL,NULL,'deleted','private_message',NULL,NULL,NULL,0,'no','no',0,NULL,0,0,0,NULL,0),(179,14,12,'',NULL,0,NULL,NULL,NULL,NULL,'deleted','private_message',NULL,NULL,NULL,0,'no','no',0,NULL,0,0,0,NULL,0),(180,14,13,'',NULL,0,NULL,NULL,NULL,NULL,'deleted','private_message',NULL,NULL,NULL,0,'no','no',0,NULL,0,0,0,NULL,0),(181,14,13,'',NULL,0,NULL,NULL,NULL,NULL,'deleted','private_message',NULL,NULL,NULL,0,'no','no',0,NULL,0,0,0,NULL,0),(182,14,13,'',NULL,0,NULL,NULL,NULL,NULL,'deleted','private_message',NULL,NULL,NULL,0,'no','no',0,NULL,0,0,0,NULL,0),(183,12,0,'тест','тест',0,NULL,NULL,NULL,NULL,'deleted','news',NULL,NULL,NULL,1365236169,'no','yes',1365236169,NULL,0,0,0,'тест',0),(184,12,0,'',NULL,0,NULL,NULL,NULL,NULL,'deleted','news',NULL,NULL,NULL,0,'no','no',0,NULL,0,0,0,NULL,0),(185,12,14,'','123123',0,NULL,NULL,NULL,NULL,'read','private_message',NULL,NULL,NULL,0,'no','no',1365254424,NULL,0,0,0,NULL,0),(186,12,14,'',NULL,0,NULL,NULL,NULL,NULL,'deleted','private_message',NULL,NULL,NULL,0,'no','no',0,NULL,0,0,0,NULL,0),(187,12,14,'',NULL,0,NULL,NULL,NULL,NULL,'deleted','private_message',NULL,NULL,NULL,0,'no','no',0,NULL,0,0,0,NULL,0),(188,12,14,'','234234',0,NULL,NULL,NULL,NULL,'read','private_message',NULL,NULL,NULL,0,'no','no',1365254434,NULL,0,0,0,NULL,0),(189,12,14,'',NULL,0,NULL,NULL,NULL,NULL,'deleted','private_message',NULL,NULL,NULL,0,'no','no',0,NULL,0,0,0,NULL,0),(190,12,14,'',NULL,0,NULL,NULL,NULL,NULL,'deleted','private_message',NULL,NULL,NULL,0,'no','no',0,NULL,0,0,0,NULL,0),(191,12,14,'werwer','werwer',0,NULL,NULL,NULL,NULL,'read','private_message',NULL,NULL,NULL,1365254461,'no','no',1365254461,NULL,0,0,0,NULL,0),(192,12,14,'','123',0,NULL,NULL,NULL,NULL,'read','private_message',NULL,NULL,NULL,0,'no','no',1365254496,NULL,0,0,0,NULL,0),(193,12,14,'',NULL,0,NULL,NULL,NULL,NULL,'deleted','private_message',NULL,NULL,NULL,0,'no','no',0,NULL,0,0,0,NULL,0),(194,12,14,'',NULL,0,NULL,NULL,NULL,NULL,'deleted','private_message',NULL,NULL,NULL,0,'no','no',0,NULL,0,0,0,NULL,0),(195,14,13,'','Шоколадные батончики',0,NULL,NULL,NULL,NULL,'read','private_message',NULL,NULL,NULL,0,'no','yes',1365416208,NULL,0,0,0,NULL,0),(196,14,13,'',NULL,0,NULL,NULL,NULL,NULL,'deleted','private_message',NULL,NULL,NULL,0,'no','no',0,NULL,0,0,0,NULL,0),(197,13,14,'',NULL,0,NULL,NULL,NULL,NULL,'deleted','private_message',NULL,NULL,NULL,0,'no','no',0,NULL,0,0,0,NULL,0),(198,14,13,'',NULL,0,NULL,NULL,NULL,NULL,'deleted','private_message',NULL,NULL,NULL,0,'no','no',0,NULL,0,0,0,NULL,0),(199,13,14,'',NULL,0,NULL,NULL,NULL,NULL,'deleted','private_message',NULL,NULL,NULL,0,'no','no',0,NULL,0,0,0,NULL,0),(200,13,14,'',NULL,0,NULL,NULL,NULL,NULL,'deleted','private_message',NULL,NULL,NULL,0,'no','no',0,NULL,0,0,0,NULL,0),(201,13,14,'',NULL,0,NULL,NULL,NULL,NULL,'deleted','private_message',NULL,NULL,NULL,0,'no','no',0,NULL,0,0,0,NULL,0),(202,13,14,'',NULL,0,NULL,NULL,NULL,NULL,'deleted','private_message',NULL,NULL,NULL,0,'no','no',0,NULL,0,0,0,NULL,0),(203,12,14,'',NULL,0,NULL,NULL,NULL,NULL,'deleted','private_message',NULL,NULL,NULL,0,'no','no',0,NULL,0,0,0,NULL,0),(204,12,14,'',NULL,0,NULL,NULL,NULL,NULL,'deleted','private_message',NULL,NULL,NULL,0,'no','no',0,NULL,0,0,0,NULL,0),(205,12,14,'',NULL,0,NULL,NULL,NULL,NULL,'deleted','private_message',NULL,NULL,NULL,0,'no','no',0,NULL,0,0,0,NULL,0),(206,12,14,'',NULL,0,NULL,NULL,NULL,NULL,'deleted','private_message',NULL,NULL,NULL,0,'no','no',0,NULL,0,0,0,NULL,0),(207,14,13,'',NULL,0,NULL,NULL,NULL,NULL,'deleted','private_message',NULL,NULL,NULL,0,'no','no',0,NULL,0,0,0,NULL,0),(208,14,12,'',NULL,0,NULL,NULL,NULL,NULL,'deleted','private_message',NULL,NULL,NULL,0,'no','no',0,NULL,0,0,0,NULL,0),(209,14,13,'',NULL,0,NULL,NULL,NULL,NULL,'deleted','private_message',NULL,NULL,NULL,0,'no','no',0,NULL,0,0,0,NULL,0),(210,14,12,'',NULL,0,NULL,NULL,NULL,NULL,'deleted','private_message',NULL,NULL,NULL,0,'no','no',0,NULL,0,0,0,NULL,0),(211,14,13,'',NULL,0,NULL,NULL,NULL,NULL,'deleted','private_message',NULL,NULL,NULL,0,'no','no',0,NULL,0,0,0,NULL,0),(212,14,12,'',NULL,0,NULL,NULL,NULL,NULL,'deleted','private_message',NULL,NULL,NULL,0,'no','no',0,NULL,0,0,0,NULL,0),(213,14,13,'',NULL,0,NULL,NULL,NULL,NULL,'deleted','private_message',NULL,NULL,NULL,0,'no','no',0,NULL,0,0,0,NULL,0),(214,14,13,'','Как тебе домик из четырех контейнеров!\r\nЗа неделю такой собрать вообще красота!',0,NULL,NULL,NULL,NULL,'read','private_message',NULL,NULL,NULL,0,'no','yes',1366350082,NULL,0,0,0,NULL,0),(215,14,13,'',NULL,0,NULL,NULL,NULL,NULL,'deleted','private_message',NULL,NULL,NULL,0,'no','no',0,NULL,0,0,0,NULL,0),(216,14,13,'',NULL,0,NULL,NULL,NULL,NULL,'deleted','private_message',NULL,NULL,NULL,0,'no','no',0,NULL,0,0,0,NULL,0),(217,14,13,'','Проверяю как отображается фото разного размера!',0,NULL,NULL,NULL,NULL,'read','private_message',NULL,NULL,NULL,0,'no','yes',1366357196,NULL,0,0,0,NULL,0),(218,14,13,'',NULL,0,NULL,NULL,NULL,NULL,'deleted','private_message',NULL,NULL,NULL,0,'no','no',0,NULL,0,0,0,NULL,0),(219,14,13,'',NULL,0,NULL,NULL,NULL,NULL,'deleted','private_message',NULL,NULL,NULL,0,'no','no',0,NULL,0,0,0,NULL,0),(220,14,13,'',NULL,0,NULL,NULL,NULL,NULL,'deleted','private_message',NULL,NULL,NULL,0,'no','no',0,NULL,0,0,0,NULL,0),(221,13,14,'',NULL,0,NULL,NULL,NULL,NULL,'deleted','private_message',NULL,NULL,NULL,0,'no','no',0,NULL,0,0,0,NULL,0),(222,12,14,'',NULL,0,NULL,NULL,NULL,NULL,'deleted','private_message',NULL,NULL,NULL,0,'no','no',0,NULL,0,0,0,NULL,0),(223,12,14,'',NULL,0,NULL,NULL,NULL,NULL,'deleted','private_message',NULL,NULL,NULL,0,'no','no',0,NULL,0,0,0,NULL,0),(224,12,14,'','тест файл',0,NULL,NULL,NULL,NULL,'read','private_message',NULL,NULL,NULL,0,'no','no',1366536597,NULL,0,0,0,NULL,0),(225,12,14,'',NULL,0,NULL,NULL,NULL,NULL,'deleted','private_message',NULL,NULL,NULL,0,'no','no',0,NULL,0,0,0,NULL,0),(226,12,14,'',NULL,0,NULL,NULL,NULL,NULL,'deleted','private_message',NULL,NULL,NULL,0,'no','no',0,NULL,0,0,0,NULL,0),(227,12,14,'',NULL,0,NULL,NULL,NULL,NULL,'deleted','private_message',NULL,NULL,NULL,0,'no','no',0,NULL,0,0,0,NULL,0),(228,12,14,'',NULL,0,NULL,NULL,NULL,NULL,'deleted','private_message',NULL,NULL,NULL,0,'no','no',0,NULL,0,0,0,NULL,0),(229,12,14,'',NULL,0,NULL,NULL,NULL,NULL,'deleted','private_message',NULL,NULL,NULL,0,'no','no',0,NULL,0,0,0,NULL,0),(230,12,14,'',NULL,0,NULL,NULL,NULL,NULL,'deleted','private_message',NULL,NULL,NULL,0,'no','no',0,NULL,0,0,0,NULL,0),(231,12,14,'','test2',0,NULL,NULL,NULL,NULL,'read','private_message',NULL,NULL,NULL,0,'no','no',1366537061,NULL,0,0,0,NULL,0),(232,12,14,'',NULL,0,NULL,NULL,NULL,NULL,'deleted','private_message',NULL,NULL,NULL,0,'no','no',0,NULL,0,0,0,NULL,0),(233,14,13,'',NULL,0,NULL,NULL,NULL,NULL,'deleted','private_message',NULL,NULL,NULL,0,'no','no',0,NULL,0,0,0,NULL,0),(234,14,13,'',NULL,0,NULL,NULL,NULL,NULL,'deleted','private_message',NULL,NULL,NULL,0,'no','no',0,NULL,0,0,0,NULL,0),(235,14,13,'',NULL,0,NULL,NULL,NULL,NULL,'deleted','private_message',NULL,NULL,NULL,0,'no','no',0,NULL,0,0,0,NULL,0),(236,14,13,'',NULL,0,NULL,NULL,NULL,NULL,'deleted','private_message',NULL,NULL,NULL,0,'no','no',0,NULL,0,0,0,NULL,0),(237,14,12,'',NULL,0,NULL,NULL,NULL,NULL,'deleted','private_message',NULL,NULL,NULL,0,'no','no',0,NULL,0,0,0,NULL,0),(238,14,12,'',NULL,0,NULL,NULL,NULL,NULL,'deleted','private_message',NULL,NULL,NULL,0,'no','no',0,NULL,0,0,0,NULL,0),(239,14,13,'',NULL,0,NULL,NULL,NULL,NULL,'deleted','private_message',NULL,NULL,NULL,0,'no','no',0,NULL,0,0,0,NULL,0),(240,14,13,'',NULL,0,NULL,NULL,NULL,NULL,'deleted','private_message',NULL,NULL,NULL,0,'no','no',0,NULL,0,0,0,NULL,0),(241,14,13,'',NULL,0,NULL,NULL,NULL,NULL,'deleted','private_message',NULL,NULL,NULL,0,'no','no',0,NULL,0,0,0,NULL,0),(242,14,0,'',NULL,0,NULL,NULL,NULL,NULL,'deleted','news',NULL,NULL,NULL,0,'no','no',0,NULL,0,0,0,NULL,0),(243,14,13,'',NULL,0,NULL,NULL,NULL,NULL,'deleted','private_message',NULL,NULL,NULL,0,'no','no',0,NULL,0,0,0,NULL,0),(244,12,14,'','test',0,NULL,NULL,NULL,NULL,'read','private_message',NULL,NULL,NULL,0,'no','no',1367487911,NULL,0,0,0,NULL,0),(245,12,14,'',NULL,0,NULL,NULL,NULL,NULL,'deleted','private_message',NULL,NULL,NULL,0,'no','no',0,NULL,0,0,0,NULL,0),(246,12,14,'',NULL,0,NULL,NULL,NULL,NULL,'deleted','private_message',NULL,NULL,NULL,0,'no','no',0,NULL,0,0,0,NULL,0),(247,12,14,'',NULL,0,NULL,NULL,NULL,NULL,'deleted','private_message',NULL,NULL,NULL,0,'no','no',0,NULL,0,0,0,NULL,0),(248,12,14,'',NULL,0,NULL,NULL,NULL,NULL,'deleted','private_message',NULL,NULL,NULL,0,'no','no',0,NULL,0,0,0,NULL,0),(249,12,14,'',NULL,0,NULL,NULL,NULL,NULL,'deleted','private_message',NULL,NULL,NULL,0,'no','no',0,NULL,0,0,0,NULL,0),(250,12,14,'',NULL,0,NULL,NULL,NULL,NULL,'deleted','private_message',NULL,NULL,NULL,0,'no','no',0,NULL,0,0,0,NULL,0),(251,12,14,'',NULL,0,NULL,NULL,NULL,NULL,'deleted','private_message',NULL,NULL,NULL,0,'no','no',0,NULL,0,0,0,NULL,0),(252,12,14,'',NULL,0,NULL,NULL,NULL,NULL,'deleted','private_message',NULL,NULL,NULL,0,'no','no',0,NULL,0,0,0,NULL,0),(253,12,14,'',NULL,0,NULL,NULL,NULL,NULL,'deleted','private_message',NULL,NULL,NULL,0,'no','no',0,NULL,0,0,0,NULL,0),(254,12,14,'',NULL,0,NULL,NULL,NULL,NULL,'deleted','private_message',NULL,NULL,NULL,0,'no','no',0,NULL,0,0,0,NULL,0),(255,12,14,'','test123',0,NULL,NULL,NULL,NULL,'read','private_message',NULL,NULL,NULL,0,'no','no',1367489188,NULL,0,0,0,NULL,0),(256,12,14,'',NULL,0,NULL,NULL,NULL,NULL,'deleted','private_message',NULL,NULL,NULL,0,'no','no',0,NULL,0,0,0,NULL,0),(257,12,14,'','test',0,NULL,NULL,NULL,NULL,'read','private_message',NULL,NULL,NULL,0,'no','no',1367489224,NULL,0,0,0,NULL,0),(258,12,14,'',NULL,0,NULL,NULL,NULL,NULL,'deleted','private_message',NULL,NULL,NULL,0,'no','no',0,NULL,0,0,0,NULL,0),(259,12,14,'','test',0,NULL,NULL,NULL,NULL,'read','private_message',NULL,NULL,NULL,0,'no','no',1367490412,NULL,0,0,0,NULL,0),(260,12,14,'','test2',0,NULL,NULL,NULL,NULL,'read','private_message',NULL,NULL,NULL,0,'no','no',1367490418,NULL,0,0,0,NULL,0),(261,12,14,'',NULL,0,NULL,NULL,NULL,NULL,'deleted','private_message',NULL,NULL,NULL,0,'no','no',0,NULL,0,0,0,NULL,0),(262,12,14,'',NULL,0,NULL,NULL,NULL,NULL,'deleted','private_message',NULL,NULL,NULL,0,'no','no',0,NULL,0,0,0,NULL,0),(263,12,14,'','test',0,NULL,NULL,NULL,NULL,'read','private_message',NULL,NULL,NULL,0,'no','no',1367490687,NULL,0,0,0,NULL,0),(264,12,14,'',NULL,0,NULL,NULL,NULL,NULL,'deleted','private_message',NULL,NULL,NULL,0,'no','no',0,NULL,0,0,0,NULL,0),(265,12,14,'',NULL,0,NULL,NULL,NULL,NULL,'deleted','private_message',NULL,NULL,NULL,0,'no','no',0,NULL,0,0,0,NULL,0),(266,12,14,'',NULL,0,NULL,NULL,NULL,NULL,'deleted','private_message',NULL,NULL,NULL,0,'no','no',0,NULL,0,0,0,NULL,0),(267,12,14,'',NULL,0,NULL,NULL,NULL,NULL,'deleted','private_message',NULL,NULL,NULL,0,'no','no',0,NULL,0,0,0,NULL,0),(268,12,22,'gfhg','kjhkj',0,NULL,NULL,NULL,NULL,'new','private_message',NULL,NULL,NULL,1367492488,'no','no',1367492488,NULL,0,0,0,NULL,0),(269,22,12,'','Qwe',0,NULL,NULL,NULL,NULL,'read','private_message',NULL,NULL,NULL,0,'no','no',1367492521,NULL,0,0,0,NULL,0),(270,12,22,'','111',0,NULL,NULL,NULL,NULL,'unread','private_message',NULL,NULL,NULL,0,'no','no',1367492513,NULL,0,0,0,NULL,0),(271,12,22,'',NULL,0,NULL,NULL,NULL,NULL,'deleted','private_message',NULL,NULL,NULL,0,'no','no',0,NULL,0,0,0,NULL,0),(272,22,12,'',NULL,0,NULL,NULL,NULL,NULL,'deleted','private_message',NULL,NULL,NULL,0,'no','no',0,NULL,0,0,0,NULL,0),(273,12,22,'',NULL,0,NULL,NULL,NULL,NULL,'deleted','private_message',NULL,NULL,NULL,0,'no','no',0,NULL,0,0,0,NULL,0),(274,22,12,'',NULL,0,NULL,NULL,NULL,NULL,'deleted','private_message',NULL,NULL,NULL,0,'no','no',0,NULL,0,0,0,NULL,0),(275,12,22,'',NULL,0,NULL,NULL,NULL,NULL,'deleted','private_message',NULL,NULL,NULL,0,'no','no',0,NULL,0,0,0,NULL,0),(276,12,22,'','1112',0,NULL,NULL,NULL,NULL,'unread','private_message',NULL,NULL,NULL,0,'no','no',1367492669,NULL,0,0,0,NULL,0),(277,12,22,'','111',0,NULL,NULL,NULL,NULL,'read','private_message',NULL,NULL,NULL,0,'no','no',1367492717,NULL,0,0,0,NULL,0),(278,12,22,'',NULL,0,NULL,NULL,NULL,NULL,'deleted','private_message',NULL,NULL,NULL,0,'no','no',0,NULL,0,0,0,NULL,0),(279,12,22,'','222',0,NULL,NULL,NULL,NULL,'unread','private_message',NULL,NULL,NULL,0,'no','no',1367492724,NULL,0,0,0,NULL,0),(280,12,22,'',NULL,0,NULL,NULL,NULL,NULL,'deleted','private_message',NULL,NULL,NULL,0,'no','no',0,NULL,0,0,0,NULL,0),(281,22,12,'','Qwe',0,NULL,NULL,NULL,NULL,'read','private_message',NULL,NULL,NULL,0,'no','no',1367492754,NULL,0,0,0,NULL,0),(282,22,12,'',NULL,0,NULL,NULL,NULL,NULL,'deleted','private_message',NULL,NULL,NULL,0,'no','no',0,NULL,0,0,0,NULL,0),(283,12,22,'',NULL,0,NULL,NULL,NULL,NULL,'deleted','private_message',NULL,NULL,NULL,0,'no','no',0,NULL,0,0,0,NULL,0),(284,22,12,'','Qwe',0,NULL,NULL,NULL,NULL,'read','private_message',NULL,NULL,NULL,0,'no','no',1367492949,NULL,0,0,0,NULL,0),(285,22,12,'','',0,NULL,NULL,NULL,NULL,'read','private_message',NULL,NULL,NULL,0,'no','no',1367492951,NULL,0,0,0,NULL,0),(286,22,12,'','Df',0,NULL,NULL,NULL,NULL,'read','private_message',NULL,NULL,NULL,0,'no','no',1367492977,NULL,0,0,0,NULL,0),(287,12,22,'',NULL,0,NULL,NULL,NULL,NULL,'deleted','private_message',NULL,NULL,NULL,0,'no','no',0,NULL,0,0,0,NULL,0),(288,22,12,'',NULL,0,NULL,NULL,NULL,NULL,'deleted','private_message',NULL,NULL,NULL,0,'no','no',0,NULL,0,0,0,NULL,0),(289,22,12,'',NULL,0,NULL,NULL,NULL,NULL,'deleted','private_message',NULL,NULL,NULL,0,'no','no',0,NULL,0,0,0,NULL,0),(290,12,22,'',NULL,0,NULL,NULL,NULL,NULL,'deleted','private_message',NULL,NULL,NULL,0,'no','no',0,NULL,0,0,0,NULL,0),(291,22,12,'','Qaaa',0,NULL,NULL,NULL,NULL,'read','private_message',NULL,NULL,NULL,0,'no','no',1367493044,NULL,0,0,0,NULL,0),(292,12,22,'','111',0,NULL,NULL,NULL,NULL,'unread','private_message',NULL,NULL,NULL,0,'no','no',1367493032,NULL,0,0,0,NULL,0),(293,12,22,'',NULL,0,NULL,NULL,NULL,NULL,'deleted','private_message',NULL,NULL,NULL,0,'no','no',0,NULL,0,0,0,NULL,0),(294,22,12,'','Qqq',0,NULL,NULL,NULL,NULL,'read','private_message',NULL,NULL,NULL,0,'no','no',1367493193,NULL,0,0,0,NULL,0),(295,12,22,'','222',0,NULL,NULL,NULL,NULL,'unread','private_message',NULL,NULL,NULL,0,'no','no',1367493197,NULL,0,0,0,NULL,0),(296,22,12,'','Wswa',0,NULL,NULL,NULL,NULL,'read','private_message',NULL,NULL,NULL,0,'no','no',1367493209,NULL,0,0,0,NULL,0),(297,12,22,'','111',0,NULL,NULL,NULL,NULL,'unread','private_message',NULL,NULL,NULL,0,'no','no',1367493217,NULL,0,0,0,NULL,0),(298,22,12,'','Qqqq',0,NULL,NULL,NULL,NULL,'read','private_message',NULL,NULL,NULL,0,'no','no',1367493338,NULL,0,0,0,NULL,0),(299,12,22,'',NULL,0,NULL,NULL,NULL,NULL,'deleted','private_message',NULL,NULL,NULL,0,'no','no',0,NULL,0,0,0,NULL,0),(300,12,22,'','111',0,NULL,NULL,NULL,NULL,'unread','private_message',NULL,NULL,NULL,0,'no','no',1367493288,NULL,0,0,0,NULL,0),(301,12,22,'',NULL,0,NULL,NULL,NULL,NULL,'deleted','private_message',NULL,NULL,NULL,0,'no','no',0,NULL,0,0,0,NULL,0),(302,12,22,'',NULL,0,NULL,NULL,NULL,NULL,'deleted','private_message',NULL,NULL,NULL,0,'no','no',0,NULL,0,0,0,NULL,0),(303,22,12,'',NULL,0,NULL,NULL,NULL,NULL,'deleted','private_message',NULL,NULL,NULL,0,'no','no',0,NULL,0,0,0,NULL,0),(304,12,22,'','test',0,NULL,NULL,NULL,NULL,'unread','private_message',NULL,NULL,NULL,0,'no','no',1367493360,NULL,0,0,0,NULL,0),(305,22,12,'','Test',0,NULL,NULL,NULL,NULL,'read','private_message',NULL,NULL,NULL,0,'no','no',1367493365,NULL,0,0,0,NULL,0),(306,12,22,'',NULL,0,NULL,NULL,NULL,NULL,'deleted','private_message',NULL,NULL,NULL,0,'no','no',0,NULL,0,0,0,NULL,0),(307,22,12,'',NULL,0,NULL,NULL,NULL,NULL,'deleted','private_message',NULL,NULL,NULL,0,'no','no',0,NULL,0,0,0,NULL,0),(308,12,22,'','234',0,NULL,NULL,NULL,NULL,'unread','private_message',NULL,NULL,NULL,0,'no','no',1367493452,NULL,0,0,0,NULL,0),(309,12,22,'',NULL,0,NULL,NULL,NULL,NULL,'deleted','private_message',NULL,NULL,NULL,0,'no','no',0,NULL,0,0,0,NULL,0),(310,12,22,'','123',0,NULL,NULL,NULL,NULL,'unread','private_message',NULL,NULL,NULL,0,'no','no',1367493462,NULL,0,0,0,NULL,0),(311,12,22,'',NULL,0,NULL,NULL,NULL,NULL,'deleted','private_message',NULL,NULL,NULL,0,'no','no',0,NULL,0,0,0,NULL,0),(312,12,22,'','123',0,NULL,NULL,NULL,NULL,'unread','private_message',NULL,NULL,NULL,0,'no','no',1367493520,NULL,0,0,0,NULL,0),(313,12,22,'',NULL,0,NULL,NULL,NULL,NULL,'deleted','private_message',NULL,NULL,NULL,0,'no','no',0,NULL,0,0,0,NULL,0),(314,12,22,'','123',0,NULL,NULL,NULL,NULL,'unread','private_message',NULL,NULL,NULL,0,'no','no',1367493613,NULL,0,0,0,NULL,0),(315,12,22,'',NULL,0,NULL,NULL,NULL,NULL,'deleted','private_message',NULL,NULL,NULL,0,'no','no',0,NULL,0,0,0,NULL,0),(316,12,22,'','123',0,NULL,NULL,NULL,NULL,'unread','private_message',NULL,NULL,NULL,0,'no','no',1367493787,NULL,0,0,0,NULL,0),(317,12,22,'',NULL,0,NULL,NULL,NULL,NULL,'deleted','private_message',NULL,NULL,NULL,0,'no','no',0,NULL,0,0,0,NULL,0),(318,12,22,'','123',0,NULL,NULL,NULL,NULL,'unread','private_message',NULL,NULL,NULL,0,'no','no',1367495883,NULL,0,0,0,NULL,0),(319,12,22,'',NULL,0,NULL,NULL,NULL,NULL,'deleted','private_message',NULL,NULL,NULL,0,'no','no',0,NULL,0,0,0,NULL,0),(320,22,12,'',NULL,0,NULL,NULL,NULL,NULL,'deleted','private_message',NULL,NULL,NULL,0,'no','no',0,NULL,0,0,0,NULL,0),(321,12,22,'','werwer',0,NULL,NULL,NULL,NULL,'unread','private_message',NULL,NULL,NULL,0,'no','no',1367502086,NULL,0,0,0,NULL,0),(322,12,22,'',NULL,0,NULL,NULL,NULL,NULL,'deleted','private_message',NULL,NULL,NULL,0,'no','no',0,NULL,0,0,0,NULL,0),(323,12,22,'','123',0,NULL,NULL,NULL,NULL,'unread','private_message',NULL,NULL,NULL,0,'no','no',1367502352,NULL,0,0,0,NULL,0),(324,12,22,'','',0,NULL,NULL,NULL,NULL,'unread','private_message',NULL,NULL,NULL,0,'no','no',1367502383,NULL,0,0,0,NULL,0),(325,12,22,'',NULL,0,NULL,NULL,NULL,NULL,'deleted','private_message',NULL,NULL,NULL,0,'no','no',0,NULL,0,0,0,NULL,0),(326,12,22,'','123',0,NULL,NULL,NULL,NULL,'unread','private_message',NULL,NULL,NULL,0,'no','no',1367502388,NULL,0,0,0,NULL,0),(327,12,22,'',NULL,0,NULL,NULL,NULL,NULL,'deleted','private_message',NULL,NULL,NULL,0,'no','no',0,NULL,0,0,0,NULL,0),(328,12,22,'','1',0,NULL,NULL,NULL,NULL,'unread','private_message',NULL,NULL,NULL,0,'no','no',1367502438,NULL,0,0,0,NULL,0),(329,12,22,'',NULL,0,NULL,NULL,NULL,NULL,'deleted','private_message',NULL,NULL,NULL,0,'no','no',0,NULL,0,0,0,NULL,0),(330,12,22,'','1',0,NULL,NULL,NULL,NULL,'unread','private_message',NULL,NULL,NULL,0,'no','no',1367502483,NULL,0,0,0,NULL,0),(331,12,22,'',NULL,0,NULL,NULL,NULL,NULL,'deleted','private_message',NULL,NULL,NULL,0,'no','no',0,NULL,0,0,0,NULL,0),(332,20,14,'','Привет Братюньь!!!!',0,NULL,NULL,NULL,NULL,'read','private_message',NULL,NULL,NULL,1367557121,'no','no',1367557121,NULL,0,0,0,NULL,0),(333,20,0,'','So now i can say that i was in a Times square!!)))) \r\n\r\namazing place for spending money =D',0,NULL,NULL,NULL,NULL,'new','news',NULL,NULL,NULL,1367557305,'no','no',1367557305,NULL,0,0,0,'',2),(334,14,20,'',NULL,0,NULL,NULL,NULL,NULL,'deleted','private_message',NULL,NULL,NULL,0,'no','no',0,NULL,0,0,0,NULL,0),(335,14,20,'','Дарова!',0,NULL,NULL,NULL,NULL,'read','private_message',NULL,NULL,NULL,0,'no','no',1367557364,NULL,0,0,0,NULL,0),(336,20,0,'',NULL,0,NULL,NULL,NULL,NULL,'deleted','news',NULL,NULL,NULL,0,'no','no',0,NULL,0,0,0,NULL,0),(337,14,20,'',NULL,0,NULL,NULL,NULL,NULL,'deleted','private_message',NULL,NULL,NULL,0,'no','no',0,NULL,0,0,0,NULL,0),(338,20,0,'','One more pic of HongKong!!!',0,NULL,NULL,NULL,NULL,'deleted','news',NULL,NULL,NULL,1367557412,'no','yes',1367557412,NULL,0,0,0,'',0),(339,20,0,'HongKong','One more pic of Hong Kong!!!',0,NULL,NULL,NULL,NULL,'new','news',NULL,NULL,NULL,1367557504,'no','no',1367557504,NULL,0,0,0,'',1),(340,20,14,'','卡卡是卡！！！  =D',0,NULL,NULL,NULL,NULL,'read','private_message',NULL,NULL,NULL,0,'no','no',1367557572,NULL,0,0,0,NULL,0),(341,20,14,'',NULL,0,NULL,NULL,NULL,NULL,'deleted','private_message',NULL,NULL,NULL,0,'no','no',0,NULL,0,0,0,NULL,0),(342,20,14,'',NULL,0,NULL,NULL,NULL,NULL,'deleted','private_message',NULL,NULL,NULL,0,'no','no',0,NULL,0,0,0,NULL,0),(343,20,0,'China','Just back from China!\r\nim gonna miss you !!!',0,NULL,NULL,NULL,NULL,'new','news',NULL,NULL,NULL,1367557723,'no','no',1367557723,NULL,0,0,1,'',0),(344,14,20,'',NULL,0,NULL,NULL,NULL,NULL,'deleted','private_message',NULL,NULL,NULL,0,'no','no',0,NULL,0,0,0,NULL,0),(345,14,20,'',NULL,0,NULL,NULL,NULL,NULL,'deleted','private_message',NULL,NULL,NULL,0,'no','no',0,NULL,0,0,0,NULL,0),(346,14,12,'',NULL,0,NULL,NULL,NULL,NULL,'deleted','private_message',NULL,NULL,NULL,0,'no','no',0,NULL,0,0,0,NULL,0),(347,12,22,'',NULL,0,NULL,NULL,NULL,NULL,'deleted','private_message',NULL,NULL,NULL,0,'no','no',0,NULL,0,0,0,NULL,0),(348,12,22,'',NULL,0,NULL,NULL,NULL,NULL,'deleted','private_message',NULL,NULL,NULL,0,'no','no',0,NULL,0,0,0,NULL,0),(349,12,22,'','123',0,NULL,NULL,NULL,NULL,'unread','private_message',NULL,NULL,NULL,0,'no','no',1367603246,NULL,0,0,0,NULL,0),(350,12,22,'',NULL,0,NULL,NULL,NULL,NULL,'deleted','private_message',NULL,NULL,NULL,0,'no','no',0,NULL,0,0,0,NULL,0),(351,12,22,'','123123',0,NULL,NULL,NULL,NULL,'unread','private_message',NULL,NULL,NULL,0,'no','no',1367603342,NULL,0,0,0,NULL,0),(352,12,22,'',NULL,0,NULL,NULL,NULL,NULL,'deleted','private_message',NULL,NULL,NULL,0,'no','no',0,NULL,0,0,0,NULL,0),(353,15,12,'123123','123123',0,NULL,NULL,NULL,NULL,'read','private_message',NULL,NULL,NULL,1367603793,'no','no',1367603793,NULL,0,0,0,NULL,0),(354,15,12,'','123123',0,NULL,NULL,NULL,NULL,'read','private_message',NULL,NULL,NULL,0,'no','no',1367603803,NULL,0,0,0,NULL,0),(355,15,12,'',NULL,0,NULL,NULL,NULL,NULL,'deleted','private_message',NULL,NULL,NULL,0,'no','no',0,NULL,0,0,0,NULL,0),(356,12,15,'',NULL,0,NULL,NULL,NULL,NULL,'deleted','private_message',NULL,NULL,NULL,0,'no','no',0,NULL,0,0,0,NULL,0),(357,15,12,'','123',0,NULL,NULL,NULL,NULL,'read','private_message',NULL,NULL,NULL,0,'no','no',1367603891,NULL,0,0,0,NULL,0),(358,12,15,'',NULL,0,NULL,NULL,NULL,NULL,'deleted','private_message',NULL,NULL,NULL,0,'no','no',0,NULL,0,0,0,NULL,0),(359,15,12,'',NULL,0,NULL,NULL,NULL,NULL,'deleted','private_message',NULL,NULL,NULL,0,'no','no',0,NULL,0,0,0,NULL,0),(360,15,12,'','324',0,NULL,NULL,NULL,NULL,'read','private_message',NULL,NULL,NULL,0,'no','no',1367603965,NULL,0,0,0,NULL,0),(361,15,12,'','123',0,NULL,NULL,NULL,NULL,'unread','private_message',NULL,NULL,NULL,0,'no','no',1367603989,NULL,0,0,0,NULL,0),(362,12,15,'','123',0,NULL,NULL,NULL,NULL,'read','private_message',NULL,NULL,NULL,0,'no','no',1367603977,NULL,0,0,0,NULL,0),(363,12,15,'',NULL,0,NULL,NULL,NULL,NULL,'deleted','private_message',NULL,NULL,NULL,0,'no','no',0,NULL,0,0,0,NULL,0),(364,15,12,'',NULL,0,NULL,NULL,NULL,NULL,'deleted','private_message',NULL,NULL,NULL,0,'no','no',0,NULL,0,0,0,NULL,0),(365,15,12,'','123',0,NULL,NULL,NULL,NULL,'unread','private_message',NULL,NULL,NULL,0,'no','no',1367604001,NULL,0,0,0,NULL,0),(366,15,12,'','234234',0,NULL,NULL,NULL,NULL,'unread','private_message',NULL,NULL,NULL,0,'no','no',1367604011,NULL,0,0,0,NULL,0),(367,15,12,'',NULL,0,NULL,NULL,NULL,NULL,'deleted','private_message',NULL,NULL,NULL,0,'no','no',0,NULL,0,0,0,NULL,0),(368,15,12,'','123',0,NULL,NULL,NULL,NULL,'unread','private_message',NULL,NULL,NULL,0,'no','no',1367604470,NULL,0,0,0,NULL,0),(369,15,12,'',NULL,0,NULL,NULL,NULL,NULL,'deleted','private_message',NULL,NULL,NULL,0,'no','no',0,NULL,0,0,0,NULL,0),(370,15,12,'','111',0,NULL,NULL,NULL,NULL,'read','private_message',NULL,NULL,NULL,0,'no','no',1367604584,NULL,0,0,0,NULL,0),(371,15,12,'','111',0,NULL,NULL,NULL,NULL,'read','private_message',NULL,NULL,NULL,0,'no','no',1367604603,NULL,0,0,0,NULL,0),(372,15,12,'',NULL,0,NULL,NULL,NULL,NULL,'deleted','private_message',NULL,NULL,NULL,0,'no','no',0,NULL,0,0,0,NULL,0),(373,15,12,'','111',0,NULL,NULL,NULL,NULL,'read','private_message',NULL,NULL,NULL,0,'no','no',1367604730,NULL,0,0,0,NULL,0),(374,15,12,'','11',0,NULL,NULL,NULL,NULL,'read','private_message',NULL,NULL,NULL,0,'no','no',1367604743,NULL,0,0,0,NULL,0),(375,15,12,'',NULL,0,NULL,NULL,NULL,NULL,'deleted','private_message',NULL,NULL,NULL,0,'no','no',0,NULL,0,0,0,NULL,0),(376,15,12,'','2323',0,NULL,NULL,NULL,NULL,'read','private_message',NULL,NULL,NULL,0,'no','no',1367604815,NULL,0,0,0,NULL,0),(377,15,12,'',NULL,0,NULL,NULL,NULL,NULL,'deleted','private_message',NULL,NULL,NULL,0,'no','no',0,NULL,0,0,0,NULL,0),(378,15,12,'','23',0,NULL,NULL,NULL,NULL,'read','private_message',NULL,NULL,NULL,0,'no','no',1367604827,NULL,0,0,0,NULL,0),(379,15,12,'',NULL,0,NULL,NULL,NULL,NULL,'deleted','private_message',NULL,NULL,NULL,0,'no','no',0,NULL,0,0,0,NULL,0),(380,12,15,'','123',0,NULL,NULL,NULL,NULL,'read','private_message',NULL,NULL,NULL,0,'no','no',1367604844,NULL,0,0,0,NULL,0),(381,12,15,'','23',0,NULL,NULL,NULL,NULL,'read','private_message',NULL,NULL,NULL,0,'no','no',1367604855,NULL,0,0,0,NULL,0),(382,12,15,'',NULL,0,NULL,NULL,NULL,NULL,'deleted','private_message',NULL,NULL,NULL,0,'no','no',0,NULL,0,0,0,NULL,0),(383,15,12,'','123',0,NULL,NULL,NULL,NULL,'read','private_message',NULL,NULL,NULL,0,'no','no',1367604860,NULL,0,0,0,NULL,0),(384,15,12,'',NULL,0,NULL,NULL,NULL,NULL,'deleted','private_message',NULL,NULL,NULL,0,'no','no',0,NULL,0,0,0,NULL,0),(385,15,12,'','123',0,NULL,NULL,NULL,NULL,'read','private_message',NULL,NULL,NULL,0,'no','no',1367604972,NULL,0,0,0,NULL,0),(386,15,12,'','23',0,NULL,NULL,NULL,NULL,'read','private_message',NULL,NULL,NULL,0,'no','no',1367604990,NULL,0,0,0,NULL,0),(387,12,15,'','2323',0,NULL,NULL,NULL,NULL,'read','private_message',NULL,NULL,NULL,0,'no','no',1367604981,NULL,0,0,0,NULL,0),(388,12,15,'',NULL,0,NULL,NULL,NULL,NULL,'deleted','private_message',NULL,NULL,NULL,0,'no','no',0,NULL,0,0,0,NULL,0),(389,15,12,'',NULL,0,NULL,NULL,NULL,NULL,'deleted','private_message',NULL,NULL,NULL,0,'no','no',0,NULL,0,0,0,NULL,0),(390,15,12,'','123',0,NULL,NULL,NULL,NULL,'read','private_message',NULL,NULL,NULL,0,'no','no',1367605031,NULL,0,0,0,NULL,0),(391,15,12,'',NULL,0,NULL,NULL,NULL,NULL,'deleted','private_message',NULL,NULL,NULL,0,'no','no',0,NULL,0,0,0,NULL,0),(392,12,15,'','123',0,NULL,NULL,NULL,NULL,'unread','private_message',NULL,NULL,NULL,0,'no','no',1367605043,NULL,0,0,0,NULL,0),(393,12,15,'',NULL,0,NULL,NULL,NULL,NULL,'deleted','private_message',NULL,NULL,NULL,0,'no','no',0,NULL,0,0,0,NULL,0),(394,12,15,'','123',0,NULL,NULL,NULL,NULL,'unread','private_message',NULL,NULL,NULL,0,'no','no',1367605193,NULL,0,0,0,NULL,0),(395,12,15,'',NULL,0,NULL,NULL,NULL,NULL,'deleted','private_message',NULL,NULL,NULL,0,'no','no',0,NULL,0,0,0,NULL,0),(396,12,15,'','123123',0,NULL,NULL,NULL,NULL,'unread','private_message',NULL,NULL,NULL,0,'no','no',1367605270,NULL,0,0,0,NULL,0),(397,12,15,'',NULL,0,NULL,NULL,NULL,NULL,'deleted','private_message',NULL,NULL,NULL,0,'no','no',0,NULL,0,0,0,NULL,0),(398,12,15,'','123',0,NULL,NULL,NULL,NULL,'read','private_message',NULL,NULL,NULL,0,'no','no',1367605310,NULL,0,0,0,NULL,0),(399,12,15,'',NULL,0,NULL,NULL,NULL,NULL,'deleted','private_message',NULL,NULL,NULL,0,'no','no',0,NULL,0,0,0,NULL,0),(400,12,15,'','1',0,NULL,NULL,NULL,NULL,'read','private_message',NULL,NULL,NULL,0,'no','no',1367605400,NULL,0,0,0,NULL,0),(401,12,15,'',NULL,0,NULL,NULL,NULL,NULL,'deleted','private_message',NULL,NULL,NULL,0,'no','no',0,NULL,0,0,0,NULL,0),(402,12,15,'','123',0,NULL,NULL,NULL,NULL,'read','private_message',NULL,NULL,NULL,0,'no','no',1367605489,NULL,0,0,0,NULL,0),(403,12,15,'',NULL,0,NULL,NULL,NULL,NULL,'deleted','private_message',NULL,NULL,NULL,0,'no','no',0,NULL,0,0,0,NULL,0),(404,15,12,'','111',0,NULL,NULL,NULL,NULL,'read','private_message',NULL,NULL,NULL,0,'no','no',1367605523,NULL,0,0,0,NULL,0),(405,15,12,'',NULL,0,NULL,NULL,NULL,NULL,'deleted','private_message',NULL,NULL,NULL,0,'no','no',0,NULL,0,0,0,NULL,0),(406,15,12,'','1212',0,NULL,NULL,NULL,NULL,'read','private_message',NULL,NULL,NULL,0,'no','no',1367605554,NULL,0,0,0,NULL,0),(407,15,12,'','2323',0,NULL,NULL,NULL,NULL,'read','private_message',NULL,NULL,NULL,0,'no','no',1367605573,NULL,0,0,0,NULL,0),(408,12,15,'','123',0,NULL,NULL,NULL,NULL,'read','private_message',NULL,NULL,NULL,0,'no','no',1367605561,NULL,0,0,0,NULL,0),(409,12,15,'','1',0,NULL,NULL,NULL,NULL,'read','private_message',NULL,NULL,NULL,0,'no','no',1367605583,NULL,0,0,0,NULL,0),(410,15,12,'',NULL,0,NULL,NULL,NULL,NULL,'deleted','private_message',NULL,NULL,NULL,0,'no','no',0,NULL,0,0,0,NULL,0),(411,12,15,'',NULL,0,NULL,NULL,NULL,NULL,'deleted','private_message',NULL,NULL,NULL,0,'no','no',0,NULL,0,0,0,NULL,0),(412,15,12,'','123',0,NULL,NULL,NULL,NULL,'read','private_message',NULL,NULL,NULL,0,'no','no',1367605635,NULL,0,0,0,NULL,0),(413,15,12,'',NULL,0,NULL,NULL,NULL,NULL,'deleted','private_message',NULL,NULL,NULL,0,'no','no',0,NULL,0,0,0,NULL,0),(414,12,15,'','111',0,NULL,NULL,NULL,NULL,'read','private_message',NULL,NULL,NULL,0,'no','no',1367605642,NULL,0,0,0,NULL,0),(415,12,15,'',NULL,0,NULL,NULL,NULL,NULL,'deleted','private_message',NULL,NULL,NULL,0,'no','no',0,NULL,0,0,0,NULL,0),(416,12,15,'','111',0,NULL,NULL,NULL,NULL,'read','private_message',NULL,NULL,NULL,0,'no','no',1367605694,NULL,0,0,0,NULL,0),(417,12,15,'','222',0,NULL,NULL,NULL,NULL,'unread','private_message',NULL,NULL,NULL,0,'no','no',1367605713,NULL,0,0,0,NULL,0),(418,15,12,'','111',0,NULL,NULL,NULL,NULL,'read','private_message',NULL,NULL,NULL,0,'no','no',1367605706,NULL,0,0,0,NULL,0),(419,15,12,'','333',0,NULL,NULL,NULL,NULL,'read','private_message',NULL,NULL,NULL,0,'no','no',1367605731,NULL,0,0,0,NULL,0),(420,12,15,'','333',0,NULL,NULL,NULL,NULL,'read','private_message',NULL,NULL,NULL,0,'no','no',1367605722,NULL,0,0,0,NULL,0),(421,12,15,'',NULL,0,NULL,NULL,NULL,NULL,'deleted','private_message',NULL,NULL,NULL,0,'no','no',0,NULL,0,0,0,NULL,0),(422,15,12,'',NULL,0,NULL,NULL,NULL,NULL,'deleted','private_message',NULL,NULL,NULL,0,'no','no',0,NULL,0,0,0,NULL,0),(423,12,15,'','111',0,NULL,NULL,NULL,NULL,'read','private_message',NULL,NULL,NULL,0,'no','no',1367605762,NULL,0,0,0,NULL,0),(424,12,15,'','444',0,NULL,NULL,NULL,NULL,'unread','private_message',NULL,NULL,NULL,0,'no','no',1367605778,NULL,0,0,0,NULL,0),(425,15,12,'','22',0,NULL,NULL,NULL,NULL,'read','private_message',NULL,NULL,NULL,0,'no','no',1367605771,NULL,0,0,0,NULL,0),(426,15,12,'',NULL,0,NULL,NULL,NULL,NULL,'deleted','private_message',NULL,NULL,NULL,0,'no','no',0,NULL,0,0,0,NULL,0),(427,12,15,'',NULL,0,NULL,NULL,NULL,NULL,'deleted','private_message',NULL,NULL,NULL,0,'no','no',0,NULL,0,0,0,NULL,0),(428,12,15,'','111',0,NULL,NULL,NULL,NULL,'unread','private_message',NULL,NULL,NULL,0,'no','no',1367605838,NULL,0,0,0,NULL,0),(429,12,15,'',NULL,0,NULL,NULL,NULL,NULL,'deleted','private_message',NULL,NULL,NULL,0,'no','no',0,NULL,0,0,0,NULL,0),(430,12,15,'','123',0,NULL,NULL,NULL,NULL,'read','private_message',NULL,NULL,NULL,0,'no','no',1367605913,NULL,0,0,0,NULL,0),(431,12,15,'','3434',0,NULL,NULL,NULL,NULL,'unread','private_message',NULL,NULL,NULL,0,'no','no',1367605930,NULL,0,0,0,NULL,0),(432,15,12,'','23',0,NULL,NULL,NULL,NULL,'read','private_message',NULL,NULL,NULL,0,'no','no',1367605922,NULL,0,0,0,NULL,0),(433,15,12,'',NULL,0,NULL,NULL,NULL,NULL,'deleted','private_message',NULL,NULL,NULL,0,'no','no',0,NULL,0,0,0,NULL,0),(434,12,15,'',NULL,0,NULL,NULL,NULL,NULL,'deleted','private_message',NULL,NULL,NULL,0,'no','no',0,NULL,0,0,0,NULL,0),(435,12,15,'','123',0,NULL,NULL,NULL,NULL,'read','private_message',NULL,NULL,NULL,0,'no','no',1367606001,NULL,0,0,0,NULL,0),(436,12,15,'',NULL,0,NULL,NULL,NULL,NULL,'deleted','private_message',NULL,NULL,NULL,0,'no','no',0,NULL,0,0,0,NULL,0),(437,12,15,'',NULL,0,NULL,NULL,NULL,NULL,'deleted','private_message',NULL,NULL,NULL,0,'no','no',0,NULL,0,0,0,NULL,0),(438,12,15,'','123',0,NULL,NULL,NULL,NULL,'read','private_message',NULL,NULL,NULL,0,'no','no',1367606019,NULL,0,0,0,NULL,0),(439,12,15,'','111',0,NULL,NULL,NULL,NULL,'read','private_message',NULL,NULL,NULL,0,'no','no',1367606036,NULL,0,0,0,NULL,0),(440,15,12,'','111',0,NULL,NULL,NULL,NULL,'read','private_message',NULL,NULL,NULL,0,'no','no',1367606029,NULL,0,0,0,NULL,0),(441,15,12,'',NULL,0,NULL,NULL,NULL,NULL,'deleted','private_message',NULL,NULL,NULL,0,'no','no',0,NULL,0,0,0,NULL,0),(442,12,15,'',NULL,0,NULL,NULL,NULL,NULL,'deleted','private_message',NULL,NULL,NULL,0,'no','no',0,NULL,0,0,0,NULL,0),(443,12,15,'','11',0,NULL,NULL,NULL,NULL,'read','private_message',NULL,NULL,NULL,0,'no','no',1367606086,NULL,0,0,0,NULL,0),(444,12,15,'',NULL,0,NULL,NULL,NULL,NULL,'deleted','private_message',NULL,NULL,NULL,0,'no','no',0,NULL,0,0,0,NULL,0),(445,15,12,'','111',0,NULL,NULL,NULL,NULL,'read','private_message',NULL,NULL,NULL,0,'no','no',1367606103,NULL,0,0,0,NULL,0),(446,15,12,'',NULL,0,NULL,NULL,NULL,NULL,'deleted','private_message',NULL,NULL,NULL,0,'no','no',0,NULL,0,0,0,NULL,0),(447,15,12,'','123',0,NULL,NULL,NULL,NULL,'read','private_message',NULL,NULL,NULL,0,'no','no',1367606173,NULL,0,0,0,NULL,0),(448,15,12,'','23',0,NULL,NULL,NULL,NULL,'read','private_message',NULL,NULL,NULL,0,'no','no',1367606196,NULL,0,0,0,NULL,0),(449,12,15,'','123',0,NULL,NULL,NULL,NULL,'read','private_message',NULL,NULL,NULL,0,'no','no',1367606181,NULL,0,0,0,NULL,0),(450,12,15,'',NULL,0,NULL,NULL,NULL,NULL,'deleted','private_message',NULL,NULL,NULL,0,'no','no',0,NULL,0,0,0,NULL,0),(451,15,12,'',NULL,0,NULL,NULL,NULL,NULL,'deleted','private_message',NULL,NULL,NULL,0,'no','no',0,NULL,0,0,0,NULL,0),(452,12,15,'',NULL,0,NULL,NULL,NULL,NULL,'deleted','private_message',NULL,NULL,NULL,0,'no','no',0,NULL,0,0,0,NULL,0),(453,15,12,'','23',0,NULL,NULL,NULL,NULL,'read','private_message',NULL,NULL,NULL,0,'no','no',1367606578,NULL,0,0,0,NULL,0),(454,15,12,'',NULL,0,NULL,NULL,NULL,NULL,'deleted','private_message',NULL,NULL,NULL,0,'no','no',0,NULL,0,0,0,NULL,0),(455,15,12,'','2323',0,NULL,NULL,NULL,NULL,'read','private_message',NULL,NULL,NULL,0,'no','no',1367606613,NULL,0,0,0,NULL,0),(456,12,15,'',NULL,0,NULL,NULL,NULL,NULL,'deleted','private_message',NULL,NULL,NULL,0,'no','no',0,NULL,0,0,0,NULL,0),(457,15,12,'',NULL,0,NULL,NULL,NULL,NULL,'deleted','private_message',NULL,NULL,NULL,0,'no','no',0,NULL,0,0,0,NULL,0),(458,15,12,'','4545',0,NULL,NULL,NULL,NULL,'read','private_message',NULL,NULL,NULL,0,'no','no',1367606671,NULL,0,0,0,NULL,0),(459,15,12,'','23',0,NULL,NULL,NULL,NULL,'read','private_message',NULL,NULL,NULL,0,'no','no',1367606691,NULL,0,0,0,NULL,0),(460,12,15,'','23',0,NULL,NULL,NULL,NULL,'read','private_message',NULL,NULL,NULL,0,'no','no',1367606683,NULL,0,0,0,NULL,0),(461,12,15,'','`1',0,NULL,NULL,NULL,NULL,'read','private_message',NULL,NULL,NULL,0,'no','no',1367606696,NULL,0,0,0,NULL,0),(462,15,12,'',NULL,0,NULL,NULL,NULL,NULL,'deleted','private_message',NULL,NULL,NULL,0,'no','no',0,NULL,0,0,0,NULL,0),(463,12,15,'',NULL,0,NULL,NULL,NULL,NULL,'deleted','private_message',NULL,NULL,NULL,0,'no','no',0,NULL,0,0,0,NULL,0),(464,15,12,'','345',0,NULL,NULL,NULL,NULL,'read','private_message',NULL,NULL,NULL,0,'no','no',1367606712,NULL,0,0,0,NULL,0),(465,15,12,'','23',0,NULL,NULL,NULL,NULL,'read','private_message',NULL,NULL,NULL,0,'no','no',1367606726,NULL,0,0,0,NULL,0),(466,12,15,'','456',0,NULL,NULL,NULL,NULL,'unread','private_message',NULL,NULL,NULL,0,'no','no',1367606722,NULL,0,0,0,NULL,0),(467,12,15,'',NULL,0,NULL,NULL,NULL,NULL,'deleted','private_message',NULL,NULL,NULL,0,'no','no',0,NULL,0,0,0,NULL,0),(468,15,12,'',NULL,0,NULL,NULL,NULL,NULL,'deleted','private_message',NULL,NULL,NULL,0,'no','no',0,NULL,0,0,0,NULL,0),(469,15,12,'','2222',0,NULL,NULL,NULL,NULL,'read','private_message',NULL,NULL,NULL,0,'no','no',1367606757,NULL,0,0,0,NULL,0),(470,12,15,'','123',0,NULL,NULL,NULL,NULL,'read','private_message',NULL,NULL,NULL,0,'no','no',1367606749,NULL,0,0,0,NULL,0),(471,12,15,'','22',0,NULL,NULL,NULL,NULL,'read','private_message',NULL,NULL,NULL,0,'no','no',1367606760,NULL,0,0,0,NULL,0),(472,15,12,'',NULL,0,NULL,NULL,NULL,NULL,'deleted','private_message',NULL,NULL,NULL,0,'no','no',0,NULL,0,0,0,NULL,0),(473,12,15,'','2323',0,NULL,NULL,NULL,NULL,'read','private_message',NULL,NULL,NULL,0,'no','no',1367606776,NULL,0,0,0,NULL,0),(474,12,15,'',NULL,0,NULL,NULL,NULL,NULL,'deleted','private_message',NULL,NULL,NULL,0,'no','no',0,NULL,0,0,0,NULL,0),(475,15,12,'','22',0,NULL,NULL,NULL,NULL,'read','private_message',NULL,NULL,NULL,0,'no','no',1367606826,NULL,0,0,0,NULL,0),(476,15,12,'','23',0,NULL,NULL,NULL,NULL,'read','private_message',NULL,NULL,NULL,0,'no','no',1367606838,NULL,0,0,0,NULL,0),(477,12,15,'','11',0,NULL,NULL,NULL,NULL,'read','private_message',NULL,NULL,NULL,0,'no','no',1367606834,NULL,0,0,0,NULL,0),(478,12,15,'','22',0,NULL,NULL,NULL,NULL,'read','private_message',NULL,NULL,NULL,0,'no','no',1367606855,NULL,0,0,0,NULL,0),(479,15,12,'',NULL,0,NULL,NULL,NULL,NULL,'deleted','private_message',NULL,NULL,NULL,0,'no','no',0,NULL,0,0,0,NULL,0),(480,12,15,'',NULL,0,NULL,NULL,NULL,NULL,'deleted','private_message',NULL,NULL,NULL,0,'no','no',0,NULL,0,0,0,NULL,0),(481,12,15,'','22',0,NULL,NULL,NULL,NULL,'read','private_message',NULL,NULL,NULL,0,'no','no',1367606861,NULL,0,0,0,NULL,0),(482,12,15,'',NULL,0,NULL,NULL,NULL,NULL,'deleted','private_message',NULL,NULL,NULL,0,'no','no',0,NULL,0,0,0,NULL,0),(483,12,15,'','111',0,NULL,NULL,NULL,NULL,'read','private_message',NULL,NULL,NULL,0,'no','no',1367606879,NULL,0,0,0,NULL,0),(484,12,15,'','2323',0,NULL,NULL,NULL,NULL,'unread','private_message',NULL,NULL,NULL,0,'no','no',1367606894,NULL,0,0,0,NULL,0),(485,15,12,'','343',0,NULL,NULL,NULL,NULL,'read','private_message',NULL,NULL,NULL,0,'no','no',1367606891,NULL,0,0,0,NULL,0),(486,15,12,'','2323',0,NULL,NULL,NULL,NULL,'read','private_message',NULL,NULL,NULL,0,'no','no',1367606897,NULL,0,0,0,NULL,0),(487,12,15,'','4545',0,NULL,NULL,NULL,NULL,'unread','private_message',NULL,NULL,NULL,0,'no','no',1367606931,NULL,0,0,0,NULL,0),(488,15,12,'','2323',0,NULL,NULL,NULL,NULL,'read','private_message',NULL,NULL,NULL,0,'no','no',1367606923,NULL,0,0,0,NULL,0),(489,15,12,'',NULL,0,NULL,NULL,NULL,NULL,'deleted','private_message',NULL,NULL,NULL,0,'no','no',0,NULL,0,0,0,NULL,0),(490,12,15,'','2323',0,NULL,NULL,NULL,NULL,'read','private_message',NULL,NULL,NULL,0,'no','no',1367606937,NULL,0,0,0,NULL,0),(491,12,15,'',NULL,0,NULL,NULL,NULL,NULL,'deleted','private_message',NULL,NULL,NULL,0,'no','no',0,NULL,0,0,0,NULL,0),(492,12,15,'','123',0,NULL,NULL,NULL,NULL,'read','private_message',NULL,NULL,NULL,0,'no','no',1367606945,NULL,0,0,0,NULL,0),(493,12,15,'','2323',0,NULL,NULL,NULL,NULL,'read','private_message',NULL,NULL,NULL,0,'no','no',1367606956,NULL,0,0,0,NULL,0),(494,15,12,'','2323',0,NULL,NULL,NULL,NULL,'read','private_message',NULL,NULL,NULL,0,'no','no',1367606952,NULL,0,0,0,NULL,0),(495,15,12,'',NULL,0,NULL,NULL,NULL,NULL,'deleted','private_message',NULL,NULL,NULL,0,'no','no',0,NULL,0,0,0,NULL,0),(496,12,15,'',NULL,0,NULL,NULL,NULL,NULL,'deleted','private_message',NULL,NULL,NULL,0,'no','no',0,NULL,0,0,0,NULL,0),(497,15,12,'','2323',0,NULL,NULL,NULL,NULL,'read','private_message',NULL,NULL,NULL,0,'no','no',1367606967,NULL,0,0,0,NULL,0),(498,12,15,'','23',0,NULL,NULL,NULL,NULL,'read','private_message',NULL,NULL,NULL,0,'no','no',1367606964,NULL,0,0,0,NULL,0),(499,12,15,'','2332',0,NULL,NULL,NULL,NULL,'read','private_message',NULL,NULL,NULL,0,'no','no',1367606970,NULL,0,0,0,NULL,0),(500,15,12,'','23',0,NULL,NULL,NULL,NULL,'read','private_message',NULL,NULL,NULL,0,'no','no',1367606972,NULL,0,0,0,NULL,0),(501,12,15,'','3434',0,NULL,NULL,NULL,NULL,'read','private_message',NULL,NULL,NULL,0,'no','no',1367606989,NULL,0,0,0,NULL,0),(502,15,12,'','2323',0,NULL,NULL,NULL,NULL,'read','private_message',NULL,NULL,NULL,0,'no','no',1367606981,NULL,0,0,0,NULL,0),(503,15,12,'',NULL,0,NULL,NULL,NULL,NULL,'deleted','private_message',NULL,NULL,NULL,0,'no','no',0,NULL,0,0,0,NULL,0),(504,12,15,'',NULL,0,NULL,NULL,NULL,NULL,'deleted','private_message',NULL,NULL,NULL,0,'no','no',0,NULL,0,0,0,NULL,0),(505,15,12,'','222',0,NULL,NULL,NULL,NULL,'read','private_message',NULL,NULL,NULL,0,'no','no',1367607076,NULL,0,0,0,NULL,0),(506,12,15,'','111',0,NULL,NULL,NULL,NULL,'read','private_message',NULL,NULL,NULL,0,'no','no',1367607070,NULL,0,0,0,NULL,0),(507,12,15,'','2323',0,NULL,NULL,NULL,NULL,'read','private_message',NULL,NULL,NULL,0,'no','no',1367607081,NULL,0,0,0,NULL,0),(508,15,12,'','2323',0,NULL,NULL,NULL,NULL,'read','private_message',NULL,NULL,NULL,0,'no','no',1367607094,NULL,0,0,0,NULL,0),(509,12,15,'',NULL,0,NULL,NULL,NULL,NULL,'deleted','private_message',NULL,NULL,NULL,0,'no','no',0,NULL,0,0,0,NULL,0),(510,15,12,'',NULL,0,NULL,NULL,NULL,NULL,'deleted','private_message',NULL,NULL,NULL,0,'no','no',0,NULL,0,0,0,NULL,0),(511,12,15,'','345345',0,NULL,NULL,NULL,NULL,'read','private_message',NULL,NULL,NULL,0,'no','no',1367607132,NULL,0,0,0,NULL,0),(512,12,15,'','23',0,NULL,NULL,NULL,NULL,'read','private_message',NULL,NULL,NULL,0,'no','no',1367607144,NULL,0,0,0,NULL,0),(513,15,12,'','345',0,NULL,NULL,NULL,NULL,'read','private_message',NULL,NULL,NULL,0,'no','no',1367607141,NULL,0,0,0,NULL,0),(514,15,12,'',NULL,0,NULL,NULL,NULL,NULL,'deleted','private_message',NULL,NULL,NULL,0,'no','no',0,NULL,0,0,0,NULL,0),(515,12,15,'',NULL,0,NULL,NULL,NULL,NULL,'deleted','private_message',NULL,NULL,NULL,0,'no','no',0,NULL,0,0,0,NULL,0),(516,15,12,'','222',0,NULL,NULL,NULL,NULL,'read','private_message',NULL,NULL,NULL,0,'no','no',1367607162,NULL,0,0,0,NULL,0),(517,12,15,'','111',0,NULL,NULL,NULL,NULL,'read','private_message',NULL,NULL,NULL,0,'no','no',1367607159,NULL,0,0,0,NULL,0),(518,12,15,'',NULL,0,NULL,NULL,NULL,NULL,'deleted','private_message',NULL,NULL,NULL,0,'no','no',0,NULL,0,0,0,NULL,0),(519,15,12,'',NULL,0,NULL,NULL,NULL,NULL,'deleted','private_message',NULL,NULL,NULL,0,'no','no',0,NULL,0,0,0,NULL,0),(520,12,15,'','2323',0,NULL,NULL,NULL,NULL,'read','private_message',NULL,NULL,NULL,0,'no','no',1367607202,NULL,0,0,0,NULL,0),(521,12,15,'','11',0,NULL,NULL,NULL,NULL,'read','private_message',NULL,NULL,NULL,0,'no','no',1367607212,NULL,0,0,0,NULL,0),(522,15,12,'','3434',0,NULL,NULL,NULL,NULL,'read','private_message',NULL,NULL,NULL,0,'no','no',1367607210,NULL,0,0,0,NULL,0),(523,15,12,'','444',0,NULL,NULL,NULL,NULL,'read','private_message',NULL,NULL,NULL,0,'no','no',1367607219,NULL,0,0,0,NULL,0),(524,12,15,'',NULL,0,NULL,NULL,NULL,NULL,'deleted','private_message',NULL,NULL,NULL,0,'no','no',0,NULL,0,0,0,NULL,0),(525,15,12,'',NULL,0,NULL,NULL,NULL,NULL,'deleted','private_message',NULL,NULL,NULL,0,'no','no',0,NULL,0,0,0,NULL,0),(526,12,22,'','123',0,NULL,NULL,NULL,NULL,'unread','private_message',NULL,NULL,NULL,0,'no','no',1367645123,NULL,0,0,0,NULL,0),(527,12,22,'',NULL,0,NULL,NULL,NULL,NULL,'deleted','private_message',NULL,NULL,NULL,0,'no','no',0,NULL,0,0,0,NULL,0),(528,15,12,'','123',0,NULL,NULL,NULL,NULL,'read','private_message',NULL,NULL,NULL,0,'no','no',1367645158,NULL,0,0,0,NULL,0),(529,15,12,'','2323',0,NULL,NULL,NULL,NULL,'read','private_message',NULL,NULL,NULL,0,'no','no',1367645166,NULL,0,0,0,NULL,0),(530,15,12,'',NULL,0,NULL,NULL,NULL,NULL,'deleted','private_message',NULL,NULL,NULL,0,'no','no',0,NULL,0,0,0,NULL,0),(531,15,12,'',NULL,0,NULL,NULL,NULL,NULL,'deleted','private_message',NULL,NULL,NULL,0,'no','no',0,NULL,0,0,0,NULL,0),(532,15,12,'',NULL,0,NULL,NULL,NULL,NULL,'deleted','private_message',NULL,NULL,NULL,0,'no','no',0,NULL,0,0,0,NULL,0),(533,15,12,'','11',0,NULL,NULL,NULL,NULL,'read','private_message',NULL,NULL,NULL,0,'no','no',1367645238,NULL,0,0,0,NULL,0),(534,12,22,'',NULL,0,NULL,NULL,NULL,NULL,'deleted','private_message',NULL,NULL,NULL,0,'no','no',0,NULL,0,0,0,NULL,0),(535,15,12,'',NULL,0,NULL,NULL,NULL,NULL,'deleted','private_message',NULL,NULL,NULL,0,'no','no',0,NULL,0,0,0,NULL,0),(536,15,12,'',NULL,0,NULL,NULL,NULL,NULL,'deleted','private_message',NULL,NULL,NULL,0,'no','no',0,NULL,0,0,0,NULL,0),(537,12,22,'',NULL,0,NULL,NULL,NULL,NULL,'deleted','private_message',NULL,NULL,NULL,0,'no','no',0,NULL,0,0,0,NULL,0),(538,12,22,'',NULL,0,NULL,NULL,NULL,NULL,'deleted','private_message',NULL,NULL,NULL,0,'no','no',0,NULL,0,0,0,NULL,0),(539,12,22,'',NULL,0,NULL,NULL,NULL,NULL,'deleted','private_message',NULL,NULL,NULL,0,'no','no',0,NULL,0,0,0,NULL,0),(540,12,22,'','123',0,NULL,NULL,NULL,NULL,'unread','private_message',NULL,NULL,NULL,0,'no','no',1367645493,NULL,0,0,0,NULL,0),(541,15,12,'',NULL,0,NULL,NULL,NULL,NULL,'deleted','private_message',NULL,NULL,NULL,0,'no','no',0,NULL,0,0,0,NULL,0),(542,15,12,'',NULL,0,NULL,NULL,NULL,NULL,'deleted','private_message',NULL,NULL,NULL,0,'no','no',0,NULL,0,0,0,NULL,0),(543,12,22,'',NULL,0,NULL,NULL,NULL,NULL,'deleted','private_message',NULL,NULL,NULL,0,'no','no',0,NULL,0,0,0,NULL,0),(544,12,22,'','123',0,NULL,NULL,NULL,NULL,'unread','private_message',NULL,NULL,NULL,0,'no','no',1367645548,NULL,0,0,0,NULL,0),(545,15,12,'',NULL,0,NULL,NULL,NULL,NULL,'deleted','private_message',NULL,NULL,NULL,0,'no','no',0,NULL,0,0,0,NULL,0),(546,12,22,'',NULL,0,NULL,NULL,NULL,NULL,'deleted','private_message',NULL,NULL,NULL,0,'no','no',0,NULL,0,0,0,NULL,0),(547,12,15,'','111111',0,NULL,NULL,NULL,NULL,'read','private_message',NULL,NULL,NULL,0,'no','no',1367645590,NULL,0,0,0,NULL,0),(548,12,15,'','45354345',0,NULL,NULL,NULL,NULL,'read','private_message',NULL,NULL,NULL,0,'no','no',1367645700,NULL,0,0,0,NULL,0),(549,12,15,'',NULL,0,NULL,NULL,NULL,NULL,'deleted','private_message',NULL,NULL,NULL,0,'no','no',0,NULL,0,0,0,NULL,0),(550,15,12,'',NULL,0,NULL,NULL,NULL,NULL,'deleted','private_message',NULL,NULL,NULL,0,'no','no',0,NULL,0,0,0,NULL,0),(551,12,15,'','345345',0,NULL,NULL,NULL,NULL,'unread','private_message',NULL,NULL,NULL,0,'no','no',1367645710,NULL,0,0,0,NULL,0),(552,12,15,'','345345',0,NULL,NULL,NULL,NULL,'unread','private_message',NULL,NULL,NULL,0,'no','no',1367645714,NULL,0,0,0,NULL,0),(553,12,15,'','123123123',0,NULL,NULL,NULL,NULL,'unread','private_message',NULL,NULL,NULL,0,'no','no',1367645746,NULL,0,0,0,NULL,0),(554,12,15,'',NULL,0,NULL,NULL,NULL,NULL,'deleted','private_message',NULL,NULL,NULL,0,'no','no',0,NULL,0,0,0,NULL,0),(555,22,12,'',NULL,0,NULL,NULL,NULL,NULL,'deleted','private_message',NULL,NULL,NULL,0,'no','no',0,NULL,0,0,0,NULL,0),(556,12,14,'',NULL,0,NULL,NULL,NULL,NULL,'deleted','private_message',NULL,NULL,NULL,0,'no','no',0,NULL,0,0,0,NULL,0),(557,14,13,'',NULL,0,NULL,NULL,NULL,NULL,'deleted','private_message',NULL,NULL,NULL,0,'no','no',0,NULL,0,0,0,NULL,0),(558,13,14,'','Пробное сообщение',0,NULL,NULL,NULL,NULL,'read','private_message',NULL,NULL,NULL,0,'no','no',1367832641,NULL,0,0,0,NULL,0),(559,13,14,'','проверка',0,NULL,NULL,NULL,NULL,'read','private_message',NULL,NULL,NULL,0,'no','no',1367832725,NULL,0,0,0,NULL,0),(560,13,14,'','сообщения',0,NULL,NULL,NULL,NULL,'read','private_message',NULL,NULL,NULL,0,'no','no',1367832732,NULL,0,0,0,NULL,0),(561,13,14,'',NULL,0,NULL,NULL,NULL,NULL,'deleted','private_message',NULL,NULL,NULL,0,'no','no',0,NULL,0,0,0,NULL,0),(562,14,20,'',NULL,0,NULL,NULL,NULL,NULL,'deleted','private_message',NULL,NULL,NULL,0,'no','no',0,NULL,0,0,0,NULL,0),(563,14,12,'',NULL,0,NULL,NULL,NULL,NULL,'deleted','private_message',NULL,NULL,NULL,0,'no','no',0,NULL,0,0,0,NULL,0),(564,14,12,'',NULL,0,NULL,NULL,NULL,NULL,'deleted','private_message',NULL,NULL,NULL,0,'no','no',0,NULL,0,0,0,NULL,0),(565,14,13,'',NULL,0,NULL,NULL,NULL,NULL,'deleted','private_message',NULL,NULL,NULL,0,'no','no',0,NULL,0,0,0,NULL,0),(566,14,13,'',NULL,0,NULL,NULL,NULL,NULL,'deleted','private_message',NULL,NULL,NULL,0,'no','no',0,NULL,0,0,0,NULL,0),(567,14,20,'',NULL,0,NULL,NULL,NULL,NULL,'deleted','private_message',NULL,NULL,NULL,0,'no','no',0,NULL,0,0,0,NULL,0),(568,14,13,'',NULL,0,NULL,NULL,NULL,NULL,'deleted','private_message',NULL,NULL,NULL,0,'no','no',0,NULL,0,0,0,NULL,0),(569,14,13,'',NULL,0,NULL,NULL,NULL,NULL,'deleted','private_message',NULL,NULL,NULL,0,'no','no',0,NULL,0,0,0,NULL,0),(570,14,0,'Пишу отчет о путешествии!','Пишу отчет о путешествии, вроде получается, но так как наш ресурс еще не раскручен, то буду выгружать на Drom.ru. \r\n\r\nВот некоторые фото которые будут прикреплены к отчету. Особенно ДЕД МЕГАФОН',0,NULL,NULL,NULL,NULL,'new','news',NULL,NULL,NULL,1367986554,'no','no',1367986554,NULL,0,0,0,'',1),(571,12,15,'',NULL,0,NULL,NULL,NULL,NULL,'deleted','private_message',NULL,NULL,NULL,0,'no','no',0,NULL,0,0,0,NULL,0),(572,12,22,'',NULL,0,NULL,NULL,NULL,NULL,'deleted','private_message',NULL,NULL,NULL,0,'no','no',0,NULL,0,0,0,NULL,0),(573,12,15,'',NULL,0,NULL,NULL,NULL,NULL,'deleted','private_message',NULL,NULL,NULL,0,'no','no',0,NULL,0,0,0,NULL,0),(574,14,20,'',NULL,0,NULL,NULL,NULL,NULL,'deleted','private_message',NULL,NULL,NULL,0,'no','no',0,NULL,0,0,0,NULL,0),(575,12,22,'','<p>dasdasdasd</p>',0,NULL,NULL,NULL,NULL,'unread','private_message',NULL,NULL,NULL,0,'no','no',1368772445,NULL,0,0,0,NULL,0),(576,12,22,'','<p>dasdasdasddasdasdasddasdasdasddasdasdasddasdasdasddasdasdasddasdasdasddasdasdasddasdasdasddasdasdasddasdasdasddasdasdasddasdasdasddasdasdasddasdasdasddasdasdasddasdasdasddasdasdasddasdasdasddasdasdasddasdasdasddasdasdasddasdasdasddasdasdasd</p>',0,NULL,NULL,NULL,NULL,'unread','private_message',NULL,NULL,NULL,0,'no','yes',1368772459,NULL,0,0,0,NULL,0),(577,12,22,'',NULL,0,NULL,NULL,NULL,NULL,'deleted','private_message',NULL,NULL,NULL,0,'no','no',0,NULL,0,0,0,NULL,0),(578,12,22,'',NULL,0,NULL,NULL,NULL,NULL,'deleted','private_message',NULL,NULL,NULL,0,'no','no',0,NULL,0,0,0,NULL,0),(579,12,22,'',NULL,0,NULL,NULL,NULL,NULL,'deleted','private_message',NULL,NULL,NULL,0,'no','no',0,NULL,0,0,0,NULL,0),(580,14,13,'',NULL,0,NULL,NULL,NULL,NULL,'deleted','private_message',NULL,NULL,NULL,0,'no','no',0,NULL,0,0,0,NULL,0),(581,14,20,'',NULL,0,NULL,NULL,NULL,NULL,'deleted','private_message',NULL,NULL,NULL,0,'no','no',0,NULL,0,0,0,NULL,0),(582,14,13,'',NULL,0,NULL,NULL,NULL,NULL,'deleted','private_message',NULL,NULL,NULL,0,'no','no',0,NULL,0,0,0,NULL,0),(583,14,13,'',NULL,0,NULL,NULL,NULL,NULL,'deleted','private_message',NULL,NULL,NULL,0,'no','no',0,NULL,0,0,0,NULL,0),(584,14,13,'',NULL,0,NULL,NULL,NULL,NULL,'deleted','private_message',NULL,NULL,NULL,0,'no','no',0,NULL,0,0,0,NULL,0),(585,14,0,'',NULL,0,NULL,NULL,NULL,NULL,'deleted','news',NULL,NULL,NULL,0,'no','no',0,NULL,0,0,0,NULL,0),(586,12,22,'','<p>sdfsdfsdf</p>',0,NULL,NULL,NULL,NULL,'unread','private_message',NULL,NULL,NULL,0,'no','no',1368874789,NULL,0,0,0,NULL,0),(587,12,22,'',NULL,0,NULL,NULL,NULL,NULL,'deleted','private_message',NULL,NULL,NULL,0,'no','no',0,NULL,0,0,0,NULL,0),(588,12,22,'',NULL,0,NULL,NULL,NULL,NULL,'deleted','private_message',NULL,NULL,NULL,0,'no','no',0,NULL,0,0,0,NULL,0),(589,12,14,'',NULL,0,NULL,NULL,NULL,NULL,'deleted','private_message',NULL,NULL,NULL,0,'no','no',0,NULL,0,0,0,NULL,0),(590,12,15,'',NULL,0,NULL,NULL,NULL,NULL,'deleted','private_message',NULL,NULL,NULL,0,'no','no',0,NULL,0,0,0,NULL,0),(591,23,14,'Интересные вещи','http://2074.ru/sale/detail/109519.php\nновенький моноблок\nhttp://2074.ru/sale/detail/109546.php\nновенький комплект HP',0,NULL,NULL,NULL,NULL,'read','private_message',NULL,NULL,NULL,1370087714,'no','no',1370087714,NULL,0,0,0,NULL,0),(592,14,23,'',NULL,0,NULL,NULL,NULL,NULL,'deleted','private_message',NULL,NULL,NULL,0,'no','no',0,NULL,0,0,0,NULL,0),(593,14,13,'',NULL,0,NULL,NULL,NULL,NULL,'deleted','private_message',NULL,NULL,NULL,0,'no','no',0,NULL,0,0,0,NULL,0),(594,14,13,'',NULL,0,NULL,NULL,NULL,NULL,'deleted','private_message',NULL,NULL,NULL,0,'no','no',0,NULL,0,0,0,NULL,0),(595,14,23,'',NULL,0,NULL,NULL,NULL,NULL,'deleted','private_message',NULL,NULL,NULL,0,'no','no',0,NULL,0,0,0,NULL,0),(596,14,23,'',NULL,0,NULL,NULL,NULL,NULL,'deleted','private_message',NULL,NULL,NULL,0,'no','no',0,NULL,0,0,0,NULL,0),(597,14,0,'',NULL,0,NULL,NULL,NULL,NULL,'deleted','news',NULL,NULL,NULL,0,'no','no',0,NULL,0,0,0,NULL,0),(598,12,0,'',NULL,0,NULL,NULL,NULL,NULL,'deleted','news',NULL,NULL,NULL,0,'no','no',0,NULL,0,0,0,NULL,0),(599,14,13,'',NULL,0,NULL,NULL,NULL,NULL,'deleted','private_message',NULL,NULL,NULL,0,'no','no',0,NULL,0,0,0,NULL,0),(600,14,13,'',NULL,0,NULL,NULL,NULL,NULL,'deleted','private_message',NULL,NULL,NULL,0,'no','no',0,NULL,0,0,0,NULL,0),(601,14,13,'',NULL,0,NULL,NULL,NULL,NULL,'deleted','private_message',NULL,NULL,NULL,0,'no','no',0,NULL,0,0,0,NULL,0),(602,14,13,'',NULL,0,NULL,NULL,NULL,NULL,'deleted','private_message',NULL,NULL,NULL,0,'no','no',0,NULL,0,0,0,NULL,0),(603,14,23,'',NULL,0,NULL,NULL,NULL,NULL,'deleted','private_message',NULL,NULL,NULL,0,'no','no',0,NULL,0,0,0,NULL,0),(604,14,13,'',NULL,0,NULL,NULL,NULL,NULL,'deleted','private_message',NULL,NULL,NULL,0,'no','no',0,NULL,0,0,0,NULL,0),(605,14,0,'',NULL,0,NULL,NULL,NULL,NULL,'deleted','news',NULL,NULL,NULL,0,'no','no',0,NULL,0,0,0,NULL,0),(606,14,0,'',NULL,0,NULL,NULL,NULL,NULL,'deleted','news',NULL,NULL,NULL,0,'no','no',0,NULL,0,0,0,NULL,0),(607,14,23,'',NULL,0,NULL,NULL,NULL,NULL,'deleted','private_message',NULL,NULL,NULL,0,'no','no',0,NULL,0,0,0,NULL,0),(608,14,20,'',NULL,0,NULL,NULL,NULL,NULL,'deleted','private_message',NULL,NULL,NULL,0,'no','no',0,NULL,0,0,0,NULL,0),(609,14,0,'',NULL,0,NULL,NULL,NULL,NULL,'deleted','news',NULL,NULL,NULL,0,'no','no',0,NULL,0,0,0,NULL,0),(610,14,0,'',NULL,0,NULL,NULL,NULL,NULL,'deleted','news',NULL,NULL,NULL,0,'no','no',0,NULL,0,0,0,NULL,0),(611,14,0,'',NULL,0,NULL,NULL,NULL,NULL,'deleted','news',NULL,NULL,NULL,0,'no','no',0,NULL,0,0,0,NULL,0),(612,14,0,'',NULL,0,NULL,NULL,NULL,NULL,'deleted','news',NULL,NULL,NULL,0,'no','no',0,NULL,0,0,0,NULL,0),(613,14,0,'Гари Поттер отдыхает','&nbsp; &nbsp; У Михаила появилась новая метла \"Нимбус 3000+ ултра лайт карбон титан эдишн, про гипер спид, уорлд экшн с витамином Ц\" \r\n&nbsp; &nbsp; Вот так, нежданно негаданно, михаил поменял своего железного коня на метлу. А что, удобно, и тебе пробок нету, и бензин не потребляет, и резина зимняя ненужна. Один минус, подогрева киянки в этой модели нету. это минус!&nbsp; Но он только ползуется три дня - напишит отзыв - посмотрим!',0,NULL,NULL,NULL,NULL,'new','news',NULL,NULL,NULL,1379387252,'no','no',1379387252,NULL,0,0,0,'',6),(614,14,0,'',NULL,0,NULL,NULL,NULL,NULL,'deleted','news',NULL,NULL,NULL,0,'no','no',0,NULL,0,0,0,NULL,0),(615,14,13,'',NULL,0,NULL,NULL,NULL,NULL,'deleted','private_message',NULL,NULL,NULL,0,'no','no',0,NULL,0,0,0,NULL,0),(616,14,0,'',NULL,0,NULL,NULL,NULL,NULL,'deleted','news',NULL,NULL,NULL,0,'no','no',0,NULL,0,0,0,NULL,0),(617,14,13,'',NULL,0,NULL,NULL,NULL,NULL,'deleted','private_message',NULL,NULL,NULL,0,'no','no',0,NULL,0,0,0,NULL,0),(618,14,13,'',NULL,0,NULL,NULL,NULL,NULL,'deleted','private_message',NULL,NULL,NULL,0,'no','no',0,NULL,0,0,0,NULL,0),(619,14,0,'',NULL,0,NULL,NULL,NULL,NULL,'deleted','news',NULL,NULL,NULL,0,'no','no',0,NULL,0,0,0,NULL,0),(620,14,13,'',NULL,0,NULL,NULL,NULL,NULL,'deleted','private_message',NULL,NULL,NULL,0,'no','no',0,NULL,0,0,0,NULL,0),(621,12,15,'',NULL,0,NULL,NULL,NULL,NULL,'deleted','private_message',NULL,NULL,NULL,0,'no','no',0,NULL,0,0,0,NULL,0),(622,14,0,'',NULL,0,NULL,NULL,NULL,NULL,'deleted','news',NULL,NULL,NULL,0,'no','no',0,NULL,0,0,0,NULL,0),(623,14,0,'',NULL,0,NULL,NULL,NULL,NULL,'deleted','news',NULL,NULL,NULL,0,'no','no',0,NULL,0,0,0,NULL,0),(624,14,0,'',NULL,0,NULL,NULL,NULL,NULL,'deleted','news',NULL,NULL,NULL,0,'no','no',0,NULL,0,0,0,NULL,0),(625,14,0,'Калян Макаревич','Калян Макаревич',0,NULL,NULL,NULL,NULL,'new','news',NULL,NULL,NULL,1375430506,'no','no',1375430506,NULL,0,1,1,'',0),(626,14,0,'',NULL,0,NULL,NULL,NULL,NULL,'deleted','news',NULL,NULL,NULL,0,'no','no',0,NULL,0,0,0,NULL,0),(627,14,13,'',NULL,0,NULL,NULL,NULL,NULL,'deleted','private_message',NULL,NULL,NULL,0,'no','no',0,NULL,0,0,0,NULL,0),(628,14,13,'',NULL,0,NULL,NULL,NULL,NULL,'deleted','private_message',NULL,NULL,NULL,0,'no','no',0,NULL,0,0,0,NULL,0),(629,14,20,'',NULL,0,NULL,NULL,NULL,NULL,'deleted','private_message',NULL,NULL,NULL,0,'no','no',0,NULL,0,0,0,NULL,0),(630,14,13,'',NULL,0,NULL,NULL,NULL,NULL,'deleted','private_message',NULL,NULL,NULL,0,'no','no',0,NULL,0,0,0,NULL,0),(631,14,23,'',NULL,0,NULL,NULL,NULL,NULL,'deleted','private_message',NULL,NULL,NULL,0,'no','no',0,NULL,0,0,0,NULL,0),(632,12,0,'',NULL,0,NULL,NULL,NULL,NULL,'deleted','news',NULL,NULL,NULL,0,'no','no',0,NULL,0,0,0,NULL,0),(633,14,0,'',NULL,0,NULL,NULL,NULL,NULL,'deleted','news',NULL,NULL,NULL,0,'no','no',0,NULL,0,0,0,NULL,0),(634,14,0,'',NULL,0,NULL,NULL,NULL,NULL,'deleted','news',NULL,NULL,NULL,0,'no','no',0,NULL,0,0,0,NULL,0),(635,14,0,'',NULL,0,NULL,NULL,NULL,NULL,'deleted','news',NULL,NULL,NULL,0,'no','no',0,NULL,0,0,0,NULL,0),(636,14,13,'',NULL,0,NULL,NULL,NULL,NULL,'deleted','private_message',NULL,NULL,NULL,0,'no','no',0,NULL,0,0,0,NULL,0),(637,14,23,'',NULL,0,NULL,NULL,NULL,NULL,'deleted','private_message',NULL,NULL,NULL,0,'no','no',0,NULL,0,0,0,NULL,0),(638,14,23,'',NULL,0,NULL,NULL,NULL,NULL,'deleted','private_message',NULL,NULL,NULL,0,'no','no',0,NULL,0,0,0,NULL,0),(639,12,15,'',NULL,0,NULL,NULL,NULL,NULL,'deleted','private_message',NULL,NULL,NULL,0,'no','no',0,NULL,0,0,0,NULL,0),(640,12,22,'',NULL,0,NULL,NULL,NULL,NULL,'deleted','private_message',NULL,NULL,NULL,0,'no','no',0,NULL,0,0,0,NULL,0),(641,14,12,'',NULL,0,NULL,NULL,NULL,NULL,'deleted','private_message',NULL,NULL,NULL,0,'no','no',0,NULL,0,0,0,NULL,0),(642,14,13,'',NULL,0,NULL,NULL,NULL,NULL,'deleted','private_message',NULL,NULL,NULL,0,'no','no',0,NULL,0,0,0,NULL,0),(643,14,13,'',NULL,0,NULL,NULL,NULL,NULL,'deleted','private_message',NULL,NULL,NULL,0,'no','no',0,NULL,0,0,0,NULL,0),(644,14,13,'',NULL,0,NULL,NULL,NULL,NULL,'deleted','private_message',NULL,NULL,NULL,0,'no','no',0,NULL,0,0,0,NULL,0),(645,14,13,'',NULL,0,NULL,NULL,NULL,NULL,'deleted','private_message',NULL,NULL,NULL,0,'no','no',0,NULL,0,0,0,NULL,0),(646,13,0,'Перепись!','Производится перепись идиотов! Переписываем всех желающих заказать iPhone сейчас и получить его уже в первый день продаж!iPhone 5c с 16 ГБ памяти по цене от 45 000 до 50 000 рублей, вариант с 32 ГБ памяти оценен в 48 000 &mdash; 55 000 рублей.&nbsp;iPhone 5s с 32 ГБ памяти можно заказать за 85 000 &mdash; 90 000 рублей, флагман с 64 ГБ стоит и вовсе заоблачных денег &mdash; 95 000 &mdash; 100 000 рублей.\n\"...за 50 это недорого\"',0,NULL,NULL,NULL,NULL,'new','news',NULL,NULL,NULL,1379338118,'no','no',1379338118,NULL,0,0,0,'',2),(647,13,14,'',NULL,0,NULL,NULL,NULL,NULL,'deleted','private_message',NULL,NULL,NULL,0,'no','no',0,NULL,0,0,0,NULL,0),(648,13,14,'',NULL,0,NULL,NULL,NULL,NULL,'deleted','private_message',NULL,NULL,NULL,0,'no','no',0,NULL,0,0,0,NULL,0),(649,13,14,'',NULL,0,NULL,NULL,NULL,NULL,'deleted','private_message',NULL,NULL,NULL,0,'no','no',0,NULL,0,0,0,NULL,0),(650,13,14,'чуть чуть не работает','Захожу в сообщение , кнопка написать не работает.\nв Opera',0,NULL,NULL,NULL,NULL,'read','private_message',NULL,NULL,NULL,1379338646,'no','no',1379338646,NULL,0,0,0,NULL,0),(651,14,13,'','<p>А её вообще недолжно быть, она останется тольго на главной раздела сообщения!</p>',0,NULL,NULL,NULL,NULL,'read','private_message',NULL,NULL,NULL,0,'no','no',1379344081,NULL,0,0,0,NULL,0),(652,14,13,'',NULL,0,NULL,NULL,NULL,NULL,'deleted','private_message',NULL,NULL,NULL,0,'no','no',0,NULL,0,0,0,NULL,0),(653,14,13,'',NULL,0,NULL,NULL,NULL,NULL,'deleted','private_message',NULL,NULL,NULL,0,'no','no',0,NULL,0,0,0,NULL,0),(654,14,13,'',NULL,0,NULL,NULL,NULL,NULL,'deleted','private_message',NULL,NULL,NULL,0,'no','no',0,NULL,0,0,0,NULL,0),(655,14,13,'',NULL,0,NULL,NULL,NULL,NULL,'deleted','private_message',NULL,NULL,NULL,0,'no','no',0,NULL,0,0,0,NULL,0),(656,14,12,'',NULL,0,NULL,NULL,NULL,NULL,'deleted','private_message',NULL,NULL,NULL,0,'no','no',0,NULL,0,0,0,NULL,0),(657,14,13,'',NULL,0,NULL,NULL,NULL,NULL,'deleted','private_message',NULL,NULL,NULL,0,'no','no',0,NULL,0,0,0,NULL,0),(658,14,13,'',NULL,0,NULL,NULL,NULL,NULL,'deleted','private_message',NULL,NULL,NULL,0,'no','no',0,NULL,0,0,0,NULL,0),(659,14,13,'',NULL,0,NULL,NULL,NULL,NULL,'deleted','private_message',NULL,NULL,NULL,0,'no','no',0,NULL,0,0,0,NULL,0),(660,14,13,'',NULL,0,NULL,NULL,NULL,NULL,'deleted','private_message',NULL,NULL,NULL,0,'no','no',0,NULL,0,0,0,NULL,0),(661,14,12,'',NULL,0,NULL,NULL,NULL,NULL,'deleted','private_message',NULL,NULL,NULL,0,'no','no',0,NULL,0,0,0,NULL,0),(662,14,12,'',NULL,0,NULL,NULL,NULL,NULL,'deleted','private_message',NULL,NULL,NULL,0,'no','no',0,NULL,0,0,0,NULL,0),(663,12,14,'',NULL,0,NULL,NULL,NULL,NULL,'deleted','private_message',NULL,NULL,NULL,0,'no','no',0,NULL,0,0,0,NULL,0),(664,14,13,'','<p>Русский человек тот у которого чего то нет, но не так что бы было, а так нет чтобы нет и фиг с ним!</p>',0,NULL,NULL,NULL,NULL,'read','private_message',NULL,NULL,NULL,0,'no','no',1379347986,NULL,0,0,0,NULL,0),(665,14,13,'',NULL,0,NULL,NULL,NULL,NULL,'deleted','private_message',NULL,NULL,NULL,0,'no','no',0,NULL,0,0,0,NULL,0),(666,13,14,'',NULL,0,NULL,NULL,NULL,NULL,'deleted','private_message',NULL,NULL,NULL,0,'no','no',0,NULL,0,0,0,NULL,0),(667,14,13,'',NULL,0,NULL,NULL,NULL,NULL,'deleted','private_message',NULL,NULL,NULL,0,'no','no',0,NULL,0,0,0,NULL,0),(668,14,13,'',NULL,0,NULL,NULL,NULL,NULL,'deleted','private_message',NULL,NULL,NULL,0,'no','no',0,NULL,0,0,0,NULL,0),(669,14,0,'',NULL,0,NULL,NULL,NULL,NULL,'deleted','news',NULL,NULL,NULL,0,'no','no',0,NULL,0,0,0,NULL,0),(670,14,0,'',NULL,0,NULL,NULL,NULL,NULL,'deleted','news',NULL,NULL,NULL,0,'no','no',0,NULL,0,0,0,NULL,0),(671,14,13,'',NULL,0,NULL,NULL,NULL,NULL,'deleted','private_message',NULL,NULL,NULL,0,'no','no',0,NULL,0,0,0,NULL,0),(672,14,13,'',NULL,0,NULL,NULL,NULL,NULL,'deleted','private_message',NULL,NULL,NULL,0,'no','no',0,NULL,0,0,0,NULL,0),(673,14,13,'','<p>Обратите внимание на новый модели</p>',0,NULL,NULL,NULL,NULL,'read','private_message',NULL,NULL,NULL,0,'no','yes',1379401522,NULL,0,0,0,NULL,0),(674,14,13,'',NULL,0,NULL,NULL,NULL,NULL,'deleted','private_message',NULL,NULL,NULL,0,'no','no',0,NULL,0,0,0,NULL,0),(675,14,12,'',NULL,0,NULL,NULL,NULL,NULL,'deleted','private_message',NULL,NULL,NULL,0,'no','no',0,NULL,0,0,0,NULL,0),(676,14,13,'',NULL,0,NULL,NULL,NULL,NULL,'deleted','private_message',NULL,NULL,NULL,0,'no','no',0,NULL,0,0,0,NULL,0),(677,14,0,'',NULL,0,NULL,NULL,NULL,NULL,'deleted','news',NULL,NULL,NULL,0,'no','no',0,NULL,0,0,0,NULL,0),(678,14,0,'В Америке определили лучшие подержанные автомобили: больше половины — японцы','Американский автопортал&nbsp;Edmunds&nbsp;опубликовал ежегодный отчет по лучшим подержанным автомобилям 2013&nbsp;года. Из&nbsp;18&nbsp;моделей, ставших лучшими в своих категориях, 11&nbsp;&mdash; автомобили японских марок.\r\nРейтинг составлялся среди автомобилей 2006-2011 годов выпуска. Основными критериями являлись надежность, безопасность (на&nbsp;основании данных Национального агентства по безопасности дорожного движения NHTSA и Страхового института дорожной безопасности IIHS), уровень цен и распространенность на рынке. Кроме того, учитывались и мнения владельцев.\r\nВ результате лидерство по количеству побед разделили Honda и Toyota&nbsp;&mdash; на счету каждой из них по 4&nbsp;номинации. Лишь на одну позицию хуже выступил Ford. Все остальные&nbsp;&mdash; а это японские Mazda, Subaru и Infiniti, европейские Mercedes-Benz и Volvo, американские Chevrolet и Dodge, а также корейская Hyundai&nbsp;&mdash; смогли стать лучшими только в одной из категорий.\r\nВот как выглядит рейтинг лучших подержанных автомобилей США по версии Edmunds:\r\nсубкомпактные модели:&nbsp;Honda Fitкомпактные седаны:&nbsp;Hyundai Elantraсреднеразмерные седаны:&nbsp;Ford Fusionполноразмерные седаны:&nbsp;Toyota Avalonкупе:&nbsp;Honda Accordкабриолеты:&nbsp;Volvo C70универсалы:&nbsp;Subaru Outbackкомпактные SUV/кроссоверы:&nbsp;Honda CR-Vсреднеразмерные SUV/кроссоверы:&nbsp;Toyota Highlanderполноразмерные SUV/кроссоверы:&nbsp;Mazda CX-9минивэн/вэн:&nbsp;Honda Odysseyкоммерческие фургоны: Dodge/Mercedes-Benz Sprinterкомпактный пикап:&nbsp;Toyota Tacomaполноразмерный пикап:&nbsp;Ford F150премиальный класс:&nbsp;Infiniti G35/G37/G25гибриды:&nbsp;Toyota Priusдвухместные спортивные автомобили:&nbsp;Chevrolet Corvetteспортивные автомобили:&nbsp;Ford Mustang&nbsp;GT\r\nСтоит отметить, что Honda Fit в России официально продается как Honda Jazz, а под именем Ford Fusion в Америке предлагается измененный седан Mondeo.Читать полностью:http://news.drom.ru/25044.html',0,NULL,NULL,NULL,NULL,'new','news',NULL,NULL,NULL,1379478603,'no','no',1379478603,NULL,0,0,0,'',1),(679,14,0,'','&nbsp; &nbsp;Американский автопортал&nbsp;Edmunds&nbsp;опубликовал ежегодный отчет по лучшим подержанным автомобилям 2013&nbsp;года. Из&nbsp;18&nbsp;моделей, ставших лучшими в своих категориях, 11&nbsp;&mdash; автомобили японских марок.\r\n&nbsp; &nbsp;Рейтинг составлялся среди автомобилей 2006-2011 годов выпуска. Основными критериями являлись надежность, безопасность (на&nbsp;основании данных Национального агентства по безопасности дорожного движения NHTSA и Страхового института дорожной безопасности IIHS), уровень цен и распространенность на рынке. Кроме того, учитывались и мнения владельцев.\r\n&nbsp; &nbsp;В результате лидерство по количеству побед разделили Honda и Toyota&nbsp;&mdash; на счету каждой из них по 4&nbsp;номинации. Лишь на одну позицию хуже выступил Ford. Все остальные&nbsp;&mdash; а это японские Mazda, Subaru и Infiniti, европейские Mercedes-Benz и Volvo, американские Chevrolet и Dodge, а также корейская Hyundai&nbsp;&mdash; смогли стать лучшими только в одной из категорий.\r\n&nbsp; &nbsp;Вот как выглядит рейтинг лучших подержанных автомобилей США по версии Edmunds:\r\nсубкомпактные модели:&nbsp;Honda Fit\r\nкомпактные седаны:&nbsp;Hyundai Elantra\r\nсреднеразмерные седаны:&nbsp;Ford Fusion\r\nполноразмерные седаны:&nbsp;Toyota Avalon\r\nкупе:&nbsp;Honda Accord\r\nкабриолеты:&nbsp;Volvo C70\r\nуниверсалы:&nbsp;Subaru Outback\r\nкомпактные SUV/кроссоверы:&nbsp;Honda CR-V\r\nсреднеразмерные SUV/кроссоверы:&nbsp;Toyota Highlander\r\nполноразмерные SUV/кроссоверы:&nbsp;Mazda CX-9\r\nминивэн/вэн:&nbsp;Honda Odyssey\r\nкоммерческие фургоны: Dodge/Mercedes-Benz Sprinter\r\nкомпактный пикап:&nbsp;Toyota Tacoma\r\nполноразмерный пикап:&nbsp;Ford F150\r\nпремиальный класс:&nbsp;Infiniti G35/G37/G25\r\nгибриды:&nbsp;Toyota Prius\r\nдвухместные спортивные автомобили:&nbsp;Chevrolet Corvette\r\nспортивные автомобили:&nbsp;Ford Mustang&nbsp;GT\r\n&nbsp; &nbsp; Стоит отметить, что Honda Fit в России официально продается как Honda Jazz, а под именем Ford Fusion в Америке предлагается измененный седан Mondeo.\r\nЧитать полностью:http://news.drom.ru/25044.html',0,NULL,NULL,NULL,NULL,'new','news',NULL,NULL,NULL,1379478992,'no','no',1379478992,NULL,0,0,0,'',0),(680,14,13,'',NULL,0,NULL,NULL,NULL,NULL,'deleted','private_message',NULL,NULL,NULL,0,'no','no',0,NULL,0,0,0,NULL,0),(681,14,13,'',NULL,0,NULL,NULL,NULL,NULL,'deleted','private_message',NULL,NULL,NULL,0,'no','no',0,NULL,0,0,0,NULL,0),(682,14,13,'',NULL,0,NULL,NULL,NULL,NULL,'deleted','private_message',NULL,NULL,NULL,0,'no','no',0,NULL,0,0,0,NULL,0),(683,14,0,'',NULL,0,NULL,NULL,NULL,NULL,'deleted','news',NULL,NULL,NULL,0,'no','no',0,NULL,0,0,0,NULL,0),(684,14,13,'',NULL,0,NULL,NULL,NULL,NULL,'deleted','private_message',NULL,NULL,NULL,0,'no','no',0,NULL,0,0,0,NULL,0),(685,14,0,'Май бэлыч!!!','с фотопотока прикрепил ббэлыча! Мохнатый мешок набитый вонью!! По версии Папы Андрея!\r\n&nbsp; &nbsp;Хоть в будке стала спать, и не привязываю когда машину загоняю, грязная тока, надо купать но ее купать это просто капец, час минимум, шерсть фиг простираешь. И сейчас бестолку , осень грязь! Лучше как снег выпадет так и накупаю.&nbsp;\r\n&nbsp; Надо ее прочисать да из шерсти себе носки связать.',0,NULL,NULL,NULL,NULL,'deleted','news',NULL,NULL,NULL,1379596494,'no','yes',1379596494,NULL,0,0,0,'',0),(686,13,14,'','',0,NULL,NULL,NULL,NULL,'read','private_message',NULL,NULL,NULL,0,'yes','no',1379596842,NULL,0,0,0,NULL,0),(687,14,0,'Хим. чистка, великая штука!','Он АНО как бывает!',0,NULL,NULL,NULL,NULL,'deleted','news',NULL,NULL,NULL,1379596890,'no','yes',1379596890,NULL,0,0,0,'',0),(688,13,14,'',NULL,0,NULL,NULL,NULL,NULL,'deleted','private_message',NULL,NULL,NULL,0,'no','no',0,NULL,0,0,0,NULL,0),(689,14,0,'Хим. чистка, великая штука!!!!!','Вот так он выглядит когда чистый!',0,NULL,NULL,NULL,NULL,'deleted','news',NULL,NULL,NULL,1379597008,'no','yes',1379597008,NULL,0,0,0,'',0),(690,13,14,'',NULL,0,NULL,NULL,NULL,NULL,'deleted','private_message',NULL,NULL,NULL,0,'no','no',0,NULL,0,0,0,NULL,0),(691,13,14,'',NULL,0,NULL,NULL,NULL,NULL,'deleted','private_message',NULL,NULL,NULL,0,'no','no',0,NULL,0,0,0,NULL,0),(692,14,13,'',NULL,0,NULL,NULL,NULL,NULL,'deleted','private_message',NULL,NULL,NULL,0,'no','no',0,NULL,0,0,0,NULL,0),(693,14,13,'',NULL,0,NULL,NULL,NULL,NULL,'deleted','private_message',NULL,NULL,NULL,0,'no','no',0,NULL,0,0,0,NULL,0),(694,14,0,'','',0,NULL,NULL,NULL,NULL,'deleted','news',NULL,NULL,NULL,1379600884,'no','yes',1379600884,NULL,0,0,0,'',0),(695,14,13,'',NULL,0,NULL,NULL,NULL,NULL,'deleted','private_message',NULL,NULL,NULL,0,'no','no',0,NULL,0,0,0,NULL,0),(696,13,0,'ASSASSIN’S CREED® IV BLACK FLAG™','ASSASSIN&rsquo;S CREED&reg; IV BLACK FLAG&trade;\r\n31 ОКТЯБРЯ\r\nА ТАКЖЕ НА PC И КОНСОЛЯХ СЛЕД ПОКОЛЕНИЯ.\r\n1715 год, Карибские острова. Пираты стали истинными властителями моря и суши, организовав собственную республику беззакония, жадности и жестокости.\r\nСреди этих разбойников заметен юный капитан Эдвард Кенуэй. Его путь позволил ему завоевать уважение таких легенд, как Черная борода, но так же и втянул в древнюю войну между ассасинами и тамплиерами, в войну, которая может уничтожить все, что создали пираты.\r\nДобро пожаловать в Золотой век пиратства!',0,NULL,NULL,NULL,NULL,'new','news',NULL,NULL,NULL,1379610928,'no','no',1379610928,NULL,0,0,0,'',1),(697,13,0,'Big Bang Theory 7','Премьерная серия длительностью в один час выйдет на CBS 26 сентября 2013 года. В переводе КуражБамбей она появится через несколько дней после показа.   &nbsp;',0,NULL,NULL,NULL,NULL,'new','news',NULL,NULL,NULL,1379611928,'no','no',1379611928,NULL,0,0,0,'',1),(698,13,14,'',NULL,0,NULL,NULL,NULL,NULL,'deleted','private_message',NULL,NULL,NULL,0,'no','no',0,NULL,0,0,0,NULL,0),(699,14,13,'',NULL,0,NULL,NULL,NULL,NULL,'deleted','private_message',NULL,NULL,NULL,0,'no','no',0,NULL,0,0,0,NULL,0),(700,14,0,'',NULL,0,NULL,NULL,NULL,NULL,'deleted','news',NULL,NULL,NULL,0,'no','no',0,NULL,0,0,0,NULL,0),(701,14,0,'Мы с партнерами','Мы с партнерами',0,NULL,NULL,NULL,NULL,'deleted','news',NULL,NULL,NULL,1379926482,'no','yes',1379926482,NULL,0,0,0,'',0),(702,14,0,'Мы с партнерами','Кафе vizant, деловой обед! Разговоры разговариваем, решалки решаем, дела делаем!',0,NULL,NULL,NULL,NULL,'deleted','news',NULL,NULL,NULL,1379926606,'no','yes',1379926606,NULL,0,0,0,'',0),(703,12,0,'','',0,NULL,NULL,NULL,NULL,'deleted','news',NULL,NULL,NULL,1379929305,'no','yes',1379929305,NULL,0,0,0,'',0),(704,12,0,'','',0,NULL,NULL,NULL,NULL,'deleted','news',NULL,NULL,NULL,1379929333,'no','yes',1379929333,NULL,0,0,0,'',0),(705,14,13,'',NULL,0,NULL,NULL,NULL,NULL,'deleted','private_message',NULL,NULL,NULL,0,'no','no',0,NULL,0,0,0,NULL,0),(706,14,13,'',NULL,0,NULL,NULL,NULL,NULL,'deleted','private_message',NULL,NULL,NULL,0,'no','no',0,NULL,0,0,0,NULL,0),(707,14,0,'',NULL,0,NULL,NULL,NULL,NULL,'deleted','news',NULL,NULL,NULL,0,'no','no',0,NULL,0,0,0,NULL,0),(708,14,0,'Тиньшути','Тиньшути 5 rmb',0,NULL,NULL,NULL,NULL,'deleted','news',NULL,NULL,NULL,1380002820,'no','yes',1380002820,NULL,0,0,0,'',0),(709,14,13,'',NULL,0,NULL,NULL,NULL,NULL,'deleted','private_message',NULL,NULL,NULL,0,'no','no',0,NULL,0,0,0,NULL,0),(710,14,0,'',NULL,0,NULL,NULL,NULL,NULL,'deleted','news',NULL,NULL,NULL,0,'no','no',0,NULL,0,0,0,NULL,0),(711,14,0,'Зюраткуль','',0,NULL,NULL,NULL,NULL,'deleted','news',NULL,NULL,NULL,1380174688,'no','yes',1380174688,NULL,0,0,0,'',0),(712,14,0,'Зюраткул','Вот так сходили! Лида до верху не поднялась! А мы с Ксюхой и Тинь Тинищем лесным поднялись до курумника! всего примерно 5 км в одну сторону! И примерно три км деревянные дорожки! На фото все видно!',0,NULL,NULL,NULL,NULL,'deleted','news',NULL,NULL,NULL,1380175375,'no','yes',1380175375,NULL,0,0,0,'',0),(713,14,0,'Домики на базе Крутики','Домики на базе Крутики\r\nДомики красивые, ценники конячие!',0,NULL,NULL,NULL,NULL,'deleted','news',NULL,NULL,NULL,1380179365,'no','yes',1380179365,NULL,0,0,0,'',1),(714,14,13,'',NULL,0,NULL,NULL,NULL,NULL,'deleted','private_message',NULL,NULL,NULL,0,'no','no',0,NULL,0,0,0,NULL,0),(715,14,13,'',NULL,0,NULL,NULL,NULL,NULL,'deleted','private_message',NULL,NULL,NULL,0,'no','no',0,NULL,0,0,0,NULL,0),(716,14,0,'Домики и поход, ЗЮРАТКУЛЬ','Домики и поход, ЗЮРАТКУЛЬ',0,NULL,NULL,NULL,NULL,'new','news',NULL,NULL,NULL,1380278790,'no','no',1380278790,NULL,0,0,0,'',0),(717,14,0,'Очень хорошие дизайны','Очень хорошие дизайны, теперьпросто много букв для того чтоб понять как отображается.',0,NULL,NULL,NULL,NULL,'new','news',NULL,NULL,NULL,1380278970,'no','no',1380278970,NULL,0,0,0,'',0),(718,14,0,'Очень хорошие дизайны','Очень хорошие дизайны',0,NULL,NULL,NULL,NULL,'new','news',NULL,NULL,NULL,1380279034,'no','no',1380279034,NULL,0,0,0,'',0),(719,14,0,'',NULL,0,NULL,NULL,NULL,NULL,'deleted','news',NULL,NULL,NULL,0,'no','no',0,NULL,0,0,0,NULL,0),(720,14,0,'',NULL,0,NULL,NULL,NULL,NULL,'deleted','news',NULL,NULL,NULL,0,'no','no',0,NULL,0,0,0,NULL,0),(721,14,0,'',NULL,0,NULL,NULL,NULL,NULL,'deleted','news',NULL,NULL,NULL,0,'no','no',0,NULL,0,0,0,NULL,0),(722,14,0,'Тайга','Тайга зима 2013',0,NULL,NULL,NULL,NULL,'new','news',NULL,NULL,NULL,1380279686,'no','no',1380279686,NULL,0,0,0,'',0),(723,14,13,'',NULL,0,NULL,NULL,NULL,NULL,'deleted','private_message',NULL,NULL,NULL,0,'no','no',0,NULL,0,0,0,NULL,0),(724,14,0,'Чьи рога?','Чьи рога?',0,NULL,NULL,NULL,NULL,'new','news',NULL,NULL,NULL,1380281016,'no','no',1380281016,NULL,0,0,0,'',0),(725,14,13,'','<p>Проверить как отображаются фотки в сообщениях</p>',0,NULL,NULL,NULL,NULL,'read','private_message',NULL,NULL,NULL,0,'no','no',1380281977,NULL,0,0,0,NULL,0),(726,14,13,'',NULL,0,NULL,NULL,NULL,NULL,'deleted','private_message',NULL,NULL,NULL,0,'no','no',0,NULL,0,0,0,NULL,0),(727,14,13,'',NULL,0,NULL,NULL,NULL,NULL,'deleted','private_message',NULL,NULL,NULL,0,'no','no',0,NULL,0,0,0,NULL,0),(728,14,13,'',NULL,0,NULL,NULL,NULL,NULL,'deleted','private_message',NULL,NULL,NULL,0,'no','no',0,NULL,0,0,0,NULL,0),(729,14,0,'',NULL,0,NULL,NULL,NULL,NULL,'deleted','news',NULL,NULL,NULL,0,'no','no',0,NULL,0,0,0,NULL,0),(730,14,13,'',NULL,0,NULL,NULL,NULL,NULL,'deleted','private_message',NULL,NULL,NULL,0,'no','no',0,NULL,0,0,0,NULL,0),(731,14,12,'',NULL,0,NULL,NULL,NULL,NULL,'deleted','private_message',NULL,NULL,NULL,0,'no','no',0,NULL,0,0,0,NULL,0),(732,14,13,'',NULL,0,NULL,NULL,NULL,NULL,'deleted','private_message',NULL,NULL,NULL,0,'no','no',0,NULL,0,0,0,NULL,0),(733,14,13,'',NULL,0,NULL,NULL,NULL,NULL,'deleted','private_message',NULL,NULL,NULL,0,'no','no',0,NULL,0,0,0,NULL,0),(734,14,0,'Озеро зюраткуль','Озеро зюраткуль',0,NULL,NULL,NULL,NULL,'new','news',NULL,NULL,NULL,1380340791,'no','no',1380340791,NULL,0,0,0,'',0),(735,14,13,'',NULL,0,NULL,NULL,NULL,NULL,'deleted','private_message',NULL,NULL,NULL,0,'no','no',0,NULL,0,0,0,NULL,0),(736,14,13,'',NULL,0,NULL,NULL,NULL,NULL,'deleted','private_message',NULL,NULL,NULL,0,'no','no',0,NULL,0,0,0,NULL,0),(737,14,13,'',NULL,0,NULL,NULL,NULL,NULL,'deleted','private_message',NULL,NULL,NULL,0,'no','no',0,NULL,0,0,0,NULL,0),(738,14,13,'',NULL,0,NULL,NULL,NULL,NULL,'deleted','private_message',NULL,NULL,NULL,0,'no','no',0,NULL,0,0,0,NULL,0),(739,14,13,'',NULL,0,NULL,NULL,NULL,NULL,'deleted','private_message',NULL,NULL,NULL,0,'no','no',0,NULL,0,0,0,NULL,0),(740,14,0,'',NULL,0,NULL,NULL,NULL,NULL,'deleted','news',NULL,NULL,NULL,0,'no','no',0,NULL,0,0,0,NULL,0),(741,14,0,'',NULL,0,NULL,NULL,NULL,NULL,'deleted','news',NULL,NULL,NULL,0,'no','no',0,NULL,0,0,0,NULL,0),(742,13,0,'',NULL,0,NULL,NULL,NULL,NULL,'deleted','news',NULL,NULL,NULL,0,'no','no',0,NULL,0,0,0,NULL,0),(743,13,0,'',NULL,0,NULL,NULL,NULL,NULL,'deleted','news',NULL,NULL,NULL,0,'no','no',0,NULL,0,0,0,NULL,0),(744,13,0,'',NULL,0,NULL,NULL,NULL,NULL,'deleted','news',NULL,NULL,NULL,0,'no','no',0,NULL,0,0,0,NULL,0),(745,13,0,'',NULL,0,NULL,NULL,NULL,NULL,'deleted','news',NULL,NULL,NULL,0,'no','no',0,NULL,0,0,0,NULL,0),(746,13,14,'',NULL,0,NULL,NULL,NULL,NULL,'deleted','private_message',NULL,NULL,NULL,0,'no','no',0,NULL,0,0,0,NULL,0),(747,14,13,'',NULL,0,NULL,NULL,NULL,NULL,'deleted','private_message',NULL,NULL,NULL,0,'no','no',0,NULL,0,0,0,NULL,0),(748,13,14,'','',0,NULL,NULL,NULL,NULL,'read','private_message',NULL,NULL,NULL,0,'no','no',1380380553,NULL,0,0,0,NULL,0),(749,14,13,'',NULL,0,NULL,NULL,NULL,NULL,'deleted','private_message',NULL,NULL,NULL,0,'no','no',0,NULL,0,0,0,NULL,0),(750,13,14,'',NULL,0,NULL,NULL,NULL,NULL,'deleted','private_message',NULL,NULL,NULL,0,'no','no',0,NULL,0,0,0,NULL,0),(751,13,14,'','',0,NULL,NULL,NULL,NULL,'read','private_message',NULL,NULL,NULL,0,'no','no',1380380646,NULL,0,0,0,NULL,0),(752,13,14,'',NULL,0,NULL,NULL,NULL,NULL,'deleted','private_message',NULL,NULL,NULL,0,'no','no',0,NULL,0,0,0,NULL,0),(753,13,14,'',NULL,0,NULL,NULL,NULL,NULL,'deleted','private_message',NULL,NULL,NULL,0,'no','no',0,NULL,0,0,0,NULL,0),(754,14,13,'','<p>Вот так у меня!!!</p>',0,NULL,NULL,NULL,NULL,'read','private_message',NULL,NULL,NULL,0,'no','no',1380380745,NULL,0,0,0,NULL,0),(755,14,13,'',NULL,0,NULL,NULL,NULL,NULL,'deleted','private_message',NULL,NULL,NULL,0,'no','no',0,NULL,0,0,0,NULL,0),(756,14,0,'Шанхай','А вот и шанхай, фоткаю с шестого этажа! Речка а на другом берегу небоскребы!',0,NULL,NULL,NULL,NULL,'new','news',NULL,NULL,NULL,1380523654,'no','no',1380523654,NULL,0,0,0,'',1),(757,13,14,'',NULL,0,NULL,NULL,NULL,NULL,'deleted','private_message',NULL,NULL,NULL,0,'no','no',0,NULL,0,0,0,NULL,0),(758,13,14,'',NULL,0,NULL,NULL,NULL,NULL,'deleted','private_message',NULL,NULL,NULL,0,'no','no',0,NULL,0,0,0,NULL,0),(759,14,0,'Вот так выглядит обед!','Ценник у этого обеда 75 рублей! Вполне социально !',0,NULL,NULL,NULL,NULL,'new','news',NULL,NULL,NULL,1380603039,'no','no',1380603039,NULL,0,0,0,'',2),(760,12,14,'',NULL,0,NULL,NULL,NULL,NULL,'deleted','private_message',NULL,NULL,NULL,0,'no','no',0,NULL,0,0,0,NULL,0),(761,14,0,'','',0,NULL,NULL,NULL,NULL,'deleted','news',NULL,NULL,NULL,1380788373,'no','yes',1380788373,NULL,0,0,0,'',0),(762,14,0,'',NULL,0,NULL,NULL,NULL,NULL,'deleted','private_message',NULL,NULL,NULL,0,'no','no',0,NULL,0,0,0,NULL,0),(763,14,0,'',NULL,0,NULL,NULL,NULL,NULL,'deleted','private_message',NULL,NULL,NULL,0,'no','no',0,NULL,0,0,0,NULL,0),(764,14,13,'',NULL,0,NULL,NULL,NULL,NULL,'deleted','private_message',NULL,NULL,NULL,0,'no','no',0,NULL,0,0,0,NULL,0),(765,14,13,'','Вот такой заказик я сделал!',0,NULL,NULL,NULL,NULL,'read','private_message',NULL,NULL,NULL,0,'no','no',1380788906,NULL,0,0,0,NULL,0),(766,14,13,'',NULL,0,NULL,NULL,NULL,NULL,'deleted','private_message',NULL,NULL,NULL,0,'no','no',0,NULL,0,0,0,NULL,0),(767,13,14,'','<p>Ай красыво как!</p>',0,NULL,NULL,NULL,NULL,'read','private_message',NULL,NULL,NULL,0,'no','no',1380794879,NULL,0,0,0,NULL,0),(768,14,13,'',NULL,0,NULL,NULL,NULL,NULL,'deleted','private_message',NULL,NULL,NULL,0,'no','no',0,NULL,0,0,0,NULL,0),(769,13,14,'',NULL,0,NULL,NULL,NULL,NULL,'deleted','private_message',NULL,NULL,NULL,0,'no','no',0,NULL,0,0,0,NULL,0),(770,14,12,'',NULL,0,NULL,NULL,NULL,NULL,'deleted','private_message',NULL,NULL,NULL,0,'no','no',0,NULL,0,0,0,NULL,0),(771,14,13,'',NULL,0,NULL,NULL,NULL,NULL,'deleted','private_message',NULL,NULL,NULL,0,'no','no',0,NULL,0,0,0,NULL,0),(772,13,14,'',NULL,0,NULL,NULL,NULL,NULL,'deleted','private_message',NULL,NULL,NULL,0,'no','no',0,NULL,0,0,0,NULL,0),(773,14,13,'',NULL,0,NULL,NULL,NULL,NULL,'deleted','private_message',NULL,NULL,NULL,0,'no','no',0,NULL,0,0,0,NULL,0),(774,14,13,'',NULL,0,NULL,NULL,NULL,NULL,'deleted','private_message',NULL,NULL,NULL,0,'no','no',0,NULL,0,0,0,NULL,0),(775,14,0,'Мы с Лидой в аэропорту','Рейс задержали пока на полтора часа, так что сидим пьем кофе!',0,NULL,NULL,NULL,NULL,'deleted','news',NULL,NULL,NULL,1381104745,'no','yes',1381104745,NULL,0,0,0,'',0),(776,14,13,'',NULL,0,NULL,NULL,NULL,NULL,'deleted','private_message',NULL,NULL,NULL,0,'no','no',0,NULL,0,0,0,NULL,0),(777,14,0,'',NULL,0,NULL,NULL,NULL,NULL,'deleted','private_message',NULL,NULL,NULL,0,'no','no',0,NULL,0,0,0,NULL,0),(778,13,14,'',NULL,0,NULL,NULL,NULL,NULL,'deleted','private_message',NULL,NULL,NULL,0,'no','no',0,NULL,0,0,0,NULL,0),(779,13,14,'',NULL,0,NULL,NULL,NULL,NULL,'deleted','private_message',NULL,NULL,NULL,0,'no','no',0,NULL,0,0,0,NULL,0),(780,14,0,'',NULL,0,NULL,NULL,NULL,NULL,'deleted','news',NULL,NULL,NULL,0,'no','no',0,NULL,0,0,0,NULL,0),(781,14,0,'В Электричке','С Колей направляемся за светильниками!',0,NULL,NULL,NULL,NULL,'deleted','news',NULL,NULL,NULL,1381125655,'no','yes',1381125655,NULL,0,0,0,'',0),(782,13,14,'',NULL,0,NULL,NULL,NULL,NULL,'deleted','private_message',NULL,NULL,NULL,0,'no','no',0,NULL,0,0,0,NULL,0),(783,14,13,'','<p>А вот и он, центр торговли Китая по осветительному сегменту! Настя и Виталий, я почти уверен что все что есть и люстр и светильников в доме, родом от сюда! Вы им фотки покажите , может всплакнут! :)</p>',0,NULL,NULL,NULL,NULL,'read','private_message',NULL,NULL,NULL,0,'no','no',1381132259,NULL,0,0,0,NULL,0),(784,14,13,'',NULL,0,NULL,NULL,NULL,NULL,'deleted','private_message',NULL,NULL,NULL,0,'no','no',0,NULL,0,0,0,NULL,0),(785,14,0,'Светлый город','А вот и город который является центром торговли Китая в осветительном сегменте! Настя и Виталий, я почти уверен что все что у вас есть из осветительного в доме , родом от сюдова! Покажите им фотки, может всплакнут по родным местам!!!! :)',0,NULL,NULL,NULL,NULL,'deleted','news',NULL,NULL,NULL,1381132411,'no','yes',1381132411,NULL,0,0,0,'',0),(786,14,13,'','<p>Твой чехол!!!</p>',0,NULL,NULL,NULL,NULL,'read','private_message',NULL,NULL,NULL,0,'no','no',1381132570,NULL,0,0,0,NULL,0),(787,14,13,'',NULL,0,NULL,NULL,NULL,NULL,'deleted','private_message',NULL,NULL,NULL,0,'no','no',0,NULL,0,0,0,NULL,0),(788,13,14,'',NULL,0,NULL,NULL,NULL,NULL,'deleted','private_message',NULL,NULL,NULL,0,'no','no',0,NULL,0,0,0,NULL,0),(789,13,14,'',NULL,0,NULL,NULL,NULL,NULL,'deleted','private_message',NULL,NULL,NULL,0,'no','no',0,NULL,0,0,0,NULL,0),(790,13,14,'',NULL,0,NULL,NULL,NULL,NULL,'deleted','private_message',NULL,NULL,NULL,0,'no','no',0,NULL,0,0,0,NULL,0),(791,13,14,'',NULL,0,NULL,NULL,NULL,NULL,'deleted','private_message',NULL,NULL,NULL,0,'no','no',0,NULL,0,0,0,NULL,0),(792,13,14,'',NULL,0,NULL,NULL,NULL,NULL,'deleted','private_message',NULL,NULL,NULL,0,'no','no',0,NULL,0,0,0,NULL,0),(793,13,14,'',NULL,0,NULL,NULL,NULL,NULL,'deleted','private_message',NULL,NULL,NULL,0,'no','no',0,NULL,0,0,0,NULL,0),(794,12,15,'','<p>Djsksks</p>',0,NULL,NULL,NULL,NULL,'unread','private_message',NULL,NULL,NULL,0,'no','no',1381170934,NULL,0,0,0,NULL,0),(795,12,15,'',NULL,0,NULL,NULL,NULL,NULL,'deleted','private_message',NULL,NULL,NULL,0,'no','no',0,NULL,0,0,0,NULL,0),(796,12,22,'',NULL,0,NULL,NULL,NULL,NULL,'deleted','private_message',NULL,NULL,NULL,0,'no','no',0,NULL,0,0,0,NULL,0),(797,12,15,'','<p>23423423423</p>',0,NULL,NULL,NULL,NULL,'unread','private_message',NULL,NULL,NULL,0,'no','no',1381171057,NULL,0,0,0,NULL,0),(798,12,15,'',NULL,0,NULL,NULL,NULL,NULL,'deleted','private_message',NULL,NULL,NULL,0,'no','no',0,NULL,0,0,0,NULL,0),(799,12,15,'',NULL,0,NULL,NULL,NULL,NULL,'deleted','private_message',NULL,NULL,NULL,0,'no','no',0,NULL,0,0,0,NULL,0),(800,12,0,'Test','Test ipad',0,NULL,NULL,NULL,NULL,'new','news',NULL,NULL,NULL,1381171226,'no','no',1381171226,NULL,0,0,0,'',0),(801,12,0,'Test news2','News ipad',0,NULL,NULL,NULL,NULL,'new','news',NULL,NULL,NULL,1381171315,'no','no',1381171315,NULL,0,0,0,'',0),(802,12,15,'',NULL,0,NULL,NULL,NULL,NULL,'deleted','private_message',NULL,NULL,NULL,0,'no','no',0,NULL,0,0,0,NULL,0),(803,14,13,'',NULL,0,NULL,NULL,NULL,NULL,'deleted','private_message',NULL,NULL,NULL,0,'no','no',0,NULL,0,0,0,NULL,0),(804,13,14,'',NULL,0,NULL,NULL,NULL,NULL,'deleted','private_message',NULL,NULL,NULL,0,'no','no',0,NULL,0,0,0,NULL,0),(805,14,13,'','<p>Торты диге</p>',0,NULL,NULL,NULL,NULL,'read','private_message',NULL,NULL,NULL,0,'no','no',1381207304,NULL,0,0,0,NULL,0),(806,14,13,'','<p>Точки лиге</p>',0,NULL,NULL,NULL,NULL,'read','private_message',NULL,NULL,NULL,0,'no','no',1381207442,NULL,0,0,0,NULL,0),(807,14,13,'','<p>Галоген диге</p>',0,NULL,NULL,NULL,NULL,'read','private_message',NULL,NULL,NULL,0,'no','no',1381207614,NULL,0,0,0,NULL,0),(808,14,13,'',NULL,0,NULL,NULL,NULL,NULL,'deleted','private_message',NULL,NULL,NULL,0,'no','no',0,NULL,0,0,0,NULL,0),(809,13,14,'',NULL,0,NULL,NULL,NULL,NULL,'deleted','private_message',NULL,NULL,NULL,0,'no','no',0,NULL,0,0,0,NULL,0),(810,13,14,'',NULL,0,NULL,NULL,NULL,NULL,'deleted','private_message',NULL,NULL,NULL,0,'no','no',0,NULL,0,0,0,NULL,0),(811,13,14,'',NULL,0,NULL,NULL,NULL,NULL,'deleted','private_message',NULL,NULL,NULL,0,'no','no',0,NULL,0,0,0,NULL,0),(812,14,13,'',NULL,0,NULL,NULL,NULL,NULL,'deleted','private_message',NULL,NULL,NULL,0,'no','no',0,NULL,0,0,0,NULL,0),(813,14,13,'',NULL,0,NULL,NULL,NULL,NULL,'deleted','private_message',NULL,NULL,NULL,0,'no','no',0,NULL,0,0,0,NULL,0),(814,14,0,'Вот это здание!','Здание просто улет!\r\nИ планировка такая что очень много для чего подойдет! Даже для офиса!',0,NULL,NULL,NULL,NULL,'new','news',NULL,NULL,NULL,1381376743,'no','no',1381376743,NULL,0,0,0,'',0),(815,14,13,'',NULL,0,NULL,NULL,NULL,NULL,'deleted','private_message',NULL,NULL,NULL,0,'no','no',0,NULL,0,0,0,NULL,0),(816,14,0,'',NULL,0,NULL,NULL,NULL,NULL,'deleted','news',NULL,NULL,NULL,0,'no','no',0,NULL,0,0,0,NULL,0),(817,14,0,'',NULL,0,NULL,NULL,NULL,NULL,'deleted','news',NULL,NULL,NULL,0,'no','no',0,NULL,0,0,0,NULL,0),(818,14,0,'Хол. отеля в котором остановились!','У нас бы в такой гостинице номер я думаю тыш пять стоил бы, а тут на двоих всего 1500р.\r\nтак что где мы со своими ценами!!!!',0,NULL,NULL,NULL,NULL,'new','news',NULL,NULL,NULL,1381454760,'no','no',1381454760,NULL,0,1,0,'',0),(819,14,0,'Гринписовцев на них нет!','Они дятлв, нафига им наша нефтяная вышка в море, в Китай пусть едут! На фото прекрасно видно какой у них чистый воздух! У меня такое ощущение что гринписовцев китайцы специально сами придумали чтоб они на других наезжали тем самым от себя отводя внимание! Но это просто ужас как тут задымлено все! Такое ощущение что воздух Аш густой от этой грязи! Товарищи ученые, вы сами понимаете что китайцев останавливать бесполезно, так что изобретите наконец фильтры для воздуха, и желательно органические! Какие нибудь деревья которым надо очень много углекислого газа для жизни!',0,NULL,NULL,NULL,NULL,'new','news',NULL,NULL,NULL,1381482393,'no','no',1381482393,NULL,0,0,0,'',1),(820,14,13,'',NULL,0,NULL,NULL,NULL,NULL,'deleted','private_message',NULL,NULL,NULL,0,'no','no',0,NULL,0,0,0,NULL,0),(821,14,0,'',NULL,0,NULL,NULL,NULL,NULL,'deleted','news',NULL,NULL,NULL,0,'no','no',0,NULL,0,0,0,NULL,0),(822,14,0,'',NULL,0,NULL,NULL,NULL,NULL,'deleted','news',NULL,NULL,NULL,0,'no','no',0,NULL,0,0,0,NULL,0),(823,14,0,'Чистые китайские реки!','Ничего не буду писать, просто смотрите! И так все понятно! Вот реки каких большинство!',0,NULL,NULL,NULL,NULL,'new','news',NULL,NULL,NULL,1381582034,'no','no',1381582034,NULL,0,0,0,'',0),(824,14,0,'Выставка началась!!!!','Вот уже много лет в нашей компании есть традиция, каждое утро выставки начинать со старбакса!!! Вот и я выпил три стакана, лично мне хватило бы и двух, но что поделать \"корпоративный дух\"',0,NULL,NULL,NULL,NULL,'new','news',NULL,NULL,NULL,1381800995,'no','no',1381800995,NULL,0,0,0,'',0),(825,13,0,'',NULL,0,NULL,NULL,NULL,NULL,'deleted','news',NULL,NULL,NULL,0,'no','no',0,NULL,0,0,0,NULL,0),(826,14,0,'Какой разный Гуанчжоу','Все эти три фотографии сделаны в одном месте, путем просто разворота, и прикрасно видно какой он разный, этот Гуаньчжоу! Здесь, рядом с зеркальным небескребом на гранитной мостовой могут продавать носки и просить милостыню! варить кукурузу и играть в кости!&nbsp;',0,NULL,NULL,NULL,NULL,'new','news',NULL,NULL,NULL,1381842027,'no','no',1381842027,NULL,0,0,0,'',0),(827,14,13,'','<p>Скинь им реквизиты вм и гт</p>',0,NULL,NULL,NULL,NULL,'read','private_message',NULL,NULL,NULL,0,'no','no',1381910483,NULL,0,0,0,NULL,0),(828,14,13,'',NULL,0,NULL,NULL,NULL,NULL,'deleted','private_message',NULL,NULL,NULL,0,'no','no',0,NULL,0,0,0,NULL,0),(829,13,14,'',NULL,0,NULL,NULL,NULL,NULL,'deleted','private_message',NULL,NULL,NULL,0,'no','no',0,NULL,0,0,0,NULL,0),(830,14,13,'',NULL,0,NULL,NULL,NULL,NULL,'deleted','private_message',NULL,NULL,NULL,0,'no','no',0,NULL,0,0,0,NULL,0),(831,14,13,'',NULL,0,NULL,NULL,NULL,NULL,'deleted','private_message',NULL,NULL,NULL,0,'no','no',0,NULL,0,0,0,NULL,0),(832,14,0,'',NULL,0,NULL,NULL,NULL,NULL,'deleted','news',NULL,NULL,NULL,0,'no','no',0,NULL,0,0,0,NULL,0),(833,14,13,'',NULL,0,NULL,NULL,NULL,NULL,'deleted','private_message',NULL,NULL,NULL,0,'no','no',0,NULL,0,0,0,NULL,0),(834,14,13,'',NULL,0,NULL,NULL,NULL,NULL,'deleted','private_message',NULL,NULL,NULL,0,'no','no',0,NULL,0,0,0,NULL,0),(835,16,14,'','Характеристики утюга Bosch TDS (Бош ТДС) 2229Мощность - 3100 Вт;Подошва - \"Palladium glissee\";Парогенератор максимальное давление пара 5.5 бар;Постоянная подача пара до 120 г/мин;Паровой удар 220 г/мин;Вертикальное отпаривание;Возможность сухого глажения;Объём резервуара для воды 1300 мл;Автоматическое отключение;Система защиты от накипи;Готовность к работе через 2 минуты.',0,NULL,NULL,NULL,NULL,'read','private_message',NULL,NULL,NULL,0,'no','no',1382355017,NULL,0,0,0,NULL,0),(836,16,14,'',NULL,0,NULL,NULL,NULL,NULL,'deleted','private_message',NULL,NULL,NULL,0,'no','no',0,NULL,0,0,0,NULL,0),(837,14,16,'','<p>Давай бери</p>',0,NULL,NULL,NULL,NULL,'read','private_message',NULL,NULL,NULL,0,'no','no',1382355108,NULL,0,0,0,NULL,0),(838,16,14,'','Вот еще один с похожими характеристиками... но чего то он какой то гламурный.',0,NULL,NULL,NULL,NULL,'read','private_message',NULL,NULL,NULL,0,'no','no',1382355311,NULL,0,0,0,NULL,0),(839,14,16,'',NULL,0,NULL,NULL,NULL,NULL,'deleted','private_message',NULL,NULL,NULL,0,'no','no',0,NULL,0,0,0,NULL,0),(840,16,14,'',NULL,0,NULL,NULL,NULL,NULL,'deleted','private_message',NULL,NULL,NULL,0,'no','no',0,NULL,0,0,0,NULL,0),(841,14,0,'Продается, кому надо??','Тесть продает автомобиль. Кому надо обращайтесь!',0,NULL,NULL,NULL,NULL,'deleted','news',NULL,NULL,NULL,1382413376,'no','yes',1382413376,NULL,0,0,0,'',0),(842,14,13,'',NULL,0,NULL,NULL,NULL,NULL,'deleted','private_message',NULL,NULL,NULL,0,'no','no',0,NULL,0,0,0,NULL,0),(843,14,0,'',NULL,0,NULL,NULL,NULL,NULL,'deleted','news',NULL,NULL,NULL,0,'no','no',0,NULL,0,0,0,NULL,0),(844,14,0,'',NULL,0,NULL,NULL,NULL,NULL,'deleted','news',NULL,NULL,NULL,0,'no','no',0,NULL,0,0,0,NULL,0),(845,14,0,'',NULL,0,NULL,NULL,NULL,NULL,'deleted','news',NULL,NULL,NULL,0,'no','no',0,NULL,0,0,0,NULL,0),(846,14,0,'',NULL,0,NULL,NULL,NULL,NULL,'deleted','news',NULL,NULL,NULL,0,'no','no',0,NULL,0,0,0,NULL,0),(847,14,0,'',NULL,0,NULL,NULL,NULL,NULL,'deleted','news',NULL,NULL,NULL,0,'no','no',0,NULL,0,0,0,NULL,0),(848,14,0,'',NULL,0,NULL,NULL,NULL,NULL,'deleted','news',NULL,NULL,NULL,0,'no','no',0,NULL,0,0,0,NULL,0),(849,14,0,'',NULL,0,NULL,NULL,NULL,NULL,'deleted','news',NULL,NULL,NULL,0,'no','no',0,NULL,0,0,0,NULL,0),(850,14,0,'',NULL,0,NULL,NULL,NULL,NULL,'deleted','news',NULL,NULL,NULL,0,'no','no',0,NULL,0,0,0,NULL,0),(851,14,13,'',NULL,0,NULL,NULL,NULL,NULL,'deleted','private_message',NULL,NULL,NULL,0,'no','no',0,NULL,0,0,0,NULL,0),(852,14,0,'',NULL,0,NULL,NULL,NULL,NULL,'deleted','news',NULL,NULL,NULL,0,'no','no',0,NULL,0,0,0,NULL,0),(853,12,14,'','<p>новости в новом окне заработали на ipad\'e</p>',0,NULL,NULL,NULL,NULL,'read','private_message',NULL,NULL,NULL,0,'no','no',1382728575,NULL,0,0,0,NULL,0),(854,12,14,'',NULL,0,NULL,NULL,NULL,NULL,'deleted','private_message',NULL,NULL,NULL,0,'no','no',0,NULL,0,0,0,NULL,0),(855,12,14,'',NULL,0,NULL,NULL,NULL,NULL,'deleted','private_message',NULL,NULL,NULL,0,'no','no',0,NULL,0,0,0,NULL,0),(856,13,0,'',NULL,0,NULL,NULL,NULL,NULL,'deleted','news',NULL,NULL,NULL,0,'no','no',0,NULL,0,0,0,NULL,0),(857,13,14,'',NULL,0,NULL,NULL,NULL,NULL,'deleted','private_message',NULL,NULL,NULL,0,'no','no',0,NULL,0,0,0,NULL,0),(858,13,0,'',NULL,0,NULL,NULL,NULL,NULL,'deleted','news',NULL,NULL,NULL,0,'no','no',0,NULL,0,0,0,NULL,0),(859,13,14,'',NULL,0,NULL,NULL,NULL,NULL,'deleted','private_message',NULL,NULL,NULL,0,'no','no',0,NULL,0,0,0,NULL,0),(860,14,13,'',NULL,0,NULL,NULL,NULL,NULL,'deleted','private_message',NULL,NULL,NULL,0,'no','no',0,NULL,0,0,0,NULL,0),(861,14,12,'',NULL,0,NULL,NULL,NULL,NULL,'deleted','private_message',NULL,NULL,NULL,0,'no','no',0,NULL,0,0,0,NULL,0),(862,14,0,'',NULL,0,NULL,NULL,NULL,NULL,'deleted','news',NULL,NULL,NULL,0,'no','no',0,NULL,0,0,0,NULL,0),(863,14,0,'Клавиатура и мышь для компьютера становятся бесполезными устройствами','&nbsp; &nbsp;Близится день, когда человек сможет включать компьютеры и прочие гаджеты силой мысли. А способы, которые представлены здесь, &mdash; всего лишь промежуточный вариант.\r\nУправление гаджетами с помощью жестов и наручных браслетов медленно, но верно входит в повседневную жизнь. К примеру, немецкая компания PMDTec представила интерфейс нового поколения для управления компьютером с помощью жестов. С помощью гаджета под названием&nbsp;CamBoard pico&nbsp;пользователь может жестами переключаться между приложениями и управлять ими. Ничего особенного делать не нужно &mdash; всего лишь держать руку на определенном расстоянии от экрана и жестикулировать. Правда, насколько быстро это CamBoard pico появится в обиходе, зависит от производителей мониторов.\r\n&nbsp; &nbsp;Еще одно подобное изобретение &mdash; наручный браслет&nbsp;MYO. Он создан лабораторией Thalmic Labs и также способен управлять компьютером с помощью жестов. Браслет распознает активность мускулов и по Bluetooth передает сигнал гаджету. Это устройство открывает широкие возможности для любителей компьютерных стрелялок, а также людей, которым часто приходится вести презентации. Стоит браслет около $150. Он станет отличным подарком тем, кто хочет, чтобы все в мире происходило по мановению их руки.\r\nисточник: rbc.ru',0,NULL,NULL,NULL,NULL,'new','news',NULL,NULL,NULL,1382883241,'no','no',1382883241,NULL,0,0,0,'',0),(864,14,13,'',NULL,0,NULL,NULL,NULL,NULL,'deleted','private_message',NULL,NULL,NULL,0,'no','no',0,NULL,0,0,0,NULL,0),(865,14,16,'',NULL,0,NULL,NULL,NULL,NULL,'deleted','private_message',NULL,NULL,NULL,0,'no','no',0,NULL,0,0,0,NULL,0),(866,14,16,'',NULL,0,NULL,NULL,NULL,NULL,'deleted','private_message',NULL,NULL,NULL,0,'no','no',0,NULL,0,0,0,NULL,0),(867,14,0,'',NULL,0,NULL,NULL,NULL,NULL,'deleted','news',NULL,NULL,NULL,0,'no','no',0,NULL,0,0,0,NULL,0),(868,28,0,'',NULL,0,NULL,NULL,NULL,NULL,'deleted','private_message',NULL,NULL,NULL,0,'no','no',0,NULL,0,0,0,NULL,0),(869,14,0,'',NULL,0,NULL,NULL,NULL,NULL,'deleted','news',NULL,NULL,NULL,0,'no','no',0,NULL,0,0,0,NULL,0),(870,14,16,'',NULL,0,NULL,NULL,NULL,NULL,'deleted','private_message',NULL,NULL,NULL,0,'no','no',0,NULL,0,0,0,NULL,0),(871,14,13,'',NULL,0,NULL,NULL,NULL,NULL,'deleted','private_message',NULL,NULL,NULL,0,'no','no',0,NULL,0,0,0,NULL,0),(872,14,16,'',NULL,0,NULL,NULL,NULL,NULL,'deleted','private_message',NULL,NULL,NULL,0,'no','no',0,NULL,0,0,0,NULL,0),(873,14,0,'Городские власти могут неплохо сэкономить на вечернем городском освещении, внедрив специальные светящиеся дорожки.','&nbsp; &nbsp;Звезды теперь будут освещать путь в самом прямом смысле: изобретено инновационное покрытие для дорожек, которое светится в темноте. Так что даже выщербленный асфальт в спальном районе ночью будет превращаться в восхитительный Млечный путь.  &nbsp; &nbsp;Новое &mdash; это хорошо забытое старое. Все помнят о светящихся в темноте игрушках и предметах, но только сотрудники британской компании Pro-Teq догадались использовать ту же самую технологию для создания специального покрытия для дорожек. Водостойкое покрытие StarPath распыляется по поверхности асфальта, днем впитывает ультрафиолетовые лучи, а ночью излучает свечение. В состав StarPath входят фосфоресцирующие соединения, но более сложные, нежели те, что используются в светящихся игрушках. Поэтому яркость свечения покрытия зависит от естественного освещения: в ясную лунную ночь дорожка выглядит тусклее, чем в беспросветной темноте. Pro-Teq уже распылили StarPath на некоторых пешеходных дорожках в Кембридже &mdash; процесс занял всего полчаса, и еще через четыре по ним разрешили ходить. В будущем компания собирается предложить свое изобретение для покрытия автобанов и пешеходных дорожек в других городах.\r\nrbc.ru',0,NULL,NULL,NULL,NULL,'new','news',NULL,NULL,NULL,0,'no','no',0,NULL,0,0,0,'',0),(874,14,0,'Городские власти могут неплохо сэкономить на вечернем городском освещении, внедрив специальные светящиеся дорожки.','&nbsp; &nbsp;Звезды теперь будут освещать путь в самом прямом смысле: изобретено инновационное покрытие для дорожек, которое светится в темноте. Так что даже выщербленный асфальт в спальном районе ночью будет превращаться в восхитительный Млечный путь.\r\n\r\n&nbsp; &nbsp;Новое &mdash; это хорошо забытое старое. Все помнят о светящихся в темноте игрушках и предметах, но только сотрудники британской компании Pro-Teq догадались использовать ту же самую технологию для создания специального покрытия для дорожек. Водостойкое покрытие StarPath распыляется по поверхности асфальта, днем впитывает ультрафиолетовые лучи, а ночью излучает свечение. В состав StarPath входят фосфоресцирующие соединения, но более сложные, нежели те, что используются в светящихся игрушках. Поэтому яркость свечения покрытия зависит от естественного освещения: в ясную лунную ночь дорожка выглядит тусклее, чем в беспросветной темноте. Pro-Teq уже распылили StarPath на некоторых пешеходных дорожках в Кембридже &mdash; процесс занял всего полчаса, и еще через четыре по ним разрешили ходить. В будущем компания собирается предложить свое изобретение для покрытия автобанов и пешеходных дорожек в других городах.\r\nrbc.ru',0,NULL,NULL,NULL,NULL,'new','news',NULL,NULL,NULL,1383017464,'no','no',1383017464,NULL,0,0,0,'',1),(875,14,0,'Новый робот-пылесос совершил революцию в своем сегменте','&nbsp; &nbsp;Нет, это не синопсис пятой части &laquo;Терминатора&raquo;. Это инновационная клининговая система Mab, состоящая из центрального ядра и 908 летающих крошечных роботов.\r\n\r\n&nbsp; &nbsp;Ядро является базой для роботов и управляет процессом: смешивает воду и моющие средства и заливает смесь в мини-механизмы. После чего они разлетаются по помещению и очищают поверхности, улавливая частицы грязи. Затем роботы возвращаются на базу.\r\nСистему можно запрограммировать на требуемую частоту уборки. Кроме того, Mab определяет, в каком режиме убирать различные участки дома.&nbsp;\r\n\r\n&nbsp; &nbsp;Винты мини-роботов снабжены фотоэлементами, позволяющими механизмам работать на солнечной энергии, а саму систему перед использованием нужно подзарядить электричеством. Mab можно синхронизировать cо смартфоном или планшетником и получать оповещения о том, что нужно сменить фильтры или добавить еще воды.',0,NULL,NULL,NULL,NULL,'new','news',NULL,NULL,NULL,1383106114,'no','no',1383106114,NULL,0,0,0,'',0),(876,14,0,'Новая дизайнерская ванна сама себя наполнит и позаботится о температуре воды','&nbsp; &nbsp;В компании Kasch знают, что удовольствие от принятия ванны неизменно омрачается необходимостью следить за тем, чтобы вода в ней не остывала, не переливалась через край и не меняла свой естественный цвет на более невнятный.\r\n\r\n&nbsp; &nbsp;Поэтому они придумали эту самонаполняющуюся ванну, которая за всем следит сама и в которой можно заниматься ровно тем, для чего, собственно, ванна и предназначена, &mdash; лежать и, не отвлекаясь по пустякам, размышлять о вечном.',0,NULL,NULL,NULL,NULL,'new','news',NULL,NULL,NULL,1383106215,'no','no',1383106215,NULL,0,0,0,'',1),(877,14,0,'',NULL,0,NULL,NULL,NULL,NULL,'deleted','news',NULL,NULL,NULL,0,'no','no',0,NULL,0,0,0,NULL,0),(878,14,0,'',NULL,0,NULL,NULL,NULL,NULL,'deleted','news',NULL,NULL,NULL,0,'no','no',0,NULL,0,0,0,NULL,0),(879,14,0,'',NULL,0,NULL,NULL,NULL,NULL,'deleted','news',NULL,NULL,NULL,0,'no','no',0,NULL,0,0,0,NULL,0),(880,14,0,'',NULL,0,NULL,NULL,NULL,NULL,'deleted','news',NULL,NULL,NULL,0,'no','no',0,NULL,0,0,0,NULL,0),(881,14,0,'И так тоже живут люди!!!','&nbsp; &nbsp;Вот так тоже живут люди! Это поселение находится у берегов острова Хайнань (Китай). Как нам объяснили, это народность которая в чем то, давно давно накосячила, вот их и сослали жить на воде! Вот так и живут потому что кто то очень злой и у него память хорошая! А как там быт у них устроен я не знаю, по фото невидно, а нам потробнее не рассказали!',0,NULL,NULL,NULL,NULL,'deleted','news',NULL,NULL,NULL,1383592108,'no','yes',1383592108,NULL,0,0,0,'',0),(882,14,0,'Обезьяний остров!','Обезьяны просто тут офигели. Потому что их здесь обижать запрещенно, а так же пугать топить кидать взрывать ну и все то что нам хотелось бы с ними сделать зи их поведение! Вот и приходится ходить и терпеть, прятать еду, напитки да и вообще все что могут утащить. Потому что им помойму пофигу что тырить!',0,NULL,NULL,NULL,NULL,'new','news',NULL,NULL,NULL,1383592553,'no','no',1383592553,NULL,0,0,0,'',2),(883,14,13,'',NULL,0,NULL,NULL,NULL,NULL,'deleted','private_message',NULL,NULL,NULL,0,'no','no',0,NULL,0,0,0,NULL,0),(884,14,0,'',NULL,0,NULL,NULL,NULL,NULL,'deleted','news',NULL,NULL,NULL,0,'no','no',0,NULL,0,0,0,NULL,0),(885,14,0,'',NULL,0,NULL,NULL,NULL,NULL,'deleted','news',NULL,NULL,NULL,0,'no','no',0,NULL,0,0,0,NULL,0),(886,14,13,'',NULL,0,NULL,NULL,NULL,NULL,'deleted','private_message',NULL,NULL,NULL,0,'no','no',0,NULL,0,0,0,NULL,0),(887,14,13,'',NULL,0,NULL,NULL,NULL,NULL,'deleted','private_message',NULL,NULL,NULL,0,'no','no',0,NULL,0,0,0,NULL,0),(888,14,13,'',NULL,0,NULL,NULL,NULL,NULL,'deleted','private_message',NULL,NULL,NULL,0,'no','no',0,NULL,0,0,0,NULL,0),(889,14,13,'','Так то оно так да не так!',0,NULL,NULL,NULL,NULL,'read','private_message',NULL,NULL,NULL,0,'no','no',1383986148,NULL,0,0,0,NULL,0),(890,14,0,'',NULL,0,NULL,NULL,NULL,NULL,'deleted','private_message',NULL,NULL,NULL,0,'no','no',0,NULL,0,0,0,NULL,0),(891,14,13,'',NULL,0,NULL,NULL,NULL,NULL,'deleted','private_message',NULL,NULL,NULL,0,'no','no',0,NULL,0,0,0,NULL,0),(892,14,23,'','Здарова!',0,NULL,NULL,NULL,NULL,'read','private_message',NULL,NULL,NULL,0,'no','no',1384160812,NULL,0,0,0,NULL,0),(893,14,23,'',NULL,0,NULL,NULL,NULL,NULL,'deleted','private_message',NULL,NULL,NULL,0,'no','no',0,NULL,0,0,0,NULL,0),(894,23,14,'','<p>Привет! как роутер-репитер?</p>',0,NULL,NULL,NULL,NULL,'read','private_message',NULL,NULL,NULL,0,'no','no',1384249643,NULL,0,0,0,NULL,0),(895,23,14,'',NULL,0,NULL,NULL,NULL,NULL,'deleted','private_message',NULL,NULL,NULL,0,'no','no',0,NULL,0,0,0,NULL,0),(896,14,23,'','<p>Думаю нормально, потому что я еще не купил!!!</p>',0,NULL,NULL,NULL,NULL,'unread','private_message',NULL,NULL,NULL,0,'no','no',1384417386,NULL,0,0,0,NULL,0),(897,14,23,'',NULL,0,NULL,NULL,NULL,NULL,'deleted','private_message',NULL,NULL,NULL,0,'no','no',0,NULL,0,0,0,NULL,0),(898,14,23,'',NULL,0,NULL,NULL,NULL,NULL,'deleted','private_message',NULL,NULL,NULL,0,'no','no',0,NULL,0,0,0,NULL,0),(899,14,13,'','',0,NULL,NULL,NULL,NULL,'read','private_message',NULL,NULL,NULL,0,'no','no',1384425381,NULL,0,0,0,NULL,0),(900,14,13,'',NULL,0,NULL,NULL,NULL,NULL,'deleted','private_message',NULL,NULL,NULL,0,'no','no',0,NULL,0,0,0,NULL,0),(901,13,14,'',NULL,0,NULL,NULL,NULL,NULL,'deleted','private_message',NULL,NULL,NULL,0,'no','no',0,NULL,0,0,0,NULL,0),(902,14,13,'',NULL,0,NULL,NULL,NULL,NULL,'deleted','private_message',NULL,NULL,NULL,0,'no','no',0,NULL,0,0,0,NULL,0),(903,13,14,'',NULL,0,NULL,NULL,NULL,NULL,'deleted','private_message',NULL,NULL,NULL,0,'no','no',0,NULL,0,0,0,NULL,0),(904,14,23,'',NULL,0,NULL,NULL,NULL,NULL,'deleted','private_message',NULL,NULL,NULL,0,'no','no',0,NULL,0,0,0,NULL,0),(905,14,0,'',NULL,0,NULL,NULL,NULL,NULL,'deleted','private_message',NULL,NULL,NULL,0,'no','no',0,NULL,0,0,0,NULL,0),(906,14,0,'',NULL,0,NULL,NULL,NULL,NULL,'deleted','news',NULL,NULL,NULL,0,'no','no',0,NULL,0,0,0,NULL,0),(907,14,0,'',NULL,0,NULL,NULL,NULL,NULL,'deleted','news',NULL,NULL,NULL,0,'no','no',0,NULL,0,0,0,NULL,0),(908,14,0,'',NULL,0,NULL,NULL,NULL,NULL,'deleted','news',NULL,NULL,NULL,0,'no','no',0,NULL,0,0,0,NULL,0),(909,14,0,'',NULL,0,NULL,NULL,NULL,NULL,'deleted','news',NULL,NULL,NULL,0,'no','no',0,NULL,0,0,0,NULL,0),(910,14,13,'',NULL,0,NULL,NULL,NULL,NULL,'deleted','private_message',NULL,NULL,NULL,0,'no','no',0,NULL,0,0,0,NULL,0),(911,14,23,'',NULL,0,NULL,NULL,NULL,NULL,'deleted','private_message',NULL,NULL,NULL,0,'no','no',0,NULL,0,0,0,NULL,0),(912,14,23,'',NULL,0,NULL,NULL,NULL,NULL,'deleted','private_message',NULL,NULL,NULL,0,'no','no',0,NULL,0,0,0,NULL,0),(913,14,23,'',NULL,0,NULL,NULL,NULL,NULL,'deleted','private_message',NULL,NULL,NULL,0,'no','no',0,NULL,0,0,0,NULL,0),(914,14,23,'',NULL,0,NULL,NULL,NULL,NULL,'deleted','private_message',NULL,NULL,NULL,0,'no','no',0,NULL,0,0,0,NULL,0),(915,14,23,'',NULL,0,NULL,NULL,NULL,NULL,'deleted','private_message',NULL,NULL,NULL,0,'no','no',0,NULL,0,0,0,NULL,0),(916,14,13,'',NULL,0,NULL,NULL,NULL,NULL,'deleted','private_message',NULL,NULL,NULL,0,'no','no',0,NULL,0,0,0,NULL,0),(917,14,23,'',NULL,0,NULL,NULL,NULL,NULL,'deleted','private_message',NULL,NULL,NULL,0,'no','no',0,NULL,0,0,0,NULL,0),(918,12,15,'','<p>123123123</p>',0,NULL,NULL,NULL,NULL,'unread','private_message',NULL,NULL,NULL,0,'no','no',1385662806,NULL,0,0,0,NULL,0),(919,12,15,'','<p>343434</p>',0,NULL,NULL,NULL,NULL,'unread','private_message',NULL,NULL,NULL,0,'no','no',1385662814,NULL,0,0,0,NULL,0),(920,12,15,'',NULL,0,NULL,NULL,NULL,NULL,'deleted','private_message',NULL,NULL,NULL,0,'no','no',0,NULL,0,0,0,NULL,0),(921,12,15,'','<p>545656</p>',0,NULL,NULL,NULL,NULL,'unread','private_message',NULL,NULL,NULL,0,'no','no',1385662819,NULL,0,0,0,NULL,0),(922,12,15,'',NULL,0,NULL,NULL,NULL,NULL,'deleted','private_message',NULL,NULL,NULL,0,'no','no',0,NULL,0,0,0,NULL,0),(923,12,15,'','<p>12323</p>',0,NULL,NULL,NULL,NULL,'unread','private_message',NULL,NULL,NULL,0,'no','no',1385662847,NULL,0,0,0,NULL,0),(924,12,15,'',NULL,0,NULL,NULL,NULL,NULL,'deleted','private_message',NULL,NULL,NULL,0,'no','no',0,NULL,0,0,0,NULL,0),(925,12,15,'',NULL,0,NULL,NULL,NULL,NULL,'deleted','private_message',NULL,NULL,NULL,0,'no','no',0,NULL,0,0,0,NULL,0),(926,12,15,'',NULL,0,NULL,NULL,NULL,NULL,'deleted','private_message',NULL,NULL,NULL,0,'no','no',0,NULL,0,0,0,NULL,0),(927,12,15,'','<p>345345</p>',0,NULL,NULL,NULL,NULL,'unread','private_message',NULL,NULL,NULL,0,'no','no',1385664340,NULL,0,0,0,NULL,0),(928,12,15,'',NULL,0,NULL,NULL,NULL,NULL,'deleted','private_message',NULL,NULL,NULL,0,'no','no',0,NULL,0,0,0,NULL,0),(929,12,15,'','<p>парвап</p>',0,NULL,NULL,NULL,NULL,'unread','private_message',NULL,NULL,NULL,0,'no','no',1385664643,NULL,0,0,0,NULL,0),(930,12,15,'',NULL,0,NULL,NULL,NULL,NULL,'deleted','private_message',NULL,NULL,NULL,0,'no','no',0,NULL,0,0,0,NULL,0),(931,14,0,'',NULL,0,NULL,NULL,NULL,NULL,'deleted','news',NULL,NULL,NULL,0,'no','no',0,NULL,0,0,0,NULL,0),(932,14,13,'',NULL,0,NULL,NULL,NULL,NULL,'deleted','private_message',NULL,NULL,NULL,0,'no','no',0,NULL,0,0,0,NULL,0),(933,14,13,'',NULL,0,NULL,NULL,NULL,NULL,'deleted','private_message',NULL,NULL,NULL,0,'no','no',0,NULL,0,0,0,NULL,0),(934,14,13,'',NULL,0,NULL,NULL,NULL,NULL,'deleted','private_message',NULL,NULL,NULL,0,'no','no',0,NULL,0,0,0,NULL,0),(935,14,13,'',NULL,0,NULL,NULL,NULL,NULL,'deleted','private_message',NULL,NULL,NULL,0,'no','no',0,NULL,0,0,0,NULL,0),(936,12,14,'','<p>test</p>',0,NULL,NULL,NULL,NULL,'read','private_message',NULL,NULL,NULL,0,'no','no',1385759119,NULL,0,0,0,NULL,0),(937,12,14,'',NULL,0,NULL,NULL,NULL,NULL,'deleted','private_message',NULL,NULL,NULL,0,'no','no',0,NULL,0,0,0,NULL,0),(938,12,22,'','<p>234 23werwer</p>',0,NULL,NULL,NULL,NULL,'unread','private_message',NULL,NULL,NULL,0,'no','no',1385759133,NULL,0,0,0,NULL,0),(939,12,22,'','<p>2342343423</p>',0,NULL,NULL,NULL,NULL,'unread','private_message',NULL,NULL,NULL,0,'no','no',1385759136,NULL,0,0,0,NULL,0),(940,12,22,'','<p>234234234</p>',0,NULL,NULL,NULL,NULL,'unread','private_message',NULL,NULL,NULL,0,'no','no',1385759139,NULL,0,0,0,NULL,0),(941,12,22,'','<p>234234234</p>',0,NULL,NULL,NULL,NULL,'unread','private_message',NULL,NULL,NULL,0,'no','no',1385759142,NULL,0,0,0,NULL,0),(942,12,22,'','<p>123123</p>',0,NULL,NULL,NULL,NULL,'unread','private_message',NULL,NULL,NULL,0,'no','no',1385759157,NULL,0,0,0,NULL,0),(943,12,22,'','<p>111111</p>',0,NULL,NULL,NULL,NULL,'unread','private_message',NULL,NULL,NULL,0,'no','no',1385759163,NULL,0,0,0,NULL,0),(944,12,22,'','<p>2222222</p>',0,NULL,NULL,NULL,NULL,'unread','private_message',NULL,NULL,NULL,0,'no','no',1385759165,NULL,0,0,0,NULL,0),(945,12,22,'',NULL,0,NULL,NULL,NULL,NULL,'deleted','private_message',NULL,NULL,NULL,0,'no','no',0,NULL,0,0,0,NULL,0),(946,12,22,'',NULL,0,NULL,NULL,NULL,NULL,'deleted','private_message',NULL,NULL,NULL,0,'no','no',0,NULL,0,0,0,NULL,0),(947,12,22,'',NULL,0,NULL,NULL,NULL,NULL,'deleted','private_message',NULL,NULL,NULL,0,'no','no',0,NULL,0,0,0,NULL,0),(948,12,22,'',NULL,0,NULL,NULL,NULL,NULL,'deleted','private_message',NULL,NULL,NULL,0,'no','no',0,NULL,0,0,0,NULL,0),(949,12,22,'','<p>123123</p>',0,NULL,NULL,NULL,NULL,'unread','private_message',NULL,NULL,NULL,0,'no','no',1385759978,NULL,0,0,0,NULL,0),(950,12,22,'',NULL,0,NULL,NULL,NULL,NULL,'deleted','private_message',NULL,NULL,NULL,0,'no','no',0,NULL,0,0,0,NULL,0),(951,12,15,'','<p>123123123</p>',0,NULL,NULL,NULL,NULL,'unread','private_message',NULL,NULL,NULL,0,'no','no',1385759989,NULL,0,0,0,NULL,0),(952,12,15,'','<p>вапвап</p>',0,NULL,NULL,NULL,NULL,'unread','private_message',NULL,NULL,NULL,0,'no','no',1385759993,NULL,0,0,0,NULL,0),(953,12,15,'',NULL,0,NULL,NULL,NULL,NULL,'deleted','private_message',NULL,NULL,NULL,0,'no','no',0,NULL,0,0,0,NULL,0),(954,15,12,'','<p>Sss</p>',0,NULL,NULL,NULL,NULL,'read','private_message',NULL,NULL,NULL,0,'no','no',1385760967,NULL,0,0,0,NULL,0),(955,15,12,'','<p>Ddddd</p>\r\n<p></p>',0,NULL,NULL,NULL,NULL,'read','private_message',NULL,NULL,NULL,0,'no','no',1385760985,NULL,0,0,0,NULL,0),(956,15,12,'','<p>Вввв</p>',0,NULL,NULL,NULL,NULL,'read','private_message',NULL,NULL,NULL,0,'no','no',1385760992,NULL,0,0,0,NULL,0),(957,15,12,'',NULL,0,NULL,NULL,NULL,NULL,'deleted','private_message',NULL,NULL,NULL,0,'no','no',0,NULL,0,0,0,NULL,0),(958,12,15,'',NULL,0,NULL,NULL,NULL,NULL,'deleted','private_message',NULL,NULL,NULL,0,'no','no',0,NULL,0,0,0,NULL,0),(959,12,14,'',NULL,0,NULL,NULL,NULL,NULL,'deleted','private_message',NULL,NULL,NULL,0,'no','no',0,NULL,0,0,0,NULL,0),(960,12,14,'',NULL,0,NULL,NULL,NULL,NULL,'deleted','private_message',NULL,NULL,NULL,0,'no','no',0,NULL,0,0,0,NULL,0),(961,14,12,'',NULL,0,NULL,NULL,NULL,NULL,'deleted','private_message',NULL,NULL,NULL,0,'no','no',0,NULL,0,0,0,NULL,0),(962,14,13,'',NULL,0,NULL,NULL,NULL,NULL,'deleted','private_message',NULL,NULL,NULL,0,'no','no',0,NULL,0,0,0,NULL,0),(963,14,0,'',NULL,0,NULL,NULL,NULL,NULL,'deleted','private_message',NULL,NULL,NULL,0,'no','no',0,NULL,0,0,0,NULL,0),(964,12,15,'','<p>111</p>',0,NULL,NULL,NULL,NULL,'unread','private_message',NULL,NULL,NULL,0,'no','no',1385883183,NULL,0,0,0,NULL,0),(965,12,15,'',NULL,0,NULL,NULL,NULL,NULL,'deleted','private_message',NULL,NULL,NULL,0,'no','no',0,NULL,0,0,0,NULL,0),(966,14,12,'',NULL,0,NULL,NULL,NULL,NULL,'deleted','private_message',NULL,NULL,NULL,0,'no','no',0,NULL,0,0,0,NULL,0),(967,14,13,'','<p>Звезда кинофильма \"Форсаж\" Пол Уокер погиб в автокатастрофе в Калифорнии. Авария произошла в Санта-Кларите.<br /><br />Читать полностью:http://top.rbc.ru/incidents/01/12/2013/892051.shtml</p>',0,NULL,NULL,NULL,NULL,'read','private_message',NULL,NULL,NULL,0,'no','no',1385890641,NULL,0,0,0,NULL,0),(968,14,13,'','<p>Сообщается, что 40-летний актер находился в автомобиле Porsche своего друга. Последний по неизвестным причинам не справился с управлением, и машина на всей скорости врезалась в дерево и загорелась. Друг актера также погиб.<br /><br />Читать полностью:http://top.rbc.ru/incidents/01/12/2013/892051.shtml</p>',0,NULL,NULL,NULL,NULL,'read','private_message',NULL,NULL,NULL,0,'no','no',1385890884,NULL,0,0,0,NULL,0),(969,13,14,'',NULL,0,NULL,NULL,NULL,NULL,'deleted','private_message',NULL,NULL,NULL,0,'no','no',0,NULL,0,0,0,NULL,0),(970,14,13,'',NULL,0,NULL,NULL,NULL,NULL,'deleted','private_message',NULL,NULL,NULL,0,'no','no',0,NULL,0,0,0,NULL,0),(971,13,14,'',NULL,0,NULL,NULL,NULL,NULL,'deleted','private_message',NULL,NULL,NULL,0,'no','no',0,NULL,0,0,0,NULL,0),(972,14,0,'',NULL,0,NULL,NULL,NULL,NULL,'deleted','private_message',NULL,NULL,NULL,0,'no','no',0,NULL,0,0,0,NULL,0),(973,14,13,'',NULL,0,NULL,NULL,NULL,NULL,'deleted','private_message',NULL,NULL,NULL,0,'no','no',0,NULL,0,0,0,NULL,0),(974,12,14,'',NULL,0,NULL,NULL,NULL,NULL,'deleted','private_message',NULL,NULL,NULL,0,'no','no',0,NULL,0,0,0,NULL,0),(975,14,13,'',NULL,0,NULL,NULL,NULL,NULL,'deleted','private_message',NULL,NULL,NULL,0,'no','no',0,NULL,0,0,0,NULL,0),(976,14,13,'',NULL,0,NULL,NULL,NULL,NULL,'deleted','private_message',NULL,NULL,NULL,0,'no','no',0,NULL,0,0,0,NULL,0),(977,14,13,'',NULL,0,NULL,NULL,NULL,NULL,'deleted','private_message',NULL,NULL,NULL,0,'no','no',0,NULL,0,0,0,NULL,0),(978,14,13,'',NULL,0,NULL,NULL,NULL,NULL,'deleted','private_message',NULL,NULL,NULL,0,'no','no',0,NULL,0,0,0,NULL,0),(979,14,23,'',NULL,0,NULL,NULL,NULL,NULL,'deleted','private_message',NULL,NULL,NULL,0,'no','no',0,NULL,0,0,0,NULL,0),(980,14,12,'',NULL,0,NULL,NULL,NULL,NULL,'deleted','private_message',NULL,NULL,NULL,0,'no','no',0,NULL,0,0,0,NULL,0),(981,14,13,'','<p>56454</p>\r\n<p></p>',0,NULL,NULL,NULL,NULL,'read','private_message',NULL,NULL,NULL,0,'yes','no',1385891963,NULL,0,0,0,NULL,0),(982,14,13,'','<p>пвнорстапм</p>',0,NULL,NULL,NULL,NULL,'read','private_message',NULL,NULL,NULL,0,'yes','no',1385891969,NULL,0,0,0,NULL,0),(983,14,13,'','<p>нваневпасмис</p>',0,NULL,NULL,NULL,NULL,'read','private_message',NULL,NULL,NULL,0,'yes','no',1385891975,NULL,0,0,0,NULL,0),(984,14,13,'','<p>пкыпрасмиа</p>',0,NULL,NULL,NULL,NULL,'read','private_message',NULL,NULL,NULL,0,'yes','yes',1385891979,NULL,0,0,0,NULL,0),(985,14,13,'',NULL,0,NULL,NULL,NULL,NULL,'deleted','private_message',NULL,NULL,NULL,0,'no','no',0,NULL,0,0,0,NULL,0),(986,14,13,'',NULL,0,NULL,NULL,NULL,NULL,'deleted','private_message',NULL,NULL,NULL,0,'no','no',0,NULL,0,0,0,NULL,0),(987,12,15,'',NULL,0,NULL,NULL,NULL,NULL,'deleted','private_message',NULL,NULL,NULL,0,'no','no',0,NULL,0,0,0,NULL,0),(988,14,0,'',NULL,0,NULL,NULL,NULL,NULL,'deleted','news',NULL,NULL,NULL,0,'no','no',0,NULL,0,0,0,NULL,0),(989,14,0,'',NULL,0,NULL,NULL,NULL,NULL,'deleted','news',NULL,NULL,NULL,0,'no','no',0,NULL,0,0,0,NULL,0),(990,14,13,'','<p>Мишган глянь</p>',0,NULL,NULL,NULL,NULL,'read','private_message',NULL,NULL,NULL,0,'no','no',1385895662,NULL,0,0,0,NULL,0),(991,14,13,'',NULL,0,NULL,NULL,NULL,NULL,'deleted','private_message',NULL,NULL,NULL,0,'no','no',0,NULL,0,0,0,NULL,0),(992,14,13,'',NULL,0,NULL,NULL,NULL,NULL,'deleted','private_message',NULL,NULL,NULL,0,'no','no',0,NULL,0,0,0,NULL,0),(993,14,13,'',NULL,0,NULL,NULL,NULL,NULL,'deleted','private_message',NULL,NULL,NULL,0,'no','no',0,NULL,0,0,0,NULL,0),(994,14,13,'',NULL,0,NULL,NULL,NULL,NULL,'deleted','private_message',NULL,NULL,NULL,0,'no','no',0,NULL,0,0,0,NULL,0),(995,14,0,'',NULL,0,NULL,NULL,NULL,NULL,'deleted','private_message',NULL,NULL,NULL,0,'no','no',0,NULL,0,0,0,NULL,0),(996,14,0,'',NULL,0,NULL,NULL,NULL,NULL,'deleted','news',NULL,NULL,NULL,0,'no','no',0,NULL,0,0,0,NULL,0),(997,12,15,'',NULL,0,NULL,NULL,NULL,NULL,'deleted','private_message',NULL,NULL,NULL,0,'no','no',0,NULL,0,0,0,NULL,0),(998,14,0,'',NULL,0,NULL,NULL,NULL,NULL,'deleted','private_message',NULL,NULL,NULL,0,'no','no',0,NULL,0,0,0,NULL,0),(999,14,0,'',NULL,0,NULL,NULL,NULL,NULL,'deleted','news',NULL,NULL,NULL,0,'no','no',0,NULL,0,0,0,NULL,0),(1000,14,13,'',NULL,0,NULL,NULL,NULL,NULL,'deleted','private_message',NULL,NULL,NULL,0,'no','no',0,NULL,0,0,0,NULL,0),(1001,14,0,'',NULL,0,NULL,NULL,NULL,NULL,'deleted','news',NULL,NULL,NULL,0,'no','no',0,NULL,0,0,0,NULL,0),(1002,14,0,'',NULL,0,NULL,NULL,NULL,NULL,'deleted','news',NULL,NULL,NULL,0,'no','no',0,NULL,0,0,0,NULL,0),(1003,14,13,'',NULL,0,NULL,NULL,NULL,NULL,'deleted','private_message',NULL,NULL,NULL,0,'no','no',0,NULL,0,0,0,NULL,0),(1004,14,13,'',NULL,0,NULL,NULL,NULL,NULL,'deleted','private_message',NULL,NULL,NULL,0,'no','no',0,NULL,0,0,0,NULL,0),(1005,14,13,'',NULL,0,NULL,NULL,NULL,NULL,'deleted','private_message',NULL,NULL,NULL,0,'no','no',0,NULL,0,0,0,NULL,0),(1006,14,13,'',NULL,0,NULL,NULL,NULL,NULL,'deleted','private_message',NULL,NULL,NULL,0,'no','no',0,NULL,0,0,0,NULL,0),(1007,14,13,'',NULL,0,NULL,NULL,NULL,NULL,'deleted','private_message',NULL,NULL,NULL,0,'no','no',0,NULL,0,0,0,NULL,0),(1008,14,13,'',NULL,0,NULL,NULL,NULL,NULL,'deleted','private_message',NULL,NULL,NULL,0,'no','no',0,NULL,0,0,0,NULL,0),(1009,14,13,'',NULL,0,NULL,NULL,NULL,NULL,'deleted','private_message',NULL,NULL,NULL,0,'no','no',0,NULL,0,0,0,NULL,0),(1010,14,13,'',NULL,0,NULL,NULL,NULL,NULL,'deleted','private_message',NULL,NULL,NULL,0,'no','no',0,NULL,0,0,0,NULL,0),(1011,14,13,'',NULL,0,NULL,NULL,NULL,NULL,'deleted','private_message',NULL,NULL,NULL,0,'no','no',0,NULL,0,0,0,NULL,0),(1012,13,14,'',NULL,0,NULL,NULL,NULL,NULL,'deleted','private_message',NULL,NULL,NULL,0,'no','no',0,NULL,0,0,0,NULL,0),(1013,14,13,'',NULL,0,NULL,NULL,NULL,NULL,'deleted','private_message',NULL,NULL,NULL,0,'no','no',0,NULL,0,0,0,NULL,0),(1014,12,14,'',NULL,0,NULL,NULL,NULL,NULL,'deleted','private_message',NULL,NULL,NULL,0,'no','no',0,NULL,0,0,0,NULL,0),(1015,12,15,'',NULL,0,NULL,NULL,NULL,NULL,'deleted','private_message',NULL,NULL,NULL,0,'no','no',0,NULL,0,0,0,NULL,0),(1016,12,22,'','<p>апвап</p>\r\n<p></p>',0,NULL,NULL,NULL,NULL,'unread','private_message',NULL,NULL,NULL,0,'no','no',1386172735,NULL,0,0,0,NULL,0),(1017,12,22,'','<p>ываываыва</p>\r\n<p></p>',0,NULL,NULL,NULL,NULL,'unread','private_message',NULL,NULL,NULL,0,'no','no',1386172738,NULL,0,0,0,NULL,0),(1018,12,22,'','<p>1111111111111111111</p>',0,NULL,NULL,NULL,NULL,'unread','private_message',NULL,NULL,NULL,0,'no','no',1386172743,NULL,0,0,0,NULL,0),(1019,14,13,'','<p>f</p>',0,NULL,NULL,NULL,NULL,'read','private_message',NULL,NULL,NULL,0,'yes','no',1386172747,NULL,0,0,0,NULL,0),(1020,12,22,'',NULL,0,NULL,NULL,NULL,NULL,'deleted','private_message',NULL,NULL,NULL,0,'no','no',0,NULL,0,0,0,NULL,0),(1021,12,22,'',NULL,0,NULL,NULL,NULL,NULL,'deleted','private_message',NULL,NULL,NULL,0,'no','no',0,NULL,0,0,0,NULL,0),(1022,14,13,'',NULL,0,NULL,NULL,NULL,NULL,'deleted','private_message',NULL,NULL,NULL,0,'no','no',0,NULL,0,0,0,NULL,0),(1023,14,13,'',NULL,0,NULL,NULL,NULL,NULL,'deleted','private_message',NULL,NULL,NULL,0,'no','no',0,NULL,0,0,0,NULL,0),(1024,14,13,'','<p>adfgadf</p>',0,NULL,NULL,NULL,NULL,'read','private_message',NULL,NULL,NULL,0,'yes','no',1386173184,NULL,0,0,0,NULL,0),(1025,14,13,'','<p>dsgdasgfa</p>',0,NULL,NULL,NULL,NULL,'read','private_message',NULL,NULL,NULL,0,'yes','no',1386173186,NULL,0,0,0,NULL,0),(1026,14,13,'','<p>dfagasdgdf</p>',0,NULL,NULL,NULL,NULL,'read','private_message',NULL,NULL,NULL,0,'yes','no',1386173188,NULL,0,0,0,NULL,0),(1027,14,13,'','<p>asdgasdeg</p>',0,NULL,NULL,NULL,NULL,'read','private_message',NULL,NULL,NULL,0,'yes','no',1386173190,NULL,0,0,0,NULL,0),(1028,14,13,'',NULL,0,NULL,NULL,NULL,NULL,'deleted','private_message',NULL,NULL,NULL,0,'no','no',0,NULL,0,0,0,NULL,0),(1029,14,13,'','<p>sdgdfg</p>',0,NULL,NULL,NULL,NULL,'read','private_message',NULL,NULL,NULL,0,'yes','no',1386173195,NULL,0,0,0,NULL,0),(1030,14,13,'','<p>asdgasdgsd</p>',0,NULL,NULL,NULL,NULL,'read','private_message',NULL,NULL,NULL,0,'yes','no',1386173197,NULL,0,0,0,NULL,0),(1031,14,13,'','<p>asdgfdabhf</p>',0,NULL,NULL,NULL,NULL,'read','private_message',NULL,NULL,NULL,0,'yes','no',1386173199,NULL,0,0,0,NULL,0),(1032,14,13,'',NULL,0,NULL,NULL,NULL,NULL,'deleted','private_message',NULL,NULL,NULL,0,'no','no',0,NULL,0,0,0,NULL,0),(1033,14,13,'',NULL,0,NULL,NULL,NULL,NULL,'deleted','private_message',NULL,NULL,NULL,0,'no','no',0,NULL,0,0,0,NULL,0),(1034,14,0,'',NULL,0,NULL,NULL,NULL,NULL,'deleted','private_message',NULL,NULL,NULL,0,'no','no',0,NULL,0,0,0,NULL,0),(1035,14,0,'',NULL,0,NULL,NULL,NULL,NULL,'deleted','private_message',NULL,NULL,NULL,0,'no','no',0,NULL,0,0,0,NULL,0),(1036,14,13,'',NULL,0,NULL,NULL,NULL,NULL,'deleted','private_message',NULL,NULL,NULL,0,'no','no',0,NULL,0,0,0,NULL,0),(1037,13,14,'',NULL,0,NULL,NULL,NULL,NULL,'deleted','private_message',NULL,NULL,NULL,0,'no','no',0,NULL,0,0,0,NULL,0),(1038,13,14,'',NULL,0,NULL,NULL,NULL,NULL,'deleted','private_message',NULL,NULL,NULL,0,'no','no',0,NULL,0,0,0,NULL,0),(1039,13,14,'',NULL,0,NULL,NULL,NULL,NULL,'deleted','private_message',NULL,NULL,NULL,0,'no','no',0,NULL,0,0,0,NULL,0),(1040,13,14,'',NULL,0,NULL,NULL,NULL,NULL,'deleted','private_message',NULL,NULL,NULL,0,'no','no',0,NULL,0,0,0,NULL,0),(1041,14,0,'',NULL,0,NULL,NULL,NULL,NULL,'deleted','private_message',NULL,NULL,NULL,0,'no','no',0,NULL,0,0,0,NULL,0),(1042,12,22,'',NULL,0,NULL,NULL,NULL,NULL,'deleted','private_message',NULL,NULL,NULL,0,'no','no',0,NULL,0,0,0,NULL,0),(1043,14,0,'',NULL,0,NULL,NULL,NULL,NULL,'deleted','news',NULL,NULL,NULL,0,'no','no',0,NULL,0,0,0,NULL,0),(1044,14,13,'',NULL,0,NULL,NULL,NULL,NULL,'deleted','private_message',NULL,NULL,NULL,0,'no','no',0,NULL,0,0,0,NULL,0),(1045,14,13,'',NULL,0,NULL,NULL,NULL,NULL,'deleted','private_message',NULL,NULL,NULL,0,'no','no',0,NULL,0,0,0,NULL,0),(1046,13,14,'',NULL,0,NULL,NULL,NULL,NULL,'deleted','private_message',NULL,NULL,NULL,0,'no','no',0,NULL,0,0,0,NULL,0),(1047,14,13,'',NULL,0,NULL,NULL,NULL,NULL,'deleted','private_message',NULL,NULL,NULL,0,'no','no',0,NULL,0,0,0,NULL,0),(1048,14,0,'',NULL,0,NULL,NULL,NULL,NULL,'deleted','news',NULL,NULL,NULL,0,'no','no',0,NULL,0,0,0,NULL,0),(1049,14,0,'',NULL,0,NULL,NULL,NULL,NULL,'deleted','news',NULL,NULL,NULL,0,'no','no',0,NULL,0,0,0,NULL,0),(1050,13,14,'',NULL,0,NULL,NULL,NULL,NULL,'deleted','private_message',NULL,NULL,NULL,0,'no','no',0,NULL,0,0,0,NULL,0),(1051,13,14,'',NULL,0,NULL,NULL,NULL,NULL,'deleted','private_message',NULL,NULL,NULL,0,'no','no',0,NULL,0,0,0,NULL,0),(1052,13,14,'',NULL,0,NULL,NULL,NULL,NULL,'deleted','private_message',NULL,NULL,NULL,0,'no','no',0,NULL,0,0,0,NULL,0),(1053,14,13,'',NULL,0,NULL,NULL,NULL,NULL,'deleted','private_message',NULL,NULL,NULL,0,'no','no',0,NULL,0,0,0,NULL,0),(1054,14,13,'',NULL,0,NULL,NULL,NULL,NULL,'deleted','private_message',NULL,NULL,NULL,0,'no','no',0,NULL,0,0,0,NULL,0),(1055,14,13,'Ntvt','agsdfgasdhfbaislj',0,NULL,NULL,NULL,NULL,'read','private_message',NULL,NULL,NULL,1386647982,'no','no',1386647982,NULL,0,0,0,NULL,0),(1056,14,13,'',NULL,0,NULL,NULL,NULL,NULL,'deleted','private_message',NULL,NULL,NULL,0,'no','no',0,NULL,0,0,0,NULL,0),(1057,14,0,'',NULL,0,NULL,NULL,NULL,NULL,'deleted','private_message',NULL,NULL,NULL,0,'no','no',0,NULL,0,0,0,NULL,0),(1058,14,0,'',NULL,0,NULL,NULL,NULL,NULL,'deleted','news',NULL,NULL,NULL,0,'no','no',0,NULL,0,0,0,NULL,0),(1059,14,13,'',NULL,0,NULL,NULL,NULL,NULL,'deleted','private_message',NULL,NULL,NULL,0,'no','no',0,NULL,0,0,0,NULL,0),(1060,14,13,'',NULL,0,NULL,NULL,NULL,NULL,'deleted','private_message',NULL,NULL,NULL,0,'no','no',0,NULL,0,0,0,NULL,0),(1061,14,13,'','<p>фваыпфывп</p>',0,NULL,NULL,NULL,NULL,'read','private_message',NULL,NULL,NULL,0,'no','no',1386656914,NULL,0,0,0,NULL,0),(1062,14,13,'','<p>ывфпфывпфыв</p>',0,NULL,NULL,NULL,NULL,'read','private_message',NULL,NULL,NULL,0,'no','no',1386656917,NULL,0,0,0,NULL,0),(1063,14,13,'','<p>фывпывпфыв</p>',0,NULL,NULL,NULL,NULL,'read','private_message',NULL,NULL,NULL,0,'no','no',1386656919,NULL,0,0,0,NULL,0),(1064,14,13,'','<p>фавпфвапмыв</p>',0,NULL,NULL,NULL,NULL,'read','private_message',NULL,NULL,NULL,0,'no','no',1386656921,NULL,0,0,0,NULL,0),(1065,14,13,'','<p>вапрфвапывав</p>',0,NULL,NULL,NULL,NULL,'read','private_message',NULL,NULL,NULL,0,'no','no',1386656924,NULL,0,0,0,NULL,0),(1066,14,13,'','<p>чаптчапрвп</p>',0,NULL,NULL,NULL,NULL,'read','private_message',NULL,NULL,NULL,0,'no','no',1386656932,NULL,0,0,0,NULL,0),(1067,14,13,'',NULL,0,NULL,NULL,NULL,NULL,'deleted','private_message',NULL,NULL,NULL,0,'no','no',0,NULL,0,0,0,NULL,0),(1068,14,13,'',NULL,0,NULL,NULL,NULL,NULL,'deleted','private_message',NULL,NULL,NULL,0,'no','no',0,NULL,0,0,0,NULL,0),(1069,14,13,'',NULL,0,NULL,NULL,NULL,NULL,'deleted','private_message',NULL,NULL,NULL,0,'no','no',0,NULL,0,0,0,NULL,0),(1070,12,14,'','готово, можно смотреть, правда без смайликов',0,NULL,NULL,NULL,NULL,'read','private_message',NULL,NULL,NULL,0,'no','no',1386879496,NULL,0,0,0,NULL,0),(1071,12,14,'',NULL,0,NULL,NULL,NULL,NULL,'deleted','private_message',NULL,NULL,NULL,0,'no','no',0,NULL,0,0,0,NULL,0),(1072,12,14,'',NULL,0,NULL,NULL,NULL,NULL,'deleted','private_message',NULL,NULL,NULL,0,'no','no',0,NULL,0,0,0,NULL,0),(1073,12,15,'',NULL,0,NULL,NULL,NULL,NULL,'deleted','private_message',NULL,NULL,NULL,0,'no','no',0,NULL,0,0,0,NULL,0),(1074,13,14,'',NULL,0,NULL,NULL,NULL,NULL,'deleted','private_message',NULL,NULL,NULL,0,'no','no',0,NULL,0,0,0,NULL,0),(1075,13,14,'',NULL,0,NULL,NULL,NULL,NULL,'deleted','private_message',NULL,NULL,NULL,0,'no','no',0,NULL,0,0,0,NULL,0),(1076,13,14,'',NULL,0,NULL,NULL,NULL,NULL,'deleted','private_message',NULL,NULL,NULL,0,'no','no',0,NULL,0,0,0,NULL,0),(1077,13,14,'',NULL,0,NULL,NULL,NULL,NULL,'deleted','private_message',NULL,NULL,NULL,0,'no','no',0,NULL,0,0,0,NULL,0),(1078,13,14,'',NULL,0,NULL,NULL,NULL,NULL,'deleted','private_message',NULL,NULL,NULL,0,'no','no',0,NULL,0,0,0,NULL,0),(1079,14,13,'',NULL,0,NULL,NULL,NULL,NULL,'deleted','private_message',NULL,NULL,NULL,0,'no','no',0,NULL,0,0,0,NULL,0),(1080,14,12,'',NULL,0,NULL,NULL,NULL,NULL,'deleted','private_message',NULL,NULL,NULL,0,'no','no',0,NULL,0,0,0,NULL,0),(1081,14,23,'',NULL,0,NULL,NULL,NULL,NULL,'deleted','private_message',NULL,NULL,NULL,0,'no','no',0,NULL,0,0,0,NULL,0),(1082,14,13,'','xfgjhngdfgh',0,NULL,NULL,NULL,NULL,'read','private_message',NULL,NULL,NULL,0,'no','no',1386909369,NULL,0,0,0,NULL,0),(1083,14,13,'','sjhfgjmfdg',0,NULL,NULL,NULL,NULL,'read','private_message',NULL,NULL,NULL,0,'no','no',1386909371,NULL,0,0,0,NULL,0),(1084,14,13,'','jghjxfgbhxcvhsdfgh',0,NULL,NULL,NULL,NULL,'read','private_message',NULL,NULL,NULL,0,'no','no',1386909374,NULL,0,0,0,NULL,0),(1085,14,13,'','hfghdfgsdhfgjk',0,NULL,NULL,NULL,NULL,'read','private_message',NULL,NULL,NULL,0,'no','no',1386909377,NULL,0,0,0,NULL,0),(1086,14,13,'','fgdjgyhjsdfawet',0,NULL,NULL,NULL,NULL,'read','private_message',NULL,NULL,NULL,0,'no','no',1386909380,NULL,0,0,0,NULL,0),(1087,14,13,'','gtfjuyliol;io',0,NULL,NULL,NULL,NULL,'read','private_message',NULL,NULL,NULL,0,'no','no',1386909383,NULL,0,0,0,NULL,0),(1088,14,13,'','asefawsegtfjty',0,NULL,NULL,NULL,NULL,'read','private_message',NULL,NULL,NULL,0,'no','no',1386909385,NULL,0,0,0,NULL,0),(1089,14,13,'',NULL,0,NULL,NULL,NULL,NULL,'deleted','private_message',NULL,NULL,NULL,0,'no','no',0,NULL,0,0,0,NULL,0),(1090,14,13,'',NULL,0,NULL,NULL,NULL,NULL,'deleted','private_message',NULL,NULL,NULL,0,'no','no',0,NULL,0,0,0,NULL,0),(1091,14,13,'',NULL,0,NULL,NULL,NULL,NULL,'deleted','private_message',NULL,NULL,NULL,0,'no','no',0,NULL,0,0,0,NULL,0),(1092,14,13,'',NULL,0,NULL,NULL,NULL,NULL,'deleted','private_message',NULL,NULL,NULL,0,'no','no',0,NULL,0,0,0,NULL,0),(1093,13,14,'',NULL,0,NULL,NULL,NULL,NULL,'deleted','private_message',NULL,NULL,NULL,0,'no','no',0,NULL,0,0,0,NULL,0),(1094,13,14,'',NULL,0,NULL,NULL,NULL,NULL,'deleted','private_message',NULL,NULL,NULL,0,'no','no',0,NULL,0,0,0,NULL,0),(1095,13,14,'',NULL,0,NULL,NULL,NULL,NULL,'deleted','private_message',NULL,NULL,NULL,0,'no','no',0,NULL,0,0,0,NULL,0),(1096,20,0,'',NULL,0,NULL,NULL,NULL,NULL,'deleted','news',NULL,NULL,NULL,0,'no','no',0,NULL,0,0,0,NULL,0),(1097,14,13,'','Сформировал цель, и постараюсь от неё не отступать!!!!!',0,NULL,NULL,NULL,NULL,'read','private_message',NULL,NULL,NULL,0,'no','no',1386911597,NULL,0,0,0,NULL,0),(1098,12,14,'',NULL,0,NULL,NULL,NULL,NULL,'deleted','private_message',NULL,NULL,NULL,0,'no','no',0,NULL,0,0,0,NULL,0),(1099,12,22,'',NULL,0,NULL,NULL,NULL,NULL,'deleted','private_message',NULL,NULL,NULL,0,'no','no',0,NULL,0,0,0,NULL,0),(1100,14,13,'',NULL,0,NULL,NULL,NULL,NULL,'deleted','private_message',NULL,NULL,NULL,0,'no','no',0,NULL,0,0,0,NULL,0),(1101,13,14,'',NULL,0,NULL,NULL,NULL,NULL,'deleted','private_message',NULL,NULL,NULL,0,'no','no',0,NULL,0,0,0,NULL,0),(1102,14,13,'',NULL,0,NULL,NULL,NULL,NULL,'deleted','private_message',NULL,NULL,NULL,0,'no','no',0,NULL,0,0,0,NULL,0),(1103,13,14,'',NULL,0,NULL,NULL,NULL,NULL,'deleted','private_message',NULL,NULL,NULL,0,'no','no',0,NULL,0,0,0,NULL,0),(1104,14,0,'',NULL,0,NULL,NULL,NULL,NULL,'deleted','news',NULL,NULL,NULL,0,'no','no',0,NULL,0,0,0,NULL,0),(1105,14,0,'',NULL,0,NULL,NULL,NULL,NULL,'deleted','private_message',NULL,NULL,NULL,0,'no','no',0,NULL,0,0,0,NULL,0),(1106,13,20,'','Абра кадабра',0,NULL,NULL,NULL,NULL,'read','private_message',NULL,NULL,NULL,0,'no','no',1386912832,NULL,0,0,0,NULL,0),(1107,13,14,'','Абра кадабра',0,NULL,NULL,NULL,NULL,'read','private_message',NULL,NULL,NULL,0,'no','no',1386912832,NULL,0,0,0,NULL,0),(1108,13,16,'','Абра кадабра',0,NULL,NULL,NULL,NULL,'unread','private_message',NULL,NULL,NULL,0,'no','no',1386912832,NULL,0,0,0,NULL,0),(1109,14,13,'',NULL,0,NULL,NULL,NULL,NULL,'deleted','private_message',NULL,NULL,NULL,0,'no','no',0,NULL,0,0,0,NULL,0),(1110,13,20,'',NULL,0,NULL,NULL,NULL,NULL,'deleted','private_message',NULL,NULL,NULL,0,'no','no',0,NULL,0,0,0,NULL,0),(1111,14,13,'',NULL,0,NULL,NULL,NULL,NULL,'deleted','private_message',NULL,NULL,NULL,0,'no','no',0,NULL,0,0,0,NULL,0),(1112,13,14,'',NULL,0,NULL,NULL,NULL,NULL,'deleted','private_message',NULL,NULL,NULL,0,'no','no',0,NULL,0,0,0,NULL,0),(1113,20,13,'',NULL,0,NULL,NULL,NULL,NULL,'deleted','private_message',NULL,NULL,NULL,0,'no','no',0,NULL,0,0,0,NULL,0),(1114,20,14,'',NULL,0,NULL,NULL,NULL,NULL,'deleted','private_message',NULL,NULL,NULL,0,'no','no',0,NULL,0,0,0,NULL,0),(1115,13,16,'',NULL,0,NULL,NULL,NULL,NULL,'deleted','private_message',NULL,NULL,NULL,0,'no','no',0,NULL,0,0,0,NULL,0),(1116,13,0,'',NULL,0,NULL,NULL,NULL,NULL,'deleted','private_message',NULL,NULL,NULL,0,'no','no',0,NULL,0,0,0,NULL,0),(1117,14,0,'Мужской подарочный набор на 23 февраля!','Мужской подарочный набор на 23 февраля! Дамам на заметку.\r\nУчень удобный набор, зима лето и отдых!',0,NULL,NULL,NULL,NULL,'deleted','news',NULL,NULL,NULL,1386913198,'no','yes',1386913198,NULL,0,4,1,'',3),(1118,16,14,'',NULL,0,NULL,NULL,NULL,NULL,'deleted','private_message',NULL,NULL,NULL,0,'no','no',0,NULL,0,0,0,NULL,0),(1119,20,14,'',NULL,0,NULL,NULL,NULL,NULL,'deleted','private_message',NULL,NULL,NULL,0,'no','no',0,NULL,0,0,0,NULL,0),(1120,14,0,'',NULL,0,NULL,NULL,NULL,NULL,'deleted','news',NULL,NULL,NULL,0,'no','no',0,NULL,0,0,0,NULL,0),(1121,14,13,'',NULL,0,NULL,NULL,NULL,NULL,'deleted','private_message',NULL,NULL,NULL,0,'no','no',0,NULL,0,0,0,NULL,0),(1122,14,0,'',NULL,0,NULL,NULL,NULL,NULL,'deleted','news',NULL,NULL,NULL,0,'no','no',0,NULL,0,0,0,NULL,0),(1123,21,0,'',NULL,0,NULL,NULL,NULL,NULL,'deleted','private_message',NULL,NULL,NULL,0,'no','no',0,NULL,0,0,0,NULL,0),(1124,12,22,'',NULL,0,NULL,NULL,NULL,NULL,'deleted','private_message',NULL,NULL,NULL,0,'no','no',0,NULL,0,0,0,NULL,0),(1125,14,0,'',NULL,0,NULL,NULL,NULL,NULL,'deleted','private_message',NULL,NULL,NULL,0,'no','no',0,NULL,0,0,0,NULL,0),(1126,14,0,'',NULL,0,NULL,NULL,NULL,NULL,'deleted','news',NULL,NULL,NULL,0,'no','no',0,NULL,0,0,0,NULL,0),(1127,14,0,'',NULL,0,NULL,NULL,NULL,NULL,'deleted','news',NULL,NULL,NULL,0,'no','no',0,NULL,0,0,0,NULL,0),(1128,14,20,'','Молдаване вышли на новый уровень в качестве отделки, вот так выглядит обычная Московская полуторка!',0,NULL,NULL,NULL,NULL,'read','private_message',NULL,NULL,NULL,0,'no','no',1387443014,NULL,0,0,0,NULL,0),(1129,14,13,'','Молдаване вышли на новый уровень в качестве отделки, вот так выглядит обычная Московская полуторка!',0,NULL,NULL,NULL,NULL,'read','private_message',NULL,NULL,NULL,0,'no','no',1387443014,NULL,0,0,0,NULL,0),(1130,14,13,'',NULL,0,NULL,NULL,NULL,NULL,'deleted','private_message',NULL,NULL,NULL,0,'no','no',0,NULL,0,0,0,NULL,0),(1131,14,13,'',NULL,0,NULL,NULL,NULL,NULL,'deleted','private_message',NULL,NULL,NULL,0,'no','no',0,NULL,0,0,0,NULL,0),(1132,13,14,'',NULL,0,NULL,NULL,NULL,NULL,'deleted','private_message',NULL,NULL,NULL,0,'no','no',0,NULL,0,0,0,NULL,0),(1133,13,14,'',NULL,0,NULL,NULL,NULL,NULL,'deleted','private_message',NULL,NULL,NULL,0,'no','no',0,NULL,0,0,0,NULL,0),(1134,14,13,'',NULL,0,NULL,NULL,NULL,NULL,'deleted','private_message',NULL,NULL,NULL,0,'no','no',0,NULL,0,0,0,NULL,0),(1135,16,14,'',NULL,0,NULL,NULL,NULL,NULL,'deleted','private_message',NULL,NULL,NULL,0,'no','no',0,NULL,0,0,0,NULL,0),(1136,14,13,'',NULL,0,NULL,NULL,NULL,NULL,'deleted','private_message',NULL,NULL,NULL,0,'no','no',0,NULL,0,0,0,NULL,0),(1137,14,20,'',NULL,0,NULL,NULL,NULL,NULL,'deleted','private_message',NULL,NULL,NULL,0,'no','no',0,NULL,0,0,0,NULL,0),(1138,20,14,'',NULL,0,NULL,NULL,NULL,NULL,'deleted','private_message',NULL,NULL,NULL,0,'no','no',0,NULL,0,0,0,NULL,0),(1139,12,15,'','123123',0,NULL,NULL,NULL,NULL,'unread','private_message',NULL,NULL,NULL,0,'no','no',1387443120,NULL,0,0,0,NULL,0),(1140,12,15,'',NULL,0,NULL,NULL,NULL,NULL,'deleted','private_message',NULL,NULL,NULL,0,'no','no',0,NULL,0,0,0,NULL,0),(1141,12,15,'','11',0,NULL,NULL,NULL,NULL,'unread','private_message',NULL,NULL,NULL,0,'no','no',1387443147,NULL,0,0,0,NULL,0),(1142,12,22,'','11',0,NULL,NULL,NULL,NULL,'unread','private_message',NULL,NULL,NULL,0,'no','no',1387443147,NULL,0,0,0,NULL,0),(1143,12,22,'',NULL,0,NULL,NULL,NULL,NULL,'deleted','private_message',NULL,NULL,NULL,0,'no','no',0,NULL,0,0,0,NULL,0),(1144,16,13,'',NULL,0,NULL,NULL,NULL,NULL,'deleted','private_message',NULL,NULL,NULL,0,'no','no',0,NULL,0,0,0,NULL,0),(1145,16,14,'',NULL,0,NULL,NULL,NULL,NULL,'deleted','private_message',NULL,NULL,NULL,0,'no','no',0,NULL,0,0,0,NULL,0),(1146,12,15,'','22',0,NULL,NULL,NULL,NULL,'unread','private_message',NULL,NULL,NULL,0,'no','no',1387443389,NULL,0,0,0,NULL,0),(1147,12,22,'','22',0,NULL,NULL,NULL,NULL,'unread','private_message',NULL,NULL,NULL,0,'no','no',1387443389,NULL,0,0,0,NULL,0),(1148,12,22,'',NULL,0,NULL,NULL,NULL,NULL,'deleted','private_message',NULL,NULL,NULL,0,'no','no',0,NULL,0,0,0,NULL,0),(1149,12,15,'','33',0,NULL,NULL,NULL,NULL,'unread','private_message',NULL,NULL,NULL,0,'no','no',1387443495,NULL,0,0,0,NULL,0),(1150,12,22,'','33',0,NULL,NULL,NULL,NULL,'unread','private_message',NULL,NULL,NULL,0,'no','no',1387443495,NULL,0,0,0,NULL,0),(1151,12,22,'',NULL,0,NULL,NULL,NULL,NULL,'deleted','private_message',NULL,NULL,NULL,0,'no','no',0,NULL,0,0,0,NULL,0),(1152,12,15,'','11',0,NULL,NULL,NULL,NULL,'unread','private_message',NULL,NULL,NULL,0,'no','no',1387443539,NULL,0,0,0,NULL,0),(1153,12,22,'','11',0,NULL,NULL,NULL,NULL,'unread','private_message',NULL,NULL,NULL,0,'no','no',1387443539,NULL,0,0,0,NULL,0),(1154,12,22,'',NULL,0,NULL,NULL,NULL,NULL,'deleted','private_message',NULL,NULL,NULL,0,'no','no',0,NULL,0,0,0,NULL,0),(1155,12,15,'','3',0,NULL,NULL,NULL,NULL,'unread','private_message',NULL,NULL,NULL,0,'no','no',1387443649,NULL,0,0,0,NULL,0),(1156,12,22,'','3',0,NULL,NULL,NULL,NULL,'unread','private_message',NULL,NULL,NULL,0,'no','no',1387443649,NULL,0,0,0,NULL,0),(1157,12,0,'',NULL,0,NULL,NULL,NULL,NULL,'deleted','private_message',NULL,NULL,NULL,0,'no','no',0,NULL,0,0,0,NULL,0),(1158,12,22,'',NULL,0,NULL,NULL,NULL,NULL,'deleted','private_message',NULL,NULL,NULL,0,'no','no',0,NULL,0,0,0,NULL,0),(1159,12,22,'',NULL,0,NULL,NULL,NULL,NULL,'deleted','private_message',NULL,NULL,NULL,0,'no','no',0,NULL,0,0,0,NULL,0),(1160,12,0,'',NULL,0,NULL,NULL,NULL,NULL,'deleted','private_message',NULL,NULL,NULL,0,'no','no',0,NULL,0,0,0,NULL,0),(1161,12,15,'',NULL,0,NULL,NULL,NULL,NULL,'deleted','private_message',NULL,NULL,NULL,0,'no','no',0,NULL,0,0,0,NULL,0),(1162,12,22,'',NULL,0,NULL,NULL,NULL,NULL,'deleted','private_message',NULL,NULL,NULL,0,'no','no',0,NULL,0,0,0,NULL,0),(1163,12,0,'',NULL,0,NULL,NULL,NULL,NULL,'deleted','private_message',NULL,NULL,NULL,0,'no','no',0,NULL,0,0,0,NULL,0),(1164,12,22,'',NULL,0,NULL,NULL,NULL,NULL,'deleted','private_message',NULL,NULL,NULL,0,'no','no',0,NULL,0,0,0,NULL,0),(1165,12,15,'','23',0,NULL,NULL,NULL,NULL,'unread','private_message',NULL,NULL,NULL,0,'no','no',1387444493,NULL,0,0,0,NULL,0),(1166,12,22,'','23',0,NULL,NULL,NULL,NULL,'unread','private_message',NULL,NULL,NULL,0,'no','no',1387444493,NULL,0,0,0,NULL,0),(1167,12,22,'',NULL,0,NULL,NULL,NULL,NULL,'deleted','private_message',NULL,NULL,NULL,0,'no','no',0,NULL,0,0,0,NULL,0),(1168,12,15,'','1',0,NULL,NULL,NULL,NULL,'unread','private_message',NULL,NULL,NULL,0,'no','no',1387444827,NULL,0,0,0,NULL,0),(1169,12,22,'','1',0,NULL,NULL,NULL,NULL,'unread','private_message',NULL,NULL,NULL,0,'no','no',1387444827,NULL,0,0,0,NULL,0),(1170,12,15,'','2',0,NULL,NULL,NULL,NULL,'unread','private_message',NULL,NULL,NULL,0,'no','no',1387444858,NULL,0,0,0,NULL,0),(1171,12,22,'','2',0,NULL,NULL,NULL,NULL,'unread','private_message',NULL,NULL,NULL,0,'no','no',1387444858,NULL,0,0,0,NULL,0),(1172,12,22,'',NULL,0,NULL,NULL,NULL,NULL,'deleted','private_message',NULL,NULL,NULL,0,'no','no',0,NULL,0,0,0,NULL,0),(1173,12,0,'',NULL,0,NULL,NULL,NULL,NULL,'deleted','private_message',NULL,NULL,NULL,0,'no','no',0,NULL,0,0,0,NULL,0),(1174,12,0,'',NULL,0,NULL,NULL,NULL,NULL,'deleted','private_message',NULL,NULL,NULL,0,'no','no',0,NULL,0,0,0,NULL,0),(1175,14,20,'',NULL,0,NULL,NULL,NULL,NULL,'deleted','private_message',NULL,NULL,NULL,0,'no','no',0,NULL,0,0,0,NULL,0),(1176,14,16,'',NULL,0,NULL,NULL,NULL,NULL,'deleted','private_message',NULL,NULL,NULL,0,'no','no',0,NULL,0,0,0,NULL,0),(1177,12,15,'','34',0,NULL,NULL,NULL,NULL,'read','private_message',NULL,NULL,NULL,0,'no','no',1387446029,NULL,0,0,0,NULL,0),(1178,12,22,'','34',0,NULL,NULL,NULL,NULL,'unread','private_message',NULL,NULL,NULL,0,'no','no',1387445732,NULL,0,0,0,NULL,0),(1179,12,22,'','34',0,NULL,NULL,NULL,NULL,'unread','private_message',NULL,NULL,NULL,0,'no','no',1387445828,NULL,0,0,0,NULL,0),(1180,12,22,'','34',0,NULL,NULL,NULL,NULL,'unread','private_message',NULL,NULL,NULL,0,'no','no',1387445901,NULL,0,0,0,NULL,0),(1181,12,22,'','34',0,NULL,NULL,NULL,NULL,'unread','private_message',NULL,NULL,NULL,0,'no','no',1387445932,NULL,0,0,0,NULL,0),(1182,12,22,'','34',0,NULL,NULL,NULL,NULL,'unread','private_message',NULL,NULL,NULL,0,'no','no',1387445949,NULL,0,0,0,NULL,0),(1183,12,22,'','34',0,NULL,NULL,NULL,NULL,'unread','private_message',NULL,NULL,NULL,0,'no','no',1387446029,NULL,0,0,0,NULL,0),(1184,12,15,'','344',0,NULL,NULL,NULL,NULL,'read','private_message',NULL,NULL,NULL,0,'no','no',1387446077,NULL,0,0,0,NULL,0),(1185,12,22,'','344',0,NULL,NULL,NULL,NULL,'unread','private_message',NULL,NULL,NULL,0,'no','no',1387446077,NULL,0,0,0,NULL,0),(1186,12,22,'',NULL,0,NULL,NULL,NULL,NULL,'deleted','private_message',NULL,NULL,NULL,0,'no','no',0,NULL,0,0,0,NULL,0),(1187,12,22,'',NULL,0,NULL,NULL,NULL,NULL,'deleted','private_message',NULL,NULL,NULL,0,'no','no',0,NULL,0,0,0,NULL,0),(1188,12,15,'',NULL,0,NULL,NULL,NULL,NULL,'deleted','private_message',NULL,NULL,NULL,0,'no','no',0,NULL,0,0,0,NULL,0),(1189,14,20,'','вот как то так',0,NULL,NULL,NULL,NULL,'read','private_message',NULL,NULL,NULL,0,'no','no',1387446280,NULL,0,0,0,NULL,0),(1190,14,13,'','вот как то так',0,NULL,NULL,NULL,NULL,'read','private_message',NULL,NULL,NULL,0,'no','no',1387446280,NULL,0,0,0,NULL,0),(1191,14,16,'','вот как то так',0,NULL,NULL,NULL,NULL,'read','private_message',NULL,NULL,NULL,0,'no','no',1387446280,NULL,0,0,0,NULL,0),(1192,14,13,'',NULL,0,NULL,NULL,NULL,NULL,'deleted','private_message',NULL,NULL,NULL,0,'no','no',0,NULL,0,0,0,NULL,0),(1193,14,20,'',NULL,0,NULL,NULL,NULL,NULL,'deleted','private_message',NULL,NULL,NULL,0,'no','no',0,NULL,0,0,0,NULL,0),(1194,14,16,'',NULL,0,NULL,NULL,NULL,NULL,'deleted','private_message',NULL,NULL,NULL,0,'no','no',0,NULL,0,0,0,NULL,0),(1195,32,0,'Добро пожаловать!','&nbsp; Рады приветствовать вас на нашем сайте, а точнее на его Российской части. Мы являемся официальной страницей сервиса Comiron на територрии всей Российской Федерации. От нас вы будите получать всю самую свежую информацию касательно сервиса, а так же отвечать на наиболее важные вопросы присылаемые нам на страницу. Так что приятного общения и успехов в работе вместе с comiron.com',0,NULL,NULL,NULL,NULL,'new','news',NULL,NULL,NULL,1387478262,'no','no',1387478262,NULL,0,0,0,'',0),(1196,13,14,'','',0,NULL,NULL,NULL,NULL,'read','private_message',NULL,NULL,NULL,0,'no','no',1387547864,NULL,0,0,0,NULL,0),(1197,13,14,'',NULL,0,NULL,NULL,NULL,NULL,'deleted','private_message',NULL,NULL,NULL,0,'no','no',0,NULL,0,0,0,NULL,0),(1198,14,13,'',NULL,0,NULL,NULL,NULL,NULL,'deleted','private_message',NULL,NULL,NULL,0,'no','no',0,NULL,0,0,0,NULL,0),(1199,13,14,'',NULL,0,NULL,NULL,NULL,NULL,'deleted','private_message',NULL,NULL,NULL,0,'no','no',0,NULL,0,0,0,NULL,0),(1200,14,13,'',NULL,0,NULL,NULL,NULL,NULL,'deleted','private_message',NULL,NULL,NULL,0,'no','no',0,NULL,0,0,0,NULL,0),(1201,14,23,'',NULL,0,NULL,NULL,NULL,NULL,'deleted','private_message',NULL,NULL,NULL,0,'no','no',0,NULL,0,0,0,NULL,0),(1202,14,20,'',NULL,0,NULL,NULL,NULL,NULL,'deleted','private_message',NULL,NULL,NULL,0,'no','no',0,NULL,0,0,0,NULL,0),(1203,14,13,'',NULL,0,NULL,NULL,NULL,NULL,'deleted','private_message',NULL,NULL,NULL,0,'no','no',0,NULL,0,0,0,NULL,0),(1204,14,16,'',NULL,0,NULL,NULL,NULL,NULL,'deleted','private_message',NULL,NULL,NULL,0,'no','no',0,NULL,0,0,0,NULL,0),(1205,14,13,'',NULL,0,NULL,NULL,NULL,NULL,'deleted','private_message',NULL,NULL,NULL,0,'no','no',0,NULL,0,0,0,NULL,0),(1206,14,13,'',NULL,0,NULL,NULL,NULL,NULL,'deleted','private_message',NULL,NULL,NULL,0,'no','no',0,NULL,0,0,0,NULL,0),(1207,14,23,'',NULL,0,NULL,NULL,NULL,NULL,'deleted','private_message',NULL,NULL,NULL,0,'no','no',0,NULL,0,0,0,NULL,0),(1208,14,0,'',NULL,0,NULL,NULL,NULL,NULL,'deleted','private_message',NULL,NULL,NULL,0,'no','no',0,NULL,0,0,0,NULL,0),(1209,23,14,'Здарова','тут чувак мак продает но на 22\" всего, и корь ай 3, лажа?',0,NULL,NULL,NULL,NULL,'read','private_message',NULL,NULL,NULL,1387774333,'no','no',1387774333,NULL,0,0,0,NULL,0),(1210,14,23,'','Ну да, шляпа!',0,NULL,NULL,NULL,NULL,'read','private_message',NULL,NULL,NULL,0,'no','no',1387774773,NULL,0,0,0,NULL,0),(1211,14,23,'','Лучше макбук или домашний 27 на кор ай 5',0,NULL,NULL,NULL,NULL,'unread','private_message',NULL,NULL,NULL,0,'no','no',1387774791,NULL,0,0,0,NULL,0),(1212,14,23,'',NULL,0,NULL,NULL,NULL,NULL,'deleted','private_message',NULL,NULL,NULL,0,'no','no',0,NULL,0,0,0,NULL,0),(1213,14,23,'',NULL,0,NULL,NULL,NULL,NULL,'deleted','private_message',NULL,NULL,NULL,0,'no','no',0,NULL,0,0,0,NULL,0),(1214,23,14,'',NULL,0,NULL,NULL,NULL,NULL,'deleted','private_message',NULL,NULL,NULL,0,'no','no',0,NULL,0,0,0,NULL,0),(1215,14,23,'',NULL,0,NULL,NULL,NULL,NULL,'deleted','private_message',NULL,NULL,NULL,0,'no','no',0,NULL,0,0,0,NULL,0),(1216,14,23,'',NULL,0,NULL,NULL,NULL,NULL,'deleted','private_message',NULL,NULL,NULL,0,'no','no',0,NULL,0,0,0,NULL,0),(1217,14,0,'Угадай КТО???','&nbsp; Вчера увидел это чудо, вообще это слон!!!! Но вот мне например больше чертика!!!',0,NULL,NULL,NULL,NULL,'new','news',NULL,NULL,NULL,1387878630,'no','no',1387878630,NULL,0,0,0,'',1),(1218,13,14,'','',0,NULL,NULL,NULL,NULL,'read','private_message',NULL,NULL,NULL,0,'no','no',1387979275,NULL,0,0,0,NULL,0),(1219,13,14,'',NULL,0,NULL,NULL,NULL,NULL,'deleted','private_message',NULL,NULL,NULL,0,'no','no',0,NULL,0,0,0,NULL,0),(1220,14,23,'',NULL,0,NULL,NULL,NULL,NULL,'deleted','private_message',NULL,NULL,NULL,0,'no','no',0,NULL,0,0,0,NULL,0),(1221,14,13,'',NULL,0,NULL,NULL,NULL,NULL,'deleted','private_message',NULL,NULL,NULL,0,'no','no',0,NULL,0,0,0,NULL,0),(1222,14,0,'ВОТ ЭТО ПАКАПИЩЕ!!!!!','&nbsp; Американское отделение Ford собирается представить на открывающемся в январе 2014 года Детройтском автосалоне очередную генерацию своего бестселлера &mdash; пикапа F-150, сообщает&nbsp;Bloomberg&nbsp;со ссылкой на источники в компании.\r\n&nbsp; Ожидается, что дизайн нового пикапа будет создан на основе показанного почти год назад концепта&nbsp;Ford Atlas. Автомобиль сохранит свою узнаваемую брутальную внешность, приобретя ряд более современных черт. Однако главное не в этом: по информации из компании, самая популярная на североамериканском рынке модель получит полностью алюминиевый кузов.\r\n&nbsp; Для чего американцам понадобились столь кардинальные перемены? Ответ прост: ради повышения топливной экономичности автомобиль должен стать легче. В частности, благодаря алюминию компания планирует снизить вес пикапа примерно на 340 кг.\r\n&nbsp; Еще одним способом повышения экономичности станет новый двигатель семейства EcoBoost объемом 2,7 литра с турбонаддувом. До этого, напомним, самый скромный из предлагавшихся для F-150 моторов имел рабочий объем 3,5 литра. Правда, пока не известно, какие мощность и момент будет выдавать новый двигатель. Зато в Ford рассчитывают, что благодаря всем инновациям расход топлива у F-150 составит около 12,6 литров на 100 км (против более чем 16 литров у нынешнего поколения модели).\r\n&nbsp; Кроме того, не исключается и появление гибридной модификации пикапа.\r\n&nbsp; Официальная презентация новинки, как ожидается, состоится 13 января 2014 года (представители Ford официально не говорят, какие конкретно модели будут представлены),&nbsp;а начало продаж в Америке начнется только во второй половине 2014 года. Столь долгий срок ожидания связан с необходимостью серьезного переоборудования сборочных линий из-за перехода на алюминийЧитать полностью:http://news.drom.ru/Ford-F-150-26496.html\r\nрепост www.drom.ru',0,NULL,NULL,NULL,NULL,'new','news',NULL,NULL,NULL,1388030826,'no','no',1388030826,NULL,0,0,0,'',1),(1223,14,13,'',NULL,0,NULL,NULL,NULL,NULL,'deleted','private_message',NULL,NULL,NULL,0,'no','no',0,NULL,0,0,0,NULL,0),(1224,14,13,'','Первую фотку скинь получше! может на почту - пока мы еще конвертер на comironЕ не сделали',0,NULL,NULL,NULL,NULL,'read','private_message',NULL,NULL,NULL,0,'no','no',1388080569,NULL,0,0,0,NULL,0),(1225,14,13,'',NULL,0,NULL,NULL,NULL,NULL,'deleted','private_message',NULL,NULL,NULL,0,'no','no',0,NULL,0,0,0,NULL,0),(1226,14,0,'Супер футболка!','Хочу такую, у них еще штаны есть. Дак это вообще супер. Можно небояться в дороге, в самолете, при поездках далеко. Очень удобно! Еще для автомобиля надо такое покрытие! Кстати а вот и идея!',0,NULL,NULL,NULL,NULL,'deleted','news',NULL,NULL,NULL,1388114742,'no','yes',1388114742,NULL,0,2,1,'',1),(1227,20,14,'',NULL,0,NULL,NULL,NULL,NULL,'deleted','private_message',NULL,NULL,NULL,0,'no','no',0,NULL,0,0,0,NULL,0),(1228,20,14,'',NULL,0,NULL,NULL,NULL,NULL,'deleted','private_message',NULL,NULL,NULL,0,'no','no',0,NULL,0,0,0,NULL,0),(1229,20,14,'',NULL,0,NULL,NULL,NULL,NULL,'deleted','private_message',NULL,NULL,NULL,0,'no','no',0,NULL,0,0,0,NULL,0),(1230,20,14,'',NULL,0,NULL,NULL,NULL,NULL,'deleted','private_message',NULL,NULL,NULL,0,'no','no',0,NULL,0,0,0,NULL,0),(1231,14,20,'','Ну ты бабер!',0,NULL,NULL,NULL,NULL,'read','private_message',NULL,NULL,NULL,1388122789,'no','no',1388122789,NULL,0,0,0,NULL,0),(1232,14,13,'',NULL,0,NULL,NULL,NULL,NULL,'deleted','private_message',NULL,NULL,NULL,0,'no','no',0,NULL,0,0,0,NULL,0),(1233,20,14,'',NULL,0,NULL,NULL,NULL,NULL,'deleted','private_message',NULL,NULL,NULL,0,'no','no',0,NULL,0,0,0,NULL,0),(1234,20,14,'',NULL,0,NULL,NULL,NULL,NULL,'deleted','private_message',NULL,NULL,NULL,0,'no','no',0,NULL,0,0,0,NULL,0),(1235,20,14,'',NULL,0,NULL,NULL,NULL,NULL,'deleted','private_message',NULL,NULL,NULL,0,'no','no',0,NULL,0,0,0,NULL,0),(1236,20,14,'',NULL,0,NULL,NULL,NULL,NULL,'deleted','private_message',NULL,NULL,NULL,0,'no','no',0,NULL,0,0,0,NULL,0),(1237,20,0,'Наша Бэлка)','В новогодние праздники решили мы поехать покататься на снегоходе и тюбинге) приезжаем на стоянку а оттуда выпригивает мохнатый белый медвежонок!) Бэлка Бэлкаааааа..))))&nbsp;Вот уж ей счастья привалило, она носится вокруг, со всеми заигрывает, хвостом машет)&nbsp;Катали мы её на тюбинге =) можно сказать ей понравилось, даже слазить не хотела!))&nbsp;Мы сами с ней наигрались) а под вечер она уже успокоилась, бежать никуда не хочет, лезет к Антону нежится!)&nbsp;Крутая собака!!!&nbsp;&nbsp;а там ещё деток много было, она от одного, к другому, носится туда обратно возле них, и две женщины рядом проходили, Бэлка за ними, а они: ой ой а она не укусит?! - Она вас залижет)))) хихи!!))) \r\nВобщем она наш суровый охранник!) хаха',0,NULL,NULL,NULL,NULL,'deleted','news',NULL,NULL,NULL,1388724328,'no','yes',1388724328,NULL,0,0,0,'',0),(1238,16,14,'',NULL,0,NULL,NULL,NULL,NULL,'deleted','private_message',NULL,NULL,NULL,0,'no','no',0,NULL,0,0,0,NULL,0),(1239,20,0,'Наша Бэлка','В новогодние праздники решили мы поехать покататься на снегоходе и тюбинге) приезжаем на стоянку а из прицепа выпригивает мохнатый белый медвежонок!) Бэлка Бэлкаааааа..)))) &nbsp; Вот уж ей счастья привалило, она носится вокруг, со всеми заигрывает, хвостом машет) &nbsp;Катали мы её на тюбинге =) можно сказать ей понравилось, даже слазить не хотела!)) &nbsp;Мы сами с ней наигрались) а под вечер она уже успокоилась, бежать никуда не хочет, лезет к Антону нежится!) &nbsp;Крутая собака!!! &nbsp; &nbsp;  а там ещё деток много было, она от одного, к другому, носится туда обратно возле них, и две женщины рядом проходили, Бэлка за ними, а они: ой ой а она не укусит?! - Она вас залижет)))) хихи!!))) &nbsp;   Вобщем она наш суровый охранник!) хаха',0,NULL,NULL,NULL,NULL,'new','news',NULL,NULL,NULL,0,'no','no',0,NULL,0,0,0,'',0),(1240,20,0,'',NULL,0,NULL,NULL,NULL,NULL,'deleted','news',NULL,NULL,NULL,0,'no','no',0,NULL,0,0,0,NULL,0),(1241,20,0,'Наша Бэлка','В новогодние праздники решили мы поехать покататься на снегоходе и тюбинге) приезжаем на стоянку а из прицепа выпригивает мохнатый белый медвежонок!) Бэлка Бэлкаааааа..)))) &nbsp; Вот уж ей счастья привалило, она носится вокруг, со всеми заигрывает, хвостом машет) &nbsp;Катали мы её на тюбинге =) можно сказать ей понравилось, даже слазить не хотела!)) &nbsp;Мы сами с ней наигрались) а под вечер она уже успокоилась, бежать никуда не хочет, лезет к Антону нежится!) &nbsp;\r\nКрутая собака!!! &nbsp; &nbsp;\r\nа там ещё деток много было, она от одного, к другому, носится туда обратно возле них, и две женщины рядом проходили, Бэлка за ними, а они: ой ой а она не укусит?! - Она вас залижет)))) хихи!!))) &nbsp;\r\nВобщем она наш суровый охранник!) хаха',0,NULL,NULL,NULL,NULL,'new','news',NULL,NULL,NULL,1388724650,'no','no',1388724650,NULL,0,0,0,'',0),(1242,42,0,'ntcn','test2',0,NULL,NULL,NULL,NULL,'new','news',NULL,NULL,NULL,0,'no','no',0,NULL,0,0,0,'',0),(1243,42,0,'test35','test5',0,NULL,NULL,NULL,NULL,'new','news',NULL,NULL,NULL,1388734241,'no','no',1388734233,NULL,0,0,0,'',0),(1244,14,0,'',NULL,0,NULL,NULL,NULL,NULL,'deleted','private_message',NULL,NULL,NULL,0,'no','no',0,NULL,0,0,0,NULL,0),(1245,13,14,'',NULL,0,NULL,NULL,NULL,NULL,'deleted','private_message',NULL,NULL,NULL,0,'no','no',0,NULL,0,0,0,NULL,0),(1246,43,0,'я пришёл','',0,NULL,NULL,NULL,NULL,'new','news',NULL,NULL,NULL,1389445751,'no','no',1389445751,NULL,0,0,0,'',0),(1247,43,14,'почему на свой офис фото не могу сохранить ??','',0,NULL,NULL,NULL,NULL,'read','private_message',NULL,NULL,NULL,1389446335,'no','no',1389446335,NULL,0,0,0,NULL,0),(1248,14,43,'',NULL,0,NULL,NULL,NULL,NULL,'deleted','private_message',NULL,NULL,NULL,0,'no','no',0,NULL,0,0,0,NULL,0),(1249,14,0,'',NULL,0,NULL,NULL,NULL,NULL,'deleted','news',NULL,NULL,NULL,0,'no','no',0,NULL,0,0,0,NULL,0),(1250,43,0,'сколько контейне , но прицеп не ту . блин','',0,NULL,NULL,NULL,NULL,'new','news',NULL,NULL,NULL,1389936941,'no','no',1389936941,NULL,0,0,0,'',1),(1251,14,43,'Это ты где?','Это ты где?',0,NULL,NULL,NULL,NULL,'read','private_message',NULL,NULL,NULL,1389941641,'no','no',1389941641,NULL,0,0,0,NULL,0),(1252,14,43,'',NULL,0,NULL,NULL,NULL,NULL,'deleted','private_message',NULL,NULL,NULL,0,'no','no',0,NULL,0,0,0,NULL,0),(1253,23,14,'',NULL,0,NULL,NULL,NULL,NULL,'deleted','private_message',NULL,NULL,NULL,0,'no','no',0,NULL,0,0,0,NULL,0),(1254,23,14,'',NULL,0,NULL,NULL,NULL,NULL,'deleted','private_message',NULL,NULL,NULL,0,'no','no',0,NULL,0,0,0,NULL,0),(1255,14,43,'',NULL,0,NULL,NULL,NULL,NULL,'deleted','private_message',NULL,NULL,NULL,0,'no','no',0,NULL,0,0,0,NULL,0),(1256,23,14,'','st9500430ss',0,NULL,NULL,NULL,NULL,'read','private_message',NULL,NULL,NULL,0,'no','no',1390644725,NULL,0,0,0,NULL,0),(1257,23,14,'',NULL,0,NULL,NULL,NULL,NULL,'deleted','private_message',NULL,NULL,NULL,0,'no','no',0,NULL,0,0,0,NULL,0),(1258,23,14,'','Производитель: 	Seagate Constellation\r\nЕмкость [?]:500 Гб\r\nНазначение: 	для сервера\r\nФорм-фактор [?]:2.5\"\r\nТип: 	HDD\r\nСкорость вращения: 	7200\r\nВнешняя скорость передачи данных: 	600 Мб/с\r\nИнтерфейс SAS: 	✔\r\nСреднее время доступа, чтение: 	8.5 мс\r\nСреднее время доступа, запись: 	9.5 мс\r\nОбъем буфера: 	16\r\nВремя наработки на отказ: 	1200000 ч\r\nУдаростойкость при хранении: 	400 G\r\nУдаростойкость при работе: 	70 G\r\nШифрование данных: 	✘\r\nВремя доступа track to track: 	0.8 мс\r\nСреднее время задержки (Latency): 	4.16 мс\r\nУровень шума работы: 	26 дБ\r\nПотребляемая мощность: 	3.19 Вт\r\nУровень шума простоя: 	23 дБ',0,NULL,NULL,NULL,NULL,'read','private_message',NULL,NULL,NULL,0,'no','no',1390644997,NULL,0,0,0,NULL,0),(1259,23,14,'',NULL,0,NULL,NULL,NULL,NULL,'deleted','private_message',NULL,NULL,NULL,0,'no','no',0,NULL,0,0,0,NULL,0),(1260,14,23,'',NULL,0,NULL,NULL,NULL,NULL,'deleted','private_message',NULL,NULL,NULL,0,'no','no',0,NULL,0,0,0,NULL,0),(1261,14,0,'',NULL,0,NULL,NULL,NULL,NULL,'deleted','news',NULL,NULL,NULL,0,'no','no',0,NULL,0,0,0,NULL,0),(1262,14,0,'Семейный с большой буквы','Мерседес представил новое поколение минивэнов. Шикарно - дорого! Скоро поёдет в серию. Все будет как на фото, без изминений.',0,NULL,NULL,NULL,NULL,'new','news',NULL,NULL,NULL,1391145282,'no','no',1391145282,NULL,0,1,0,'',0),(1263,14,0,'Дети выросли Игрушки тоже!','&nbsp; Простые Американские парни по своему компенсировали отсутствие Лего в их молодости!&nbsp;И если уж играть то по взрослому, со всеми вытекающими последствиями.&nbsp;А что удобно, запчасти можно купить в любом детском магазине и не обязательно из за границы контрактные детали ждать два-три месяца',0,NULL,NULL,NULL,NULL,'new','news',NULL,NULL,NULL,1391145567,'no','no',1391145567,NULL,0,0,0,'',0),(1264,14,0,'Для Понимающих','Маруся представили новый болид на сезон 2014, чудеса инжинерии. Если вы когда либо пытались сделать хорошо и вроде все предусмотрели то любой инжинер команды Ф1 найдет кучу недоработок. Так как сам привык замечать и дорабатывать всё что можно, ведь даже не правильно подобранные шлем может оказаться причиной порожения. Вот женам инжинеров туго приходится \"Это не это то не то\" \"а мясо вообще под другим углом резать надо\"',0,NULL,NULL,NULL,NULL,'new','news',NULL,NULL,NULL,1391145875,'no','no',1391145875,NULL,0,1,0,'',0),(1265,14,0,'',NULL,0,NULL,NULL,NULL,NULL,'deleted','news',NULL,NULL,NULL,0,'no','no',0,NULL,0,0,0,NULL,0),(1266,23,14,'',NULL,0,NULL,NULL,NULL,NULL,'deleted','private_message',NULL,NULL,NULL,0,'no','no',0,NULL,0,0,0,NULL,0),(1267,14,43,'',NULL,0,NULL,NULL,NULL,NULL,'deleted','private_message',NULL,NULL,NULL,0,'no','no',0,NULL,0,0,0,NULL,0),(1268,14,43,'','Лето ах Леееето , Лето красное будь со мной',0,NULL,NULL,NULL,NULL,'read','private_message',NULL,NULL,NULL,0,'no','no',1391440798,NULL,0,0,0,NULL,0),(1269,14,13,'','Лето ах Леееето , Лето красное будь со мной',0,NULL,NULL,NULL,NULL,'read','private_message',NULL,NULL,NULL,0,'no','no',1391440798,NULL,0,0,0,NULL,0),(1270,14,16,'','Лето ах Леееето , Лето красное будь со мной',0,NULL,NULL,NULL,NULL,'read','private_message',NULL,NULL,NULL,0,'no','no',1391440798,NULL,0,0,0,NULL,0),(1271,14,20,'','Лето ах Леееето , Лето красное будь со мной',0,NULL,NULL,NULL,NULL,'read','private_message',NULL,NULL,NULL,0,'no','no',1391440798,NULL,0,0,0,NULL,0),(1272,14,23,'','Лето ах Леееето , Лето красное будь со мной',0,NULL,NULL,NULL,NULL,'unread','private_message',NULL,NULL,NULL,0,'no','no',1391440798,NULL,0,0,0,NULL,0),(1273,14,20,'',NULL,0,NULL,NULL,NULL,NULL,'deleted','private_message',NULL,NULL,NULL,0,'no','no',0,NULL,0,0,0,NULL,0),(1274,14,13,'',NULL,0,NULL,NULL,NULL,NULL,'deleted','private_message',NULL,NULL,NULL,0,'no','no',0,NULL,0,0,0,NULL,0),(1275,14,20,'','Вы тут?',0,NULL,NULL,NULL,NULL,'read','private_message',NULL,NULL,NULL,0,'no','no',1391447834,NULL,0,0,0,NULL,0),(1276,14,20,'',NULL,0,NULL,NULL,NULL,NULL,'deleted','private_message',NULL,NULL,NULL,0,'no','no',0,NULL,0,0,0,NULL,0),(1277,14,20,'',NULL,0,NULL,NULL,NULL,NULL,'deleted','private_message',NULL,NULL,NULL,0,'no','no',0,NULL,0,0,0,NULL,0),(1278,14,0,'Городские джунгли!!!','я подумал что именно так должны выглядеть настоящие городские джунгли!',0,NULL,NULL,NULL,NULL,'deleted','news',NULL,NULL,NULL,1391488410,'no','yes',1391488410,NULL,0,0,0,'',0),(1279,14,0,'От куда не возьмись!!!','Вот так выглядит обычный ТРК Астаны, которых огромное множество и на город всего 400 тысяч человек! Причем которых 10 лет назад не то что бы небыло, а и не планировалось вообще! Так как в Астане 10 лет назад самый высокий дом 2 этажа наверное был!',0,NULL,NULL,NULL,NULL,'new','news',NULL,NULL,NULL,1391488996,'no','no',1391488996,NULL,0,2,0,'',0),(1280,13,14,'',NULL,0,NULL,NULL,NULL,NULL,'deleted','private_message',NULL,NULL,NULL,0,'no','no',0,NULL,0,0,0,NULL,0),(1281,13,14,'',NULL,0,NULL,NULL,NULL,NULL,'deleted','private_message',NULL,NULL,NULL,0,'no','no',0,NULL,0,0,0,NULL,0),(1282,14,0,'Новый сервер ГАЛЕОН','Вот такой у нас теперь новый сервер, самый МОЩЩЩный сервер, из тех которые сейчас можно собрать за разумные деньги!',0,NULL,NULL,NULL,NULL,'deleted','news',NULL,NULL,NULL,1392285330,'no','yes',1392285330,NULL,0,6,1,'',0),(1283,16,14,'',NULL,0,NULL,NULL,NULL,NULL,'deleted','private_message',NULL,NULL,NULL,0,'no','no',0,NULL,0,0,0,NULL,0),(1284,43,14,'',NULL,0,NULL,NULL,NULL,NULL,'deleted','private_message',NULL,NULL,NULL,0,'no','no',0,NULL,0,0,0,NULL,0),(1285,43,0,'',NULL,0,NULL,NULL,NULL,NULL,'deleted','private_message',NULL,NULL,NULL,0,'no','no',0,NULL,0,0,0,NULL,0),(1286,14,13,'',NULL,0,NULL,NULL,NULL,NULL,'deleted','private_message',NULL,NULL,NULL,0,'no','no',0,NULL,0,0,0,NULL,0),(1287,14,0,'',NULL,0,NULL,NULL,NULL,NULL,'deleted','private_message',NULL,NULL,NULL,0,'no','no',0,NULL,0,0,0,NULL,0),(1288,43,14,'',NULL,0,NULL,NULL,NULL,NULL,'deleted','private_message',NULL,NULL,NULL,0,'no','no',0,NULL,0,0,0,NULL,0),(1289,14,13,'',NULL,0,NULL,NULL,NULL,NULL,'deleted','private_message',NULL,NULL,NULL,0,'no','no',0,NULL,0,0,0,NULL,0),(1290,14,20,'',NULL,0,NULL,NULL,NULL,NULL,'deleted','private_message',NULL,NULL,NULL,0,'no','no',0,NULL,0,0,0,NULL,0),(1291,12,14,'','привет. посмотри, пожалуйста, заработал ли доступ в магазине. должен заработать.',0,NULL,NULL,NULL,NULL,'read','private_message',NULL,NULL,NULL,0,'no','no',1392837574,NULL,0,0,0,NULL,0),(1292,12,14,'',NULL,0,NULL,NULL,NULL,NULL,'deleted','private_message',NULL,NULL,NULL,0,'no','no',0,NULL,0,0,0,NULL,0),(1293,14,12,'',NULL,0,NULL,NULL,NULL,NULL,'deleted','private_message',NULL,NULL,NULL,0,'no','no',0,NULL,0,0,0,NULL,0),(1294,14,12,'',NULL,0,NULL,NULL,NULL,NULL,'deleted','private_message',NULL,NULL,NULL,0,'no','no',0,NULL,0,0,0,NULL,0),(1295,14,12,'',NULL,0,NULL,NULL,NULL,NULL,'deleted','private_message',NULL,NULL,NULL,0,'no','no',0,NULL,0,0,0,NULL,0),(1296,23,14,'мак-боок','http://www.avito.ru/chelyabinsk/noutbuki/15.4_retina_me664ll_apple_macbook_pro_264216663\n\nвот вариантец кстате',0,NULL,NULL,NULL,NULL,'read','private_message',NULL,NULL,NULL,1393304757,'no','no',1393304757,NULL,0,0,0,NULL,0),(1297,23,14,'',NULL,0,NULL,NULL,NULL,NULL,'deleted','private_message',NULL,NULL,NULL,0,'no','no',0,NULL,0,0,0,NULL,0),(1298,14,23,'',NULL,0,NULL,NULL,NULL,NULL,'deleted','private_message',NULL,NULL,NULL,0,'no','no',0,NULL,0,0,0,NULL,0),(1299,14,43,'',NULL,0,NULL,NULL,NULL,NULL,'deleted','private_message',NULL,NULL,NULL,0,'no','no',0,NULL,0,0,0,NULL,0),(1300,14,43,'',NULL,0,NULL,NULL,NULL,NULL,'deleted','private_message',NULL,NULL,NULL,0,'no','no',0,NULL,0,0,0,NULL,0),(1301,14,0,'',NULL,0,NULL,NULL,NULL,NULL,'deleted','news',NULL,NULL,NULL,0,'no','no',0,NULL,0,0,0,NULL,0),(1302,14,43,'',NULL,0,NULL,NULL,NULL,NULL,'deleted','private_message',NULL,NULL,NULL,0,'no','no',0,NULL,0,0,0,NULL,0),(1303,14,13,'',NULL,0,NULL,NULL,NULL,NULL,'deleted','private_message',NULL,NULL,NULL,0,'no','no',0,NULL,0,0,0,NULL,0),(1304,14,13,'',NULL,0,NULL,NULL,NULL,NULL,'deleted','private_message',NULL,NULL,NULL,0,'no','no',0,NULL,0,0,0,NULL,0),(1305,13,0,'Новая Toyota Camry: больше, тише и с другим дизайном','На моторшоу в Нью-Йорке главной новинкой Toyota стала&hellip; Camry. Та самая, которая является самым продаваемым седаном в США на протяжении последних 12 лет.Сенсация? Не совсем, ибо, как это часто бывает, есть несколько важных нюансов.Во-первых, это не полностью новое поколение Camry, а модернизированная версия автомобиля, пусть рестайлинг и оказался очень серьёзным. А во-вторых, речь сейчас идет об американской &laquo;Камри&raquo;, которая отличается от продаваемого у нас автомобиля. Однако с высокой долей вероятности можно предположить, что скоро аналогичная модернизация доберется и до нас.Самая главная новость состоит в том, что Camry не просто получила чуть другой дизайн. Машина стала больше! Причем довольно существенно. Так, ее длина выросла сразу на 45 мм, а колея увеличилась на 10 мм. Благодаря этому в салоне (особенно на втором ряду кресел) станет еще просторнее.Представители Toyota уверяют, что Camry получила практически все новые кузовные элементы &ndash; другими стали не только бамперы и фары, но и двери, капот, крылья&hellip; Старой осталась только крыша.Покупателей должна порадовать и улучшенная шумоизоляция, другая приборная панель с красивым цветным экраном, беспроводная зарядка для смартфонов.Двигатели остались старыми. Это мотор объемом 2,5 л (180 л.с.) и 3,5 л (270 л.с.), а также гибридный агрегат, который выдает 200 л.с. Но тут стоит еще раз подчеркнуть, что речь идет о двигателях, которые ставятся на американские машины.Продажа обновленной машины начнется в США осенью. Ну а мы надеемся, что в августе этого года на автосалоне в Москве японцы покажут и европейскую версию модернизированной Camry.Источник: http://auto.mail.ru/article/46228-predstavlena_novaya_toyota_camry/',0,NULL,NULL,NULL,NULL,'deleted','news',NULL,NULL,NULL,1397790542,'no','yes',1397790542,NULL,0,0,0,'',0),(1306,13,0,'Новая Toyota Camry: больше, тише и с другим дизайном','На моторшоу в Нью-Йорке главной новинкой Toyota стала&hellip; Camry. Та самая, которая является самым продаваемым седаном в США на протяжении последних 12 лет.Сенсация? Не совсем, ибо, как это часто бывает, есть несколько важных нюансов.Во-первых, это не полностью новое поколение Camry, а модернизированная версия автомобиля, пусть рестайлинг и оказался очень серьёзным. А во-вторых, речь сейчас идет об американской &laquo;Камри&raquo;, которая отличается от продаваемого у нас автомобиля. Однако с высокой долей вероятности можно предположить, что скоро аналогичная модернизация доберется и до нас.Самая главная новость состоит в том, что Camry не просто получила чуть другой дизайн. Машина стала больше! Причем довольно существенно. Так, ее длина выросла сразу на 45 мм, а колея увеличилась на 10 мм. Благодаря этому в салоне (особенно на втором ряду кресел) станет еще просторнее.Представители Toyota уверяют, что Camry получила практически все новые кузовные элементы &ndash; другими стали не только бамперы и фары, но и двери, капот, крылья&hellip; Старой осталась только крыша.Покупателей должна порадовать и улучшенная шумоизоляция, другая приборная панель с красивым цветным экраном, беспроводная зарядка для смартфонов.Двигатели остались старыми. Это мотор объемом 2,5 л (180 л.с.) и 3,5 л (270 л.с.), а также гибридный агрегат, который выдает 200 л.с. Но тут стоит еще раз подчеркнуть, что речь идет о двигателях, которые ставятся на американские машины.Продажа обновленной машины начнется в США осенью. Ну а мы надеемся, что в августе этого года на автосалоне в Москве японцы покажут и европейскую версию модернизированной Camry.Источник: http://auto.mail.ru/article/46228-predstavlena_novaya_toyota_camry/',0,NULL,NULL,NULL,NULL,'new','news',NULL,NULL,NULL,1397790699,'no','no',1397790699,NULL,0,2,0,'',0),(1307,14,13,'',NULL,0,NULL,NULL,NULL,NULL,'deleted','private_message',NULL,NULL,NULL,0,'no','no',0,NULL,0,0,0,NULL,0),(1308,14,0,'',NULL,0,NULL,NULL,NULL,NULL,'deleted','news',NULL,NULL,NULL,0,'no','no',0,NULL,0,0,0,NULL,0),(1309,14,0,'',NULL,0,NULL,NULL,NULL,NULL,'deleted','news',NULL,NULL,NULL,0,'no','no',0,NULL,0,0,0,NULL,0),(1310,26,0,'',NULL,0,NULL,NULL,NULL,NULL,'deleted','news',NULL,NULL,NULL,0,'no','no',0,NULL,0,0,0,NULL,0),(1311,26,0,'',NULL,0,NULL,NULL,NULL,NULL,'deleted','news',NULL,NULL,NULL,0,'no','no',0,NULL,0,0,0,NULL,0),(1312,26,0,'',NULL,0,NULL,NULL,NULL,NULL,'deleted','news',NULL,NULL,NULL,0,'no','no',0,NULL,0,0,0,NULL,0),(1313,26,0,'',NULL,0,NULL,NULL,NULL,NULL,'deleted','news',NULL,NULL,NULL,0,'no','no',0,NULL,0,0,0,NULL,0),(1314,14,0,'','',0,NULL,NULL,NULL,NULL,'deleted','news',NULL,NULL,NULL,1398826323,'no','yes',1398826323,NULL,0,0,0,'',0),(1315,14,0,'','тпр',0,NULL,NULL,NULL,NULL,'deleted','news',NULL,NULL,NULL,1398826360,'no','yes',1398826360,NULL,0,0,0,'',0),(1316,14,0,'','аворвап',0,NULL,NULL,NULL,NULL,'deleted','news',NULL,NULL,NULL,1398826404,'no','yes',1398826404,NULL,0,0,0,'',0),(1317,14,0,'',NULL,0,NULL,NULL,NULL,NULL,'deleted','news',NULL,NULL,NULL,0,'no','no',0,NULL,0,0,0,NULL,0),(1318,14,0,'',NULL,0,NULL,NULL,NULL,NULL,'deleted','private_message',NULL,NULL,NULL,0,'no','no',0,NULL,0,0,0,NULL,0),(1319,14,0,'',NULL,0,NULL,NULL,NULL,NULL,'deleted','private_message',NULL,NULL,NULL,0,'no','no',0,NULL,0,0,0,NULL,0),(1320,26,0,'',NULL,0,NULL,NULL,NULL,NULL,'deleted','private_message',NULL,NULL,NULL,0,'no','no',0,NULL,0,0,0,NULL,0),(1321,26,0,'',NULL,0,NULL,NULL,NULL,NULL,'deleted','private_message',NULL,NULL,NULL,0,'no','no',0,NULL,0,0,0,NULL,0),(1322,1,50,'Добро пожаловать в Comiron!','Добро пожаловать в Comiron! ...',0,NULL,NULL,NULL,NULL,'new','private_message',NULL,NULL,NULL,1401189804,'no','no',1401189804,NULL,0,0,0,NULL,0),(1323,50,0,'','Всем привет! Я зарегистрировался на сайте comiron.com ...',0,NULL,NULL,NULL,NULL,'new','news',NULL,NULL,NULL,1401189804,'no','no',1401189804,NULL,0,0,0,'Всем привет! Я зарегистрировался на сайте comiron.com ...',0),(1324,1,51,'Добро пожаловать в Comiron!','Добро пожаловать в Comiron! ...',0,NULL,NULL,NULL,NULL,'read','private_message',NULL,NULL,NULL,1401191489,'no','no',1401191489,NULL,0,0,0,NULL,0),(1325,51,0,'','Всем привет! Я зарегистрировался на сайте comiron.com ...',0,NULL,NULL,NULL,NULL,'new','news',NULL,NULL,NULL,1401191489,'no','no',1401191489,NULL,0,0,0,'Всем привет! Я зарегистрировался на сайте comiron.com ...',0),(1326,51,1,'',NULL,0,NULL,NULL,NULL,NULL,'deleted','private_message',NULL,NULL,NULL,0,'no','no',0,NULL,0,0,0,NULL,0),(1327,1,52,'Добро пожаловать в Comiron!','Добро пожаловать в Comiron! ...',0,NULL,NULL,NULL,NULL,'new','private_message',NULL,NULL,NULL,1401207507,'no','no',1401207507,NULL,0,0,0,NULL,0),(1328,52,0,'','Всем привет! Я зарегистрировался на сайте comiron.com ...',0,NULL,NULL,NULL,NULL,'new','news',NULL,NULL,NULL,1401207507,'no','no',1401207507,NULL,0,0,0,'Всем привет! Я зарегистрировался на сайте comiron.com ...',0),(1329,1,53,'Добро пожаловать в Comiron!','Добро пожаловать в Comiron! ...',0,NULL,NULL,NULL,NULL,'new','private_message',NULL,NULL,NULL,1401213595,'no','no',1401213595,NULL,0,0,0,NULL,0),(1330,53,0,'','Всем привет! Я зарегистрировался на сайте comiron.com ...',0,NULL,NULL,NULL,NULL,'new','news',NULL,NULL,NULL,1401213595,'no','no',1401213595,NULL,0,0,0,'Всем привет! Я зарегистрировался на сайте comiron.com ...',0),(1331,52,1,'',NULL,0,NULL,NULL,NULL,NULL,'deleted','private_message',NULL,NULL,NULL,0,'no','no',0,NULL,0,0,0,NULL,0),(1332,1,54,'Добро пожаловать в Comiron!','Добро пожаловать в Comiron! ...',0,NULL,NULL,NULL,NULL,'read','private_message',NULL,NULL,NULL,1401275978,'no','no',1401275978,NULL,0,0,0,NULL,0),(1333,54,0,'','Всем привет! Я зарегистрировался на сайте comiron.com ...',0,NULL,NULL,NULL,NULL,'new','news',NULL,NULL,NULL,1401275978,'no','no',1401275978,NULL,0,0,0,'Всем привет! Я зарегистрировался на сайте comiron.com ...',0),(1334,54,1,'',NULL,0,NULL,NULL,NULL,NULL,'deleted','private_message',NULL,NULL,NULL,0,'no','no',0,NULL,0,0,0,NULL,0),(1335,54,1,'',NULL,0,NULL,NULL,NULL,NULL,'deleted','private_message',NULL,NULL,NULL,0,'no','no',0,NULL,0,0,0,NULL,0),(1336,1,55,'Добро пожаловать в Comiron!','Добро пожаловать в Comiron! ...',0,NULL,NULL,NULL,NULL,'read','private_message',NULL,NULL,NULL,1401330492,'no','no',1401330492,NULL,0,0,0,NULL,0),(1337,55,0,'','Всем привет! Я зарегистрировался на сайте comiron.com ...',0,NULL,NULL,NULL,NULL,'new','news',NULL,NULL,NULL,1401330492,'no','no',1401330492,NULL,0,0,0,'Всем привет! Я зарегистрировался на сайте comiron.com ...',0),(1338,55,1,'',NULL,0,NULL,NULL,NULL,NULL,'deleted','private_message',NULL,NULL,NULL,0,'no','no',0,NULL,0,0,0,NULL,0),(1339,1,56,'Добро пожаловать в Comiron!','Добро пожаловать в Comiron! ...',0,NULL,NULL,NULL,NULL,'new','private_message',NULL,NULL,NULL,1401709451,'no','no',1401709451,NULL,0,0,0,NULL,0),(1340,56,0,'','Всем привет! Я зарегистрировался на сайте comiron.com ...',0,NULL,NULL,NULL,NULL,'new','news',NULL,NULL,NULL,1401709451,'no','no',1401709451,NULL,0,0,0,'Всем привет! Я зарегистрировался на сайте comiron.com ...',0),(1341,12,15,'',NULL,0,NULL,NULL,NULL,NULL,'deleted','private_message',NULL,NULL,NULL,0,'no','no',0,NULL,0,0,0,NULL,0),(1342,12,15,'',NULL,0,NULL,NULL,NULL,NULL,'deleted','private_message',NULL,NULL,NULL,0,'no','no',0,NULL,0,0,0,NULL,0),(1343,12,15,'',NULL,0,NULL,NULL,NULL,NULL,'deleted','private_message',NULL,NULL,NULL,0,'no','no',0,NULL,0,0,0,NULL,0),(1344,14,0,'',NULL,0,NULL,NULL,NULL,NULL,'deleted','private_message',NULL,NULL,NULL,0,'no','no',0,NULL,0,0,0,NULL,0),(1345,14,0,'',NULL,0,NULL,NULL,NULL,NULL,'deleted','news',NULL,NULL,NULL,0,'no','no',0,NULL,0,0,0,NULL,0),(1346,14,0,'',NULL,0,NULL,NULL,NULL,NULL,'deleted','news',NULL,NULL,NULL,0,'no','no',0,NULL,0,0,0,NULL,0),(1347,14,0,'',NULL,0,NULL,NULL,NULL,NULL,'deleted','news',NULL,NULL,NULL,0,'no','no',0,NULL,0,0,0,NULL,0),(1348,14,0,'',NULL,0,NULL,NULL,NULL,NULL,'deleted','news',NULL,NULL,NULL,0,'no','no',0,NULL,0,0,0,NULL,0),(1349,14,23,'',NULL,0,NULL,NULL,NULL,NULL,'deleted','private_message',NULL,NULL,NULL,0,'no','no',0,NULL,0,0,0,NULL,0),(1350,1,58,'Добро пожаловать в Comiron!','Добро пожаловать в Comiron! ...',0,NULL,NULL,NULL,NULL,'new','private_message',NULL,NULL,NULL,1403068517,'no','no',1403068517,NULL,0,0,0,NULL,0),(1351,58,0,'','Всем привет! Я зарегистрировался на сайте comiron.com ...',0,NULL,NULL,NULL,NULL,'new','news',NULL,NULL,NULL,1403068517,'no','no',1403068517,NULL,0,0,0,'Всем привет! Я зарегистрировался на сайте comiron.com ...',0),(1352,1,52,'',NULL,0,NULL,NULL,NULL,NULL,'deleted','private_message',NULL,NULL,NULL,0,'no','no',0,NULL,0,0,0,NULL,0),(1353,43,14,'',NULL,0,NULL,NULL,NULL,NULL,'deleted','private_message',NULL,NULL,NULL,0,'no','no',0,NULL,0,0,0,NULL,0),(1354,20,14,'','какашка !!))',0,NULL,NULL,NULL,NULL,'read','private_message',NULL,NULL,NULL,0,'no','no',1405661046,NULL,0,0,0,NULL,0),(1355,20,14,'',NULL,0,NULL,NULL,NULL,NULL,'deleted','private_message',NULL,NULL,NULL,0,'no','no',0,NULL,0,0,0,NULL,0),(1356,14,20,'',NULL,0,NULL,NULL,NULL,NULL,'deleted','private_message',NULL,NULL,NULL,0,'no','no',0,NULL,0,0,0,NULL,0),(1357,14,20,'','Сама такая',0,NULL,NULL,NULL,NULL,'read','private_message',NULL,NULL,NULL,0,'no','no',1405661233,NULL,0,0,0,NULL,0),(1358,14,20,'',NULL,0,NULL,NULL,NULL,NULL,'deleted','private_message',NULL,NULL,NULL,0,'no','no',0,NULL,0,0,0,NULL,0),(1359,14,0,'Чудо скейт','На кантонсякой весенней выставки видел сие чудо, что то вроде скейта вездехода. Цена конская, что то вроде 4000 usd, зато везде проедишь! Хотя я если честно лучше бы на квадроцыкле!!!',0,NULL,NULL,NULL,NULL,'deleted','news',NULL,NULL,NULL,1406049205,'no','yes',1406049149,NULL,0,0,0,'',0),(1360,14,0,'','',0,NULL,NULL,NULL,NULL,'deleted','news',NULL,NULL,NULL,1406102941,'no','yes',1406102941,NULL,0,0,0,'',0),(1361,14,13,'',NULL,0,NULL,NULL,NULL,NULL,'deleted','private_message',NULL,NULL,NULL,0,'no','no',0,NULL,0,0,0,NULL,0),(1362,12,0,'фото','тест',0,NULL,NULL,NULL,NULL,'deleted','news',NULL,NULL,NULL,1406282584,'no','yes',1406282584,NULL,0,0,0,'',0),(1363,14,12,'',NULL,0,NULL,NULL,NULL,NULL,'deleted','private_message',NULL,NULL,NULL,0,'no','no',0,NULL,0,0,0,NULL,0),(1364,14,0,'Тургояк, база для кемпинга','Очень удачно припарковались, все с палатками. Поэтому с прицепани не так то просто найти &nbsp;места. Еще из минусов - очень крутая лестница к берегу! холодная вода ( тургояк плохо прогревается) Но вид с берега чудесный, + сосновый лес!',0,NULL,NULL,NULL,NULL,'new','news',NULL,NULL,NULL,1406286374,'no','no',1406286374,NULL,0,0,0,'',0),(1365,14,0,'',NULL,0,NULL,NULL,NULL,NULL,'deleted','news',NULL,NULL,NULL,0,'no','no',0,NULL,0,0,0,NULL,0),(1366,14,0,'',NULL,0,NULL,NULL,NULL,NULL,'deleted','news',NULL,NULL,NULL,0,'no','no',0,NULL,0,0,0,NULL,0),(1367,14,0,'',NULL,0,NULL,NULL,NULL,NULL,'deleted','news',NULL,NULL,NULL,0,'no','no',0,NULL,0,0,0,NULL,0),(1368,14,0,'',NULL,0,NULL,NULL,NULL,NULL,'deleted','news',NULL,NULL,NULL,0,'no','no',0,NULL,0,0,0,NULL,0),(1369,14,0,'',NULL,0,NULL,NULL,NULL,NULL,'deleted','news',NULL,NULL,NULL,0,'no','no',0,NULL,0,0,0,NULL,0),(1370,14,0,'',NULL,0,NULL,NULL,NULL,NULL,'deleted','news',NULL,NULL,NULL,0,'no','no',0,NULL,0,0,0,NULL,0),(1371,14,0,'',NULL,0,NULL,NULL,NULL,NULL,'deleted','news',NULL,NULL,NULL,0,'no','no',0,NULL,0,0,0,NULL,0),(1372,1,60,'Добро пожаловать в Comiron!','Добро пожаловать в Comiron! ...',0,NULL,NULL,NULL,NULL,'read','private_message',NULL,NULL,NULL,1407182872,'no','no',1407182872,NULL,0,0,0,NULL,0),(1373,60,0,'','Всем привет! Я зарегистрировался на сайте comiron.com ...',0,NULL,NULL,NULL,NULL,'new','news',NULL,NULL,NULL,1407182872,'no','no',1407182872,NULL,0,0,0,'Всем привет! Я зарегистрировался на сайте comiron.com ...',0),(1374,60,1,'',NULL,0,NULL,NULL,NULL,NULL,'deleted','private_message',NULL,NULL,NULL,0,'no','no',0,NULL,0,0,0,NULL,0),(1375,14,13,'',NULL,0,NULL,NULL,NULL,NULL,'deleted','private_message',NULL,NULL,NULL,0,'no','no',0,NULL,0,0,0,NULL,0),(1376,60,1,'','',0,NULL,NULL,NULL,NULL,'read','private_message',NULL,NULL,NULL,0,'no','no',1407322893,NULL,0,0,0,NULL,0),(1377,60,1,'',NULL,0,NULL,NULL,NULL,NULL,'deleted','private_message',NULL,NULL,NULL,0,'no','no',0,NULL,0,0,0,NULL,0),(1378,60,1,'',NULL,0,NULL,NULL,NULL,NULL,'deleted','private_message',NULL,NULL,NULL,0,'no','no',0,NULL,0,0,0,NULL,0),(1379,60,0,'',NULL,0,NULL,NULL,NULL,NULL,'deleted','news',NULL,NULL,NULL,0,'no','no',0,NULL,0,0,0,NULL,0),(1380,60,0,'',NULL,0,NULL,NULL,NULL,NULL,'deleted','news',NULL,NULL,NULL,0,'no','no',0,NULL,0,0,0,NULL,0),(1381,60,0,'Тест','Тестовая новость',0,NULL,NULL,NULL,NULL,'new','news',NULL,NULL,NULL,1407326632,'no','no',1407326632,NULL,0,0,1,'',0),(1382,60,0,'',NULL,0,NULL,NULL,NULL,NULL,'deleted','news',NULL,NULL,NULL,0,'no','no',0,NULL,0,0,0,NULL,0),(1383,60,1,'',NULL,0,NULL,NULL,NULL,NULL,'deleted','private_message',NULL,NULL,NULL,0,'no','no',0,NULL,0,0,0,NULL,0),(1384,14,0,'Русские недели в Макдональдс!','Ждем старт продаж!',0,NULL,NULL,NULL,NULL,'new','news',NULL,NULL,NULL,1407397617,'no','no',1407397617,NULL,0,0,0,'',0),(1385,1,61,'Добро пожаловать в Comiron!','Добро пожаловать в Comiron! ...',0,NULL,NULL,NULL,NULL,'read','private_message',NULL,NULL,NULL,1407563091,'no','no',1407563091,NULL,0,0,0,NULL,0),(1386,61,0,'','Всем привет! Я зарегистрировался на сайте comiron.com ...',0,NULL,NULL,NULL,NULL,'new','news',NULL,NULL,NULL,1407563091,'no','no',1407563091,NULL,0,0,0,'Всем привет! Я зарегистрировался на сайте comiron.com ...',0),(1387,61,1,'',NULL,0,NULL,NULL,NULL,NULL,'deleted','private_message',NULL,NULL,NULL,0,'no','no',0,NULL,0,0,0,NULL,0),(1388,14,0,'',NULL,0,NULL,NULL,NULL,NULL,'deleted','news',NULL,NULL,NULL,0,'no','no',0,NULL,0,0,0,NULL,0),(1389,14,0,'',NULL,0,NULL,NULL,NULL,NULL,'deleted','news',NULL,NULL,NULL,0,'no','no',0,NULL,0,0,0,NULL,0),(1390,1,60,'',NULL,0,NULL,NULL,NULL,NULL,'deleted','private_message',NULL,NULL,NULL,0,'no','no',0,NULL,0,0,0,NULL,0),(1391,60,0,'',NULL,0,NULL,NULL,NULL,NULL,'deleted','news',NULL,NULL,NULL,0,'no','no',0,NULL,0,0,0,NULL,0),(1392,60,0,'',NULL,0,NULL,NULL,NULL,NULL,'deleted','news',NULL,NULL,NULL,0,'no','no',0,NULL,0,0,0,NULL,0),(1393,60,0,'',NULL,0,NULL,NULL,NULL,NULL,'deleted','news',NULL,NULL,NULL,0,'no','no',0,NULL,0,0,0,NULL,0),(1394,14,0,'',NULL,0,NULL,NULL,NULL,NULL,'deleted','news',NULL,NULL,NULL,0,'no','no',0,NULL,0,0,0,NULL,0),(1395,14,0,'',NULL,0,NULL,NULL,NULL,NULL,'deleted','news',NULL,NULL,NULL,0,'no','no',0,NULL,0,0,0,NULL,0),(1396,14,0,'',NULL,0,NULL,NULL,NULL,NULL,'deleted','news',NULL,NULL,NULL,0,'no','no',0,NULL,0,0,0,NULL,0),(1397,1,62,'Добро пожаловать в Comiron!','Добро пожаловать в Comiron! ...',0,NULL,NULL,NULL,NULL,'read','private_message',NULL,NULL,NULL,1407914747,'no','no',1407914747,NULL,0,0,0,NULL,0),(1398,62,0,'','Всем привет! Я зарегистрировался на сайте comiron.com ...',0,NULL,NULL,NULL,NULL,'new','news',NULL,NULL,NULL,1407914747,'no','no',1407914747,NULL,0,0,0,'Всем привет! Я зарегистрировался на сайте comiron.com ...',0),(1399,62,1,'',NULL,0,NULL,NULL,NULL,NULL,'deleted','private_message',NULL,NULL,NULL,0,'no','no',0,NULL,0,0,0,NULL,0),(1400,62,1,'',NULL,0,NULL,NULL,NULL,NULL,'deleted','private_message',NULL,NULL,NULL,0,'no','no',0,NULL,0,0,0,NULL,0),(1401,62,1,'',NULL,0,NULL,NULL,NULL,NULL,'deleted','private_message',NULL,NULL,NULL,0,'no','no',0,NULL,0,0,0,NULL,0),(1402,14,12,'',NULL,0,NULL,NULL,NULL,NULL,'deleted','private_message',NULL,NULL,NULL,0,'no','no',0,NULL,0,0,0,NULL,0),(1403,62,1,'','здраствуйте ящик непотверждается',0,NULL,NULL,NULL,NULL,'read','private_message',NULL,NULL,NULL,0,'no','no',1407916738,NULL,0,0,0,NULL,0),(1404,62,1,'',NULL,0,NULL,NULL,NULL,NULL,'deleted','private_message',NULL,NULL,NULL,0,'no','no',0,NULL,0,0,0,NULL,0),(1405,62,1,'',NULL,0,NULL,NULL,NULL,NULL,'deleted','private_message',NULL,NULL,NULL,0,'no','no',0,NULL,0,0,0,NULL,0),(1406,1,63,'Добро пожаловать в Comiron!','Добро пожаловать в Comiron! ...',0,NULL,NULL,NULL,NULL,'read','private_message',NULL,NULL,NULL,1407922031,'no','no',1407922031,NULL,0,0,0,NULL,0),(1407,63,0,'','Всем привет! Я зарегистрировался на сайте comiron.com ...',0,NULL,NULL,NULL,NULL,'deleted','news',NULL,NULL,NULL,1407922031,'no','yes',1407922031,NULL,0,0,0,'Всем привет! Я зарегистрировался на сайте comiron.com ...',0),(1408,63,1,'',NULL,0,NULL,NULL,NULL,NULL,'deleted','private_message',NULL,NULL,NULL,0,'no','no',0,NULL,0,0,0,NULL,0),(1409,1,60,'',NULL,0,NULL,NULL,NULL,NULL,'deleted','private_message',NULL,NULL,NULL,0,'no','no',0,NULL,0,0,0,NULL,0),(1410,1,62,'','Здравствуйте! Пришло ли вам письмо на почту с ссылкой для подтверждения?',0,NULL,NULL,NULL,NULL,'unread','private_message',NULL,NULL,NULL,0,'no','no',1407922211,NULL,0,0,0,NULL,0),(1411,1,62,'',NULL,0,NULL,NULL,NULL,NULL,'deleted','private_message',NULL,NULL,NULL,0,'no','no',0,NULL,0,0,0,NULL,0),(1412,1,62,'',NULL,0,NULL,NULL,NULL,NULL,'deleted','private_message',NULL,NULL,NULL,0,'no','no',0,NULL,0,0,0,NULL,0),(1413,1,62,'',NULL,0,NULL,NULL,NULL,NULL,'deleted','private_message',NULL,NULL,NULL,0,'no','no',0,NULL,0,0,0,NULL,0),(1414,1,62,'',NULL,0,NULL,NULL,NULL,NULL,'deleted','private_message',NULL,NULL,NULL,0,'no','no',0,NULL,0,0,0,NULL,0),(1415,1,62,'',NULL,0,NULL,NULL,NULL,NULL,'deleted','private_message',NULL,NULL,NULL,0,'no','no',0,NULL,0,0,0,NULL,0),(1416,1,62,'',NULL,0,NULL,NULL,NULL,NULL,'deleted','private_message',NULL,NULL,NULL,0,'no','no',0,NULL,0,0,0,NULL,0),(1417,1,63,'',NULL,0,NULL,NULL,NULL,NULL,'deleted','private_message',NULL,NULL,NULL,0,'no','no',0,NULL,0,0,0,NULL,0),(1418,1,63,'','Добрый день Дмитрий! Добро пожаловать в Comiron. Рады вас приветствовать и готовы консультировать по любым вопросам связанным с работой с ресурсом.  Администрация Comiron Russia!',0,NULL,NULL,NULL,NULL,'read','private_message',NULL,NULL,NULL,0,'no','no',1407923341,NULL,0,0,0,NULL,0),(1419,1,63,'',NULL,0,NULL,NULL,NULL,NULL,'deleted','private_message',NULL,NULL,NULL,0,'no','no',0,NULL,0,0,0,NULL,0),(1420,1,63,'',NULL,0,NULL,NULL,NULL,NULL,'deleted','private_message',NULL,NULL,NULL,0,'no','no',0,NULL,0,0,0,NULL,0),(1421,1,63,'',NULL,0,NULL,NULL,NULL,NULL,'deleted','private_message',NULL,NULL,NULL,0,'no','no',0,NULL,0,0,0,NULL,0),(1422,1,0,'',NULL,0,NULL,NULL,NULL,NULL,'deleted','news',NULL,NULL,NULL,0,'no','no',0,NULL,0,0,0,NULL,0),(1423,14,0,'Найди отличие','Слева виликий ум, справа виликая наглость!',0,NULL,NULL,NULL,NULL,'deleted','news',NULL,NULL,NULL,1408013436,'no','yes',1408013436,NULL,0,2,0,'',0),(1424,13,20,'',NULL,0,NULL,NULL,NULL,NULL,'deleted','private_message',NULL,NULL,NULL,0,'no','no',0,NULL,0,0,0,NULL,0),(1425,20,0,'',NULL,0,NULL,NULL,NULL,NULL,'deleted','news',NULL,NULL,NULL,0,'no','no',0,NULL,0,0,0,NULL,0),(1426,20,0,'Путешествие в Европу!','И вот сбылась моя мечта поехать в Париж, не просто посетить а посмотеть гонку Тур де Франс, которой уже исполнился вековой юбилей в прошлом году.&nbsp;Финиш как обычно в Париже на Елисейских полях, а круг проходит вокруг Триумфальной арки.&nbsp;По-началу не верилось вообще!!! Когда мы пошли от Александровского моста в сторону арки, нашли наименьшее кол-во болельщиков возле ограждений и остановились там, к счатью солнышко палило не долго, потом набежали тучки, и брат на обратной стороне провода мне пишет ВСЕ!! ЕДУТ!! Я расталкала пару французов и выбралась в первую полосу болельщиков, это было оооооооочень круто!!! невероятно!!! не верилось вообще!!! они пролетали с такой скоростью, что рассмотреть толком то не получалось, но сфоткать успела!&nbsp;На награждении удалось сфоткать только спину Ниболи)И конечно же я была за Астану, очень жаль что нет их фотки((',0,NULL,NULL,NULL,NULL,'new','news',NULL,NULL,NULL,1408073983,'no','no',1408073983,NULL,0,0,0,'',0),(1427,1,64,'Добро пожаловать в Comiron!','Добро пожаловать в Comiron! ...',0,NULL,NULL,NULL,NULL,'read','private_message',NULL,NULL,NULL,1408072634,'no','no',1408072634,NULL,0,0,0,NULL,0),(1428,64,0,'','Всем привет! Я зарегистрировался на сайте comiron.com ...',0,NULL,NULL,NULL,NULL,'new','news',NULL,NULL,NULL,1408072634,'no','no',1408072634,NULL,0,0,0,'Всем привет! Я зарегистрировался на сайте comiron.com ...',0),(1429,64,1,'',NULL,0,NULL,NULL,NULL,NULL,'deleted','private_message',NULL,NULL,NULL,0,'no','no',0,NULL,0,0,0,NULL,0),(1430,20,0,'',NULL,0,NULL,NULL,NULL,NULL,'deleted','news',NULL,NULL,NULL,0,'no','no',0,NULL,0,0,0,NULL,0),(1431,20,0,'',NULL,0,NULL,NULL,NULL,NULL,'deleted','news',NULL,NULL,NULL,0,'no','no',0,NULL,0,0,0,NULL,0),(1432,20,0,'',NULL,0,NULL,NULL,NULL,NULL,'deleted','news',NULL,NULL,NULL,0,'no','no',0,NULL,0,0,0,NULL,0),(1433,20,0,'Путешествие в Европу!','ну и помимо гонки) 3 дня мы гуляли по Парижу. все достопримечательности были в шаговой доступности, поэтому к вечеру наши ноги становились каменными.&nbsp;Посетили конечно же Эйфелеву башню, Триумфальную арку, Дворец Инвалидов, Монмартр, Елисейсские поля, Лувр, Нотр-Дам-Де-Пари, и ещё много много всяких красивых дворцов и церквей!&nbsp;',0,NULL,NULL,NULL,NULL,'new','news',NULL,NULL,NULL,1408075314,'no','no',1408075314,NULL,0,2,0,'',0),(1434,20,0,'','Просто красивущая Эйфелева &nbsp;Башня&nbsp;',0,NULL,NULL,NULL,NULL,'new','news',NULL,NULL,NULL,1408075409,'no','no',1408075409,NULL,0,0,0,'',0),(1435,64,1,'',NULL,0,NULL,NULL,NULL,NULL,'deleted','private_message',NULL,NULL,NULL,0,'no','no',0,NULL,0,0,0,NULL,0),(1436,64,1,'',NULL,0,NULL,NULL,NULL,NULL,'deleted','private_message',NULL,NULL,NULL,0,'no','no',0,NULL,0,0,0,NULL,0),(1437,64,1,'',NULL,0,NULL,NULL,NULL,NULL,'deleted','private_message',NULL,NULL,NULL,0,'no','no',0,NULL,0,0,0,NULL,0),(1438,1,65,'Добро пожаловать в Comiron!','Добро пожаловать в Comiron! ...',0,NULL,NULL,NULL,NULL,'new','private_message',NULL,NULL,NULL,1408348715,'no','no',1408348715,NULL,0,0,0,NULL,0),(1439,65,0,'','Всем привет! Я зарегистрировался на сайте comiron.com ...',0,NULL,NULL,NULL,NULL,'new','news',NULL,NULL,NULL,1408348715,'no','no',1408348715,NULL,0,0,0,'Всем привет! Я зарегистрировался на сайте comiron.com ...',0),(1440,28,0,'',NULL,0,NULL,NULL,NULL,NULL,'deleted','private_message',NULL,NULL,NULL,0,'no','no',0,NULL,0,0,0,NULL,0),(1441,65,0,'',NULL,0,NULL,NULL,NULL,NULL,'deleted','private_message',NULL,NULL,NULL,0,'no','no',0,NULL,0,0,0,NULL,0),(1442,1,66,'Добро пожаловать в Comiron!','Добро пожаловать в Comiron! ...',0,NULL,NULL,NULL,NULL,'read','private_message',NULL,NULL,NULL,1408430874,'no','no',1408430874,NULL,0,0,0,NULL,0),(1443,66,0,'','Всем привет! Я зарегистрировался на сайте comiron.com ...',0,NULL,NULL,NULL,NULL,'new','news',NULL,NULL,NULL,1408430874,'no','no',1408430874,NULL,0,0,0,'Всем привет! Я зарегистрировался на сайте comiron.com ...',0),(1444,66,1,'',NULL,0,NULL,NULL,NULL,NULL,'deleted','private_message',NULL,NULL,NULL,0,'no','no',0,NULL,0,0,0,NULL,0),(1445,1,63,'',NULL,0,NULL,NULL,NULL,NULL,'deleted','private_message',NULL,NULL,NULL,0,'no','no',0,NULL,0,0,0,NULL,0),(1446,1,66,'','Добрый день Артем! Добро пожаловать в Comiron. Рады вас приветствовать и готовы консультировать по любым вопросам связанным с работой ресурса. Администрация Comiron Russia!',0,NULL,NULL,NULL,NULL,'read','private_message',NULL,NULL,NULL,0,'no','no',1408439466,NULL,0,0,0,NULL,0),(1447,1,66,'',NULL,0,NULL,NULL,NULL,NULL,'deleted','private_message',NULL,NULL,NULL,0,'no','no',0,NULL,0,0,0,NULL,0),(1448,1,0,'',NULL,0,NULL,NULL,NULL,NULL,'deleted','news',NULL,NULL,NULL,0,'no','no',0,NULL,0,0,0,NULL,0),(1449,65,1,'',NULL,0,NULL,NULL,NULL,NULL,'deleted','private_message',NULL,NULL,NULL,0,'no','no',0,NULL,0,0,0,NULL,0),(1450,60,1,'',NULL,0,NULL,NULL,NULL,NULL,'deleted','private_message',NULL,NULL,NULL,0,'no','no',0,NULL,0,0,0,NULL,0),(1451,1,67,'Добро пожаловать в Comiron!','Добро пожаловать в Comiron! ...',0,NULL,NULL,NULL,NULL,'read','private_message',NULL,NULL,NULL,1409730338,'no','no',1409730338,NULL,0,0,0,NULL,0),(1452,67,0,'','Всем привет! Я зарегистрировался на сайте comiron.com ...',0,NULL,NULL,NULL,NULL,'new','news',NULL,NULL,NULL,1409730338,'no','no',1409730338,NULL,0,0,0,'Всем привет! Я зарегистрировался на сайте comiron.com ...',0),(1453,67,1,'',NULL,0,NULL,NULL,NULL,NULL,'deleted','private_message',NULL,NULL,NULL,0,'no','no',0,NULL,0,0,0,NULL,0),(1454,1,69,'Добро пожаловать в Comiron!','Добро пожаловать в Comiron! ...',0,NULL,NULL,NULL,NULL,'read','private_message',NULL,NULL,NULL,1410327189,'no','no',1410327189,NULL,0,0,0,NULL,0),(1455,69,0,'','Всем привет! Я зарегистрировался на сайте comiron.com ...',0,NULL,NULL,NULL,NULL,'new','news',NULL,NULL,NULL,1410327189,'no','no',1410327189,NULL,0,0,0,'Всем привет! Я зарегистрировался на сайте comiron.com ...',0),(1456,69,1,'',NULL,0,NULL,NULL,NULL,NULL,'deleted','private_message',NULL,NULL,NULL,0,'no','no',0,NULL,0,0,0,NULL,0),(1457,1,69,'','Уважаемый Олег, если у вас есть вопросы связанные с работой данного ресурса то вы можете задавать их здесь!',0,NULL,NULL,NULL,NULL,'read','private_message',NULL,NULL,NULL,0,'no','no',1410329535,NULL,0,0,0,NULL,0),(1458,1,69,'',NULL,0,NULL,NULL,NULL,NULL,'deleted','private_message',NULL,NULL,NULL,0,'no','no',0,NULL,0,0,0,NULL,0),(1459,1,67,'',NULL,0,NULL,NULL,NULL,NULL,'deleted','private_message',NULL,NULL,NULL,0,'no','no',0,NULL,0,0,0,NULL,0),(1460,1,67,'',NULL,0,NULL,NULL,NULL,NULL,'deleted','private_message',NULL,NULL,NULL,0,'no','no',0,NULL,0,0,0,NULL,0),(1461,26,14,'','',0,NULL,NULL,NULL,NULL,'read','private_message',NULL,NULL,NULL,1410493702,'no','no',1410493702,NULL,0,0,0,NULL,0),(1462,1,70,'Добро пожаловать в Comiron!','Добро пожаловать в Comiron! ...',0,NULL,NULL,NULL,NULL,'new','private_message',NULL,NULL,NULL,1410494148,'no','no',1410494148,NULL,0,0,0,NULL,0),(1463,70,0,'','Всем привет! Я зарегистрировался на сайте comiron.com ...',0,NULL,NULL,NULL,NULL,'new','news',NULL,NULL,NULL,1410494148,'no','no',1410494148,NULL,0,0,0,'Всем привет! Я зарегистрировался на сайте comiron.com ...',0),(1464,70,1,'',NULL,0,NULL,NULL,NULL,NULL,'deleted','private_message',NULL,NULL,NULL,0,'no','no',0,NULL,0,0,0,NULL,0),(1465,70,0,'','',0,NULL,NULL,NULL,NULL,'new','news',NULL,NULL,NULL,1410494340,'no','no',1410494340,NULL,0,0,0,'',0),(1466,14,26,'','Привет!',0,NULL,NULL,NULL,NULL,'unread','private_message',NULL,NULL,NULL,0,'no','no',1410496211,NULL,0,0,0,NULL,0),(1467,14,26,'',NULL,0,NULL,NULL,NULL,NULL,'deleted','private_message',NULL,NULL,NULL,0,'no','no',0,NULL,0,0,0,NULL,0),(1468,1,71,'Добро пожаловать в Comiron!','Добро пожаловать в Comiron! ...',0,NULL,NULL,NULL,NULL,'read','private_message',NULL,NULL,NULL,1410502114,'no','no',1410502114,NULL,0,0,0,NULL,0),(1469,71,0,'','Всем привет! Я зарегистрировался на сайте comiron.com ...',0,NULL,NULL,NULL,NULL,'new','news',NULL,NULL,NULL,1410502114,'no','no',1410502114,NULL,0,0,0,'Всем привет! Я зарегистрировался на сайте comiron.com ...',0),(1470,71,1,'',NULL,0,NULL,NULL,NULL,NULL,'deleted','private_message',NULL,NULL,NULL,0,'no','no',0,NULL,0,0,0,NULL,0),(1471,14,26,'',NULL,0,NULL,NULL,NULL,NULL,'deleted','private_message',NULL,NULL,NULL,0,'no','no',0,NULL,0,0,0,NULL,0),(1472,1,69,'',NULL,0,NULL,NULL,NULL,NULL,'deleted','private_message',NULL,NULL,NULL,0,'no','no',0,NULL,0,0,0,NULL,0),(1473,1,70,'','Уважаемый Антон, если у вас есть вопросы связанные с работой данного ресурса то вы можете задавать их здесь!',0,NULL,NULL,NULL,NULL,'unread','private_message',NULL,NULL,NULL,0,'no','no',1410511247,NULL,0,0,0,NULL,0),(1474,1,70,'',NULL,0,NULL,NULL,NULL,NULL,'deleted','private_message',NULL,NULL,NULL,0,'no','no',0,NULL,0,0,0,NULL,0),(1475,1,71,'','Уважаемый Кирилл, если у вас есть вопросы связанные с работой данного ресурса то вы можете задавать их здесь!',0,NULL,NULL,NULL,NULL,'read','private_message',NULL,NULL,NULL,0,'no','no',1410511288,NULL,0,0,0,NULL,0),(1476,1,71,'',NULL,0,NULL,NULL,NULL,NULL,'deleted','private_message',NULL,NULL,NULL,0,'no','no',0,NULL,0,0,0,NULL,0),(1477,66,1,'',NULL,0,NULL,NULL,NULL,NULL,'deleted','private_message',NULL,NULL,NULL,0,'no','no',0,NULL,0,0,0,NULL,0),(1478,66,0,'test','fndgkfdg\r\nfdgkfdgdfg',0,NULL,NULL,NULL,NULL,'new','news',NULL,NULL,NULL,1411123033,'no','no',1411123033,33,0,0,0,'',0),(1479,66,60,'hello','hello yyy',0,NULL,NULL,NULL,NULL,'read','private_message',NULL,NULL,NULL,1411123126,'no','no',1411123126,NULL,0,0,0,NULL,0),(1480,60,66,'','teste tes',0,NULL,NULL,NULL,NULL,'read','private_message',NULL,NULL,NULL,0,'no','no',1411123148,NULL,0,0,0,NULL,0),(1481,60,66,'',NULL,0,NULL,NULL,NULL,NULL,'deleted','private_message',NULL,NULL,NULL,0,'no','no',0,NULL,0,0,0,NULL,0),(1482,66,60,'',NULL,0,NULL,NULL,NULL,NULL,'deleted','private_message',NULL,NULL,NULL,0,'no','no',0,NULL,0,0,0,NULL,0),(1483,60,66,'',NULL,0,NULL,NULL,NULL,NULL,'deleted','private_message',NULL,NULL,NULL,0,'no','no',0,NULL,0,0,0,NULL,0),(1484,14,0,'',NULL,0,NULL,NULL,NULL,NULL,'deleted','news',NULL,NULL,NULL,0,'no','no',0,NULL,0,0,0,NULL,0),(1485,14,0,'',NULL,0,NULL,NULL,NULL,NULL,'deleted','private_message',NULL,NULL,NULL,0,'no','no',0,NULL,0,0,0,NULL,0),(1486,14,0,'Первая новость компании','Первая новость компании',0,NULL,NULL,NULL,NULL,'new','news',NULL,NULL,NULL,1411143444,'no','no',1411143444,13,0,0,0,'',0),(1487,60,0,'Открытие осеннего сезона','Осенние скидки 30%. Спешите!',0,NULL,NULL,NULL,NULL,'new','news',NULL,NULL,NULL,1411206810,'no','no',1411206810,28,0,1,1,'',1),(1488,60,0,'Проверяю новости','привет',0,NULL,NULL,NULL,NULL,'new','news',NULL,NULL,NULL,1411207147,'no','no',1411207147,NULL,0,0,0,'',0),(1489,14,0,'',NULL,0,NULL,NULL,NULL,NULL,'deleted','private_message',NULL,NULL,NULL,0,'no','no',0,NULL,0,0,0,NULL,0),(1490,1,72,'Добро пожаловать в Comiron!','Добро пожаловать в Comiron! ...',0,NULL,NULL,NULL,NULL,'read','private_message',NULL,NULL,NULL,1411526371,'no','no',1411526371,NULL,0,0,0,NULL,0),(1491,72,0,'','Всем привет! Я зарегистрировался на сайте comiron.com ...',0,NULL,NULL,NULL,NULL,'new','news',NULL,NULL,NULL,1411526371,'no','no',1411526371,NULL,0,0,0,'Всем привет! Я зарегистрировался на сайте comiron.com ...',0),(1492,1,72,'',NULL,0,NULL,NULL,NULL,NULL,'deleted','private_message',NULL,NULL,NULL,0,'no','no',0,NULL,0,0,0,NULL,0),(1493,1,71,'',NULL,0,NULL,NULL,NULL,NULL,'deleted','private_message',NULL,NULL,NULL,0,'no','no',0,NULL,0,0,0,NULL,0),(1494,1,72,'','Уважаемый Александр, если у вас есть вопросы связанные с работой данного ресурса то вы можете задавать их здесь!',0,NULL,NULL,NULL,NULL,'read','private_message',NULL,NULL,NULL,0,'no','no',1411543150,NULL,0,0,0,NULL,0),(1495,1,72,'',NULL,0,NULL,NULL,NULL,NULL,'deleted','private_message',NULL,NULL,NULL,0,'no','no',0,NULL,0,0,0,NULL,0),(1496,14,12,'',NULL,0,NULL,NULL,NULL,NULL,'deleted','private_message',NULL,NULL,NULL,0,'no','no',0,NULL,0,0,0,NULL,0),(1497,60,66,'',NULL,0,NULL,NULL,NULL,NULL,'deleted','private_message',NULL,NULL,NULL,0,'no','no',0,NULL,0,0,0,NULL,0),(1498,45,0,'Первая пробная новость','Первая пробная новость. Две фотографии для примера',0,NULL,NULL,NULL,NULL,'new','news',NULL,NULL,NULL,1415422894,'no','no',1411549528,27,0,0,0,'',0),(1499,1,73,'Добро пожаловать в Comiron!','Добро пожаловать в Comiron! ...',0,NULL,NULL,NULL,NULL,'new','private_message',NULL,NULL,NULL,1411549548,'no','no',1411549548,NULL,0,0,0,NULL,0),(1500,73,0,'','Всем привет! Я зарегистрировался на сайте comiron.com ...',0,NULL,NULL,NULL,NULL,'new','news',NULL,NULL,NULL,1411549548,'no','no',1411549548,NULL,0,0,0,'Всем привет! Я зарегистрировался на сайте comiron.com ...',0),(1501,45,0,'',NULL,0,NULL,NULL,NULL,NULL,'deleted','private_message',NULL,NULL,NULL,0,'no','no',0,NULL,0,0,0,NULL,0),(1502,1,74,'Добро пожаловать в Comiron!','Добро пожаловать в Comiron! ...',0,NULL,NULL,NULL,NULL,'new','private_message',NULL,NULL,NULL,1411549677,'no','no',1411549677,NULL,0,0,0,NULL,0),(1503,74,0,'','Всем привет! Я зарегистрировался на сайте comiron.com ...',0,NULL,NULL,NULL,NULL,'new','news',NULL,NULL,NULL,1411549677,'no','no',1411549677,NULL,0,0,0,'Всем привет! Я зарегистрировался на сайте comiron.com ...',0),(1504,60,0,'',NULL,0,NULL,NULL,NULL,NULL,'deleted','private_message',NULL,NULL,NULL,0,'no','no',0,NULL,0,0,0,NULL,0),(1505,14,0,'',NULL,0,NULL,NULL,NULL,NULL,'deleted','private_message',NULL,NULL,NULL,0,'no','no',0,NULL,0,0,0,NULL,0),(1506,14,0,'',NULL,0,NULL,NULL,NULL,NULL,'deleted','private_message',NULL,NULL,NULL,0,'no','no',0,NULL,0,0,0,NULL,0),(1507,14,13,'','ПОЛУЧИЛ?',0,NULL,NULL,NULL,NULL,'read','private_message',NULL,NULL,NULL,0,'no','no',1411813156,13,0,0,0,NULL,0),(1508,14,0,'',NULL,0,NULL,NULL,NULL,NULL,'deleted','private_message',NULL,NULL,NULL,0,'no','no',0,NULL,0,0,0,NULL,0),(1509,14,14,'','получил',0,NULL,NULL,NULL,NULL,'read','private_message',NULL,NULL,NULL,0,'no','no',1411813434,13,0,0,0,NULL,0),(1510,14,13,'',NULL,0,NULL,NULL,NULL,NULL,'deleted','private_message',NULL,NULL,NULL,0,'no','no',0,NULL,0,0,0,NULL,0),(1511,14,13,'',NULL,0,NULL,NULL,NULL,NULL,'deleted','private_message',NULL,NULL,NULL,0,'no','no',0,NULL,0,0,0,NULL,0),(1512,14,13,'',NULL,0,NULL,NULL,NULL,NULL,'deleted','private_message',NULL,NULL,NULL,0,'no','no',0,NULL,0,0,0,NULL,0),(1513,14,13,'',NULL,0,NULL,NULL,NULL,NULL,'deleted','private_message',NULL,NULL,NULL,0,'no','no',0,NULL,0,0,0,NULL,0),(1514,14,13,'',NULL,0,NULL,NULL,NULL,NULL,'deleted','private_message',NULL,NULL,NULL,0,'no','no',0,NULL,0,0,0,NULL,0),(1515,14,20,'',NULL,0,NULL,NULL,NULL,NULL,'deleted','private_message',NULL,NULL,NULL,0,'no','no',0,NULL,0,0,0,NULL,0),(1516,14,20,'',NULL,0,NULL,NULL,NULL,NULL,'deleted','private_message',NULL,NULL,NULL,0,'no','no',0,NULL,0,0,0,NULL,0),(1517,69,1,'',NULL,0,NULL,NULL,NULL,NULL,'deleted','private_message',NULL,NULL,NULL,0,'no','no',0,NULL,0,0,0,NULL,0),(1518,75,0,'',NULL,0,NULL,NULL,NULL,NULL,'deleted','news',NULL,NULL,NULL,0,'no','no',0,NULL,0,0,0,NULL,0),(1519,1,77,'Добро пожаловать в Comiron!','Добро пожаловать в Comiron! ...',0,NULL,NULL,NULL,NULL,'new','private_message',NULL,NULL,NULL,1412066577,'no','no',1412066577,NULL,0,0,0,NULL,0),(1520,77,0,'','Всем привет! Я зарегистрировался на сайте comiron.com ...',0,NULL,NULL,NULL,NULL,'new','news',NULL,NULL,NULL,1412066577,'no','no',1412066577,NULL,0,0,0,'Всем привет! Я зарегистрировался на сайте comiron.com ...',0),(1521,77,1,'',NULL,0,NULL,NULL,NULL,NULL,'deleted','private_message',NULL,NULL,NULL,0,'no','no',0,NULL,0,0,0,NULL,0),(1522,75,0,'新款','',0,NULL,NULL,NULL,NULL,'new','news',NULL,NULL,NULL,1412066968,'no','no',1412066968,37,0,0,0,'',0),(1523,75,14,'','cftjcfgcd',0,NULL,NULL,NULL,NULL,'read','private_message',NULL,NULL,NULL,0,'no','no',1412067030,37,0,0,0,NULL,0),(1524,15,0,'',NULL,0,NULL,NULL,NULL,NULL,'deleted','private_message',NULL,NULL,NULL,0,'no','no',0,NULL,0,0,0,NULL,0),(1525,15,15,'sdfsdf','sdfsdfsdf',0,NULL,NULL,NULL,NULL,'read','private_message',NULL,NULL,NULL,1412068230,'no','no',1412068230,21,0,0,0,NULL,0),(1526,15,15,'','qweqweqwe',0,NULL,NULL,NULL,NULL,'read','private_message',NULL,NULL,NULL,0,'no','no',1412068248,21,0,0,0,NULL,0),(1527,15,12,'',NULL,0,NULL,NULL,NULL,NULL,'deleted','private_message',NULL,NULL,NULL,0,'no','no',0,NULL,0,0,0,NULL,0),(1528,78,76,'','你好',0,NULL,NULL,NULL,NULL,'read','private_message',NULL,NULL,NULL,1412135035,'no','no',1412135035,NULL,0,0,0,NULL,0),(1529,76,78,'',NULL,0,NULL,NULL,NULL,NULL,'deleted','private_message',NULL,NULL,NULL,0,'no','no',0,NULL,0,0,0,NULL,0),(1530,76,78,'','好',0,NULL,NULL,NULL,NULL,'read','private_message',NULL,NULL,NULL,0,'no','no',1412135093,NULL,0,0,0,NULL,0),(1531,76,78,'',NULL,0,NULL,NULL,NULL,NULL,'deleted','private_message',NULL,NULL,NULL,0,'no','no',0,NULL,0,0,0,NULL,0),(1532,76,78,'','',0,NULL,NULL,NULL,NULL,'read','private_message',NULL,NULL,NULL,0,'no','no',1412135148,NULL,0,0,0,NULL,0),(1533,76,78,'',NULL,0,NULL,NULL,NULL,NULL,'deleted','private_message',NULL,NULL,NULL,0,'no','no',0,NULL,0,0,0,NULL,0),(1534,76,78,'',NULL,0,NULL,NULL,NULL,NULL,'deleted','private_message',NULL,NULL,NULL,0,'no','no',0,NULL,0,0,0,NULL,0),(1535,78,76,'',NULL,0,NULL,NULL,NULL,NULL,'deleted','private_message',NULL,NULL,NULL,0,'no','no',0,NULL,0,0,0,NULL,0),(1536,76,78,'',NULL,0,NULL,NULL,NULL,NULL,'deleted','private_message',NULL,NULL,NULL,0,'no','no',0,NULL,0,0,0,NULL,0),(1537,76,78,'',NULL,0,NULL,NULL,NULL,NULL,'deleted','private_message',NULL,NULL,NULL,0,'no','no',0,NULL,0,0,0,NULL,0),(1538,76,78,'',NULL,0,NULL,NULL,NULL,NULL,'deleted','private_message',NULL,NULL,NULL,0,'no','no',0,NULL,0,0,0,NULL,0),(1539,75,14,'',NULL,0,NULL,NULL,NULL,NULL,'deleted','private_message',NULL,NULL,NULL,0,'no','no',0,NULL,0,0,0,NULL,0),(1540,1,82,'Добро пожаловать в Comiron!','Добро пожаловать в Comiron! ...',0,NULL,NULL,NULL,NULL,'new','private_message',NULL,NULL,NULL,1412176517,'no','no',1412176517,NULL,0,0,0,NULL,0),(1541,82,0,'','Всем привет! Я зарегистрировался на сайте comiron.com ...',0,NULL,NULL,NULL,NULL,'new','news',NULL,NULL,NULL,1412176517,'no','no',1412176517,NULL,0,0,0,'Всем привет! Я зарегистрировался на сайте comiron.com ...',0),(1542,2,95,'Добро пожаловать в Comiron!','Добро пожаловать в Comiron! ...',0,NULL,NULL,NULL,NULL,'new','private_message',NULL,NULL,NULL,1412179755,'no','no',1412179755,NULL,0,0,0,NULL,0),(1543,95,0,'','Всем привет! Я зарегистрировался на сайте comiron.com ...',0,NULL,NULL,NULL,NULL,'new','news',NULL,NULL,NULL,1412179755,'no','no',1412179755,NULL,0,0,0,'Всем привет! Я зарегистрировался на сайте comiron.com ...',0),(1544,1,100,'Добро пожаловать в Comiron!','Добро пожаловать в Comiron! ...',0,NULL,NULL,NULL,NULL,'new','private_message',NULL,NULL,NULL,1412182833,'no','no',1412182833,NULL,0,0,0,NULL,0),(1545,100,0,'','Всем привет! Я зарегистрировался на сайте comiron.com ...',0,NULL,NULL,NULL,NULL,'new','news',NULL,NULL,NULL,1412182833,'no','no',1412182833,NULL,0,0,0,'Всем привет! Я зарегистрировался на сайте comiron.com ...',0),(1546,3,106,'Добро пожаловать в Comiron!','Добро пожаловать в Comiron! ...',0,NULL,NULL,NULL,NULL,'new','private_message',NULL,NULL,NULL,1412183576,'no','no',1412183576,NULL,0,0,0,NULL,0),(1547,106,0,'','Всем привет! Я зарегистрировался на сайте comiron.com ...',0,NULL,NULL,NULL,NULL,'new','news',NULL,NULL,NULL,1412183576,'no','no',1412183576,NULL,0,0,0,'Всем привет! Я зарегистрировался на сайте comiron.com ...',0),(1548,3,107,'Добро пожаловать в Comiron!','Добро пожаловать в Comiron! ...',0,NULL,NULL,NULL,NULL,'new','private_message',NULL,NULL,NULL,1412184360,'no','no',1412184360,NULL,0,0,0,NULL,0),(1549,107,0,'','Всем привет! Я зарегистрировался на сайте comiron.com ...',0,NULL,NULL,NULL,NULL,'new','news',NULL,NULL,NULL,1412184360,'no','no',1412184360,NULL,0,0,0,'Всем привет! Я зарегистрировался на сайте comiron.com ...',0),(1550,3,109,'歡迎光臨 Comiron!','歡迎光臨 Comiron! ...',0,NULL,NULL,NULL,NULL,'new','private_message',NULL,NULL,NULL,1412184852,'no','no',1412184852,NULL,0,0,0,NULL,0),(1551,109,0,'','您好！我查了一下網站上的 comiron.com ...',0,NULL,NULL,NULL,NULL,'new','news',NULL,NULL,NULL,1412184852,'no','no',1412184852,NULL,0,0,0,'您好！我查了一下網站上的 comiron.com ...',0),(1552,2,110,'歡迎光臨 Comiron!','歡迎光臨 Comiron! ...',0,NULL,NULL,NULL,NULL,'new','private_message',NULL,NULL,NULL,1412186368,'no','no',1412186368,NULL,0,0,0,NULL,0),(1553,110,0,'','您好！我查了一下網站上的 comiron.com ...',0,NULL,NULL,NULL,NULL,'new','news',NULL,NULL,NULL,1412186368,'no','no',1412186368,NULL,0,0,0,'您好！我查了一下網站上的 comiron.com ...',0),(1554,3,111,'Добро пожаловать в Comiron!','Добро пожаловать в Comiron! ...',0,NULL,NULL,NULL,NULL,'new','private_message',NULL,NULL,NULL,1412186639,'no','no',1412186639,NULL,0,0,0,NULL,0),(1555,111,0,'','Всем привет! Я зарегистрировался на сайте comiron.com ...',0,NULL,NULL,NULL,NULL,'new','news',NULL,NULL,NULL,1412186639,'no','no',1412186639,NULL,0,0,0,'Всем привет! Я зарегистрировался на сайте comiron.com ...',0),(1556,1,112,'Добро пожаловать в Comiron!','Добро пожаловать в Comiron! ...',0,NULL,NULL,NULL,NULL,'read','private_message',NULL,NULL,NULL,1412215664,'no','no',1412215664,NULL,0,0,0,NULL,0),(1557,112,0,'','Всем привет! Я зарегистрировался на сайте comiron.com ...',0,NULL,NULL,NULL,NULL,'new','news',NULL,NULL,NULL,1412215664,'no','no',1412215664,NULL,0,0,0,'Всем привет! Я зарегистрировался на сайте comiron.com ...',0),(1558,3,113,'歡迎光臨 Comiron!','歡迎光臨 Comiron! ...',0,NULL,NULL,NULL,NULL,'read','private_message',NULL,NULL,NULL,1412215666,'no','no',1412215666,NULL,0,0,0,NULL,0),(1559,113,0,'','您好！我查了一下網站上的 comiron.com ...',0,NULL,NULL,NULL,NULL,'new','news',NULL,NULL,NULL,1412215666,'no','no',1412215666,NULL,0,0,0,'您好！我查了一下網站上的 comiron.com ...',0),(1560,113,0,'新产品','亲爱的买家，新产品出来，',0,NULL,NULL,NULL,NULL,'new','news',NULL,NULL,NULL,1412222195,'no','no',1412222195,44,0,0,0,'',0),(1561,113,14,'','你好',0,NULL,NULL,NULL,NULL,'read','private_message',NULL,NULL,NULL,0,'no','no',1412225161,44,44,0,0,NULL,0),(1562,14,113,'','tyutrdy',0,NULL,NULL,NULL,NULL,'read','private_message',NULL,NULL,NULL,0,'no','no',1412225216,44,0,0,0,NULL,0),(1563,14,113,'',NULL,0,NULL,NULL,NULL,NULL,'deleted','private_message',NULL,NULL,NULL,0,'no','no',0,NULL,0,0,0,NULL,0),(1564,113,14,'',NULL,0,NULL,NULL,NULL,NULL,'deleted','private_message',NULL,NULL,NULL,0,'no','no',0,NULL,0,0,0,NULL,0),(1565,14,113,'',NULL,0,NULL,NULL,NULL,NULL,'deleted','private_message',NULL,NULL,NULL,0,'no','no',0,NULL,0,0,0,NULL,0),(1566,3,114,'歡迎光臨 Comiron!','歡迎光臨 Comiron! ...',0,NULL,NULL,NULL,NULL,'read','private_message',NULL,NULL,NULL,1412227201,'no','no',1412227201,NULL,0,0,0,NULL,0),(1567,114,0,'','您好！我查了一下網站上的 comiron.com ...',0,NULL,NULL,NULL,NULL,'new','news',NULL,NULL,NULL,1412227201,'no','no',1412227201,NULL,0,0,0,'您好！我查了一下網站上的 comiron.com ...',0),(1568,114,14,'','有新产品',0,NULL,NULL,NULL,NULL,'read','private_message',NULL,NULL,NULL,0,'no','no',1412230526,45,45,0,0,NULL,0),(1569,14,114,'','hfcjhi',0,NULL,NULL,NULL,NULL,'read','private_message',NULL,NULL,NULL,0,'no','no',1412230640,45,0,0,0,NULL,0),(1570,14,114,'',NULL,0,NULL,NULL,NULL,NULL,'deleted','private_message',NULL,NULL,NULL,0,'no','no',0,NULL,0,0,0,NULL,0),(1571,114,14,'',NULL,0,NULL,NULL,NULL,NULL,'deleted','private_message',NULL,NULL,NULL,0,'no','no',0,NULL,0,0,0,NULL,0),(1572,114,0,'新产品','',0,NULL,NULL,NULL,NULL,'new','news',NULL,NULL,NULL,1412230731,'no','no',1412230731,45,0,0,0,'',0),(1573,14,0,'',NULL,0,NULL,NULL,NULL,NULL,'deleted','private_message',NULL,NULL,NULL,0,'no','no',0,NULL,0,0,0,NULL,0),(1574,3,115,'歡迎光臨 Comiron!','歡迎光臨 Comiron! ...',0,NULL,NULL,NULL,NULL,'read','private_message',NULL,NULL,NULL,1412234180,'no','no',1412234180,NULL,0,0,0,NULL,0),(1575,115,0,'','您好！我查了一下網站上的 comiron.com ...',0,NULL,NULL,NULL,NULL,'new','news',NULL,NULL,NULL,1412234180,'no','no',1412234180,NULL,0,0,0,'您好！我查了一下網站上的 comiron.com ...',0),(1576,115,14,'','有新产品',0,NULL,NULL,NULL,NULL,'read','private_message',NULL,NULL,NULL,0,'no','no',1412236800,46,46,0,0,NULL,0),(1577,14,115,'','рпврпо',0,NULL,NULL,NULL,NULL,'read','private_message',NULL,NULL,NULL,0,'no','no',1412236828,46,0,0,0,NULL,0),(1578,14,115,'',NULL,0,NULL,NULL,NULL,NULL,'deleted','private_message',NULL,NULL,NULL,0,'no','no',0,NULL,0,0,0,NULL,0),(1579,115,14,'',NULL,0,NULL,NULL,NULL,NULL,'deleted','private_message',NULL,NULL,NULL,0,'no','no',0,NULL,0,0,0,NULL,0),(1580,3,116,'Добро пожаловать в Comiron!','Добро пожаловать в Comiron! ...',0,NULL,NULL,NULL,NULL,'read','private_message',NULL,NULL,NULL,1412237639,'no','no',1412237639,NULL,0,0,0,NULL,0),(1581,116,0,'','Всем привет! Я зарегистрировался на сайте comiron.com ...',0,NULL,NULL,NULL,NULL,'new','news',NULL,NULL,NULL,1412237639,'no','no',1412237639,NULL,0,0,0,'Всем привет! Я зарегистрировался на сайте comiron.com ...',0),(1582,116,3,'',NULL,0,NULL,NULL,NULL,NULL,'deleted','private_message',NULL,NULL,NULL,0,'no','no',0,NULL,0,0,0,NULL,0),(1583,116,3,'',NULL,0,NULL,NULL,NULL,NULL,'deleted','private_message',NULL,NULL,NULL,0,'no','no',0,NULL,0,0,0,NULL,0),(1584,115,3,'',NULL,0,NULL,NULL,NULL,NULL,'deleted','private_message',NULL,NULL,NULL,0,'no','no',0,NULL,0,0,0,NULL,0),(1585,115,0,'',NULL,0,NULL,NULL,NULL,NULL,'deleted','private_message',NULL,NULL,NULL,0,'no','no',0,NULL,0,0,0,NULL,0),(1586,115,14,'',NULL,0,NULL,NULL,NULL,NULL,'deleted','private_message',NULL,NULL,NULL,0,'no','no',0,NULL,0,0,0,NULL,0),(1587,115,0,'xinchanpin','',0,NULL,NULL,NULL,NULL,'new','news',NULL,NULL,NULL,1412238648,'no','no',1412238648,46,0,0,0,'',0),(1588,115,0,'wenjian','wenjain&nbsp;',0,NULL,NULL,NULL,NULL,'new','news',NULL,NULL,NULL,1412238733,'no','no',1412238733,46,0,0,0,'',0),(1589,115,0,'xinchanpin','',0,NULL,NULL,NULL,NULL,'new','news',NULL,NULL,NULL,1412238834,'no','no',1412238834,46,0,0,0,'',0),(1590,115,0,'',NULL,0,NULL,NULL,NULL,NULL,'deleted','news',NULL,NULL,NULL,0,'no','no',0,NULL,0,0,0,NULL,0),(1591,115,14,'','file',0,NULL,NULL,NULL,NULL,'read','private_message',NULL,NULL,NULL,0,'no','no',1412238925,46,46,0,0,NULL,0),(1592,14,115,'',NULL,0,NULL,NULL,NULL,NULL,'deleted','private_message',NULL,NULL,NULL,0,'no','no',0,NULL,0,0,0,NULL,0),(1593,14,115,'',NULL,0,NULL,NULL,NULL,NULL,'deleted','private_message',NULL,NULL,NULL,0,'no','no',0,NULL,0,0,0,NULL,0),(1594,14,115,'',NULL,0,NULL,NULL,NULL,NULL,'deleted','private_message',NULL,NULL,NULL,0,'no','no',0,NULL,0,0,0,NULL,0),(1595,14,113,'',NULL,0,NULL,NULL,NULL,NULL,'deleted','private_message',NULL,NULL,NULL,0,'no','no',0,NULL,0,0,0,NULL,0),(1596,80,0,'',NULL,0,NULL,NULL,NULL,NULL,'deleted','news',NULL,NULL,NULL,0,'no','no',0,NULL,0,0,0,NULL,0),(1597,80,0,'',NULL,0,NULL,NULL,NULL,NULL,'deleted','news',NULL,NULL,NULL,0,'no','no',0,NULL,0,0,0,NULL,0),(1598,13,14,'',NULL,0,NULL,NULL,NULL,NULL,'deleted','private_message',NULL,NULL,NULL,0,'no','no',0,NULL,0,0,0,NULL,0),(1599,13,14,'',NULL,0,NULL,NULL,NULL,NULL,'deleted','private_message',NULL,NULL,NULL,0,'no','no',0,NULL,0,0,0,NULL,0),(1600,13,14,'',NULL,0,NULL,NULL,NULL,NULL,'deleted','private_message',NULL,NULL,NULL,0,'no','no',0,NULL,0,0,0,NULL,0),(1601,3,117,'歡迎光臨 Comiron!','歡迎光臨 Comiron! ...',0,NULL,NULL,NULL,NULL,'new','private_message',NULL,NULL,NULL,1412330996,'no','no',1412330996,NULL,0,0,0,NULL,0),(1602,117,0,'','您好！我查了一下網站上的 comiron.com ...',0,NULL,NULL,NULL,NULL,'new','news',NULL,NULL,NULL,1412330996,'no','no',1412330996,NULL,0,0,0,'您好！我查了一下網站上的 comiron.com ...',0),(1603,13,14,'',NULL,0,NULL,NULL,NULL,NULL,'deleted','private_message',NULL,NULL,NULL,0,'no','no',0,NULL,0,0,0,NULL,0),(1604,13,14,'',NULL,0,NULL,NULL,NULL,NULL,'deleted','private_message',NULL,NULL,NULL,0,'no','no',0,NULL,0,0,0,NULL,0),(1605,3,118,'歡迎光臨 Comiron!','歡迎光臨 Comiron! ...',0,NULL,NULL,NULL,NULL,'read','private_message',NULL,NULL,NULL,1412389872,'no','no',1412389872,NULL,0,0,0,NULL,0),(1606,118,0,'','您好！我查了一下網站上的 comiron.com ...',0,NULL,NULL,NULL,NULL,'new','news',NULL,NULL,NULL,1412389872,'no','no',1412389872,NULL,0,0,0,'您好！我查了一下網站上的 comiron.com ...',0),(1607,118,3,'',NULL,0,NULL,NULL,NULL,NULL,'deleted','private_message',NULL,NULL,NULL,0,'no','no',0,NULL,0,0,0,NULL,0),(1608,118,0,'新产品','我的新产品',0,NULL,NULL,NULL,NULL,'new','news',NULL,NULL,NULL,1412392234,'no','no',1412392234,49,0,0,0,'',0),(1609,3,119,'歡迎光臨 Comiron!','歡迎光臨 Comiron! ...',0,NULL,NULL,NULL,NULL,'read','private_message',NULL,NULL,NULL,1412394379,'no','no',1412394379,NULL,0,0,0,NULL,0),(1610,119,0,'','您好！我查了一下網站上的 comiron.com ...',0,NULL,NULL,NULL,NULL,'new','news',NULL,NULL,NULL,1412394379,'no','no',1412394379,NULL,0,0,0,'您好！我查了一下網站上的 comiron.com ...',0),(1611,119,0,'',NULL,0,NULL,NULL,NULL,NULL,'deleted','news',NULL,NULL,NULL,0,'no','no',0,NULL,0,0,0,NULL,0),(1612,119,0,'新产品','新产品上架了&nbsp;',0,NULL,NULL,NULL,NULL,'new','news',NULL,NULL,NULL,1412395953,'no','no',1412395953,50,0,0,0,'',0),(1613,119,14,'','您好',0,NULL,NULL,NULL,NULL,'read','private_message',NULL,NULL,NULL,0,'no','no',1412396048,50,50,0,0,NULL,0),(1614,14,119,'','gtejugkydh',0,NULL,NULL,NULL,NULL,'read','private_message',NULL,NULL,NULL,0,'no','no',1412396063,50,0,0,0,NULL,0),(1615,14,119,'',NULL,0,NULL,NULL,NULL,NULL,'deleted','private_message',NULL,NULL,NULL,0,'no','no',0,NULL,0,0,0,NULL,0),(1616,119,14,'',NULL,0,NULL,NULL,NULL,NULL,'deleted','private_message',NULL,NULL,NULL,0,'no','no',0,NULL,0,0,0,NULL,0),(1617,14,119,'',NULL,0,NULL,NULL,NULL,NULL,'deleted','private_message',NULL,NULL,NULL,0,'no','no',0,NULL,0,0,0,NULL,0),(1618,14,13,'',NULL,0,NULL,NULL,NULL,NULL,'deleted','private_message',NULL,NULL,NULL,0,'no','no',0,NULL,0,0,0,NULL,0),(1619,3,120,'歡迎光臨 Comiron!','歡迎光臨 Comiron! ...',0,NULL,NULL,NULL,NULL,'read','private_message',NULL,NULL,NULL,1412402270,'no','no',1412402270,NULL,0,0,0,NULL,0),(1620,120,0,'','您好！我查了一下網站上的 comiron.com ...',0,NULL,NULL,NULL,NULL,'new','news',NULL,NULL,NULL,1412402270,'no','no',1412402270,NULL,0,0,0,'您好！我查了一下網站上的 comiron.com ...',0),(1621,120,3,'',NULL,0,NULL,NULL,NULL,NULL,'deleted','private_message',NULL,NULL,NULL,0,'no','no',0,NULL,0,0,0,NULL,0),(1622,120,3,'',NULL,0,NULL,NULL,NULL,NULL,'deleted','private_message',NULL,NULL,NULL,0,'no','no',0,NULL,0,0,0,NULL,0),(1623,120,0,'新产品','',0,NULL,NULL,NULL,NULL,'new','news',NULL,NULL,NULL,1412403919,'no','no',1412403919,51,0,3,0,'',0),(1624,120,14,'','新产品',0,NULL,NULL,NULL,NULL,'read','private_message',NULL,NULL,NULL,0,'no','no',1412403982,51,51,0,0,NULL,0),(1625,14,120,'','ьраппиас',0,NULL,NULL,NULL,NULL,'unread','private_message',NULL,NULL,NULL,0,'no','no',1412404039,51,0,0,0,NULL,0),(1626,14,120,'',NULL,0,NULL,NULL,NULL,NULL,'deleted','private_message',NULL,NULL,NULL,0,'no','no',0,NULL,0,0,0,NULL,0),(1627,120,14,'',NULL,0,NULL,NULL,NULL,NULL,'deleted','private_message',NULL,NULL,NULL,0,'no','no',0,NULL,0,0,0,NULL,0),(1628,14,120,'',NULL,0,NULL,NULL,NULL,NULL,'deleted','private_message',NULL,NULL,NULL,0,'no','no',0,NULL,0,0,0,NULL,0),(1629,14,119,'',NULL,0,NULL,NULL,NULL,NULL,'deleted','private_message',NULL,NULL,NULL,0,'no','no',0,NULL,0,0,0,NULL,0),(1630,3,121,'歡迎光臨 Comiron!','歡迎光臨 Comiron! ...',0,NULL,NULL,NULL,NULL,'new','private_message',NULL,NULL,NULL,1412406341,'no','no',1412406341,NULL,0,0,0,NULL,0),(1631,121,0,'','您好！我查了一下網站上的 comiron.com ...',0,NULL,NULL,NULL,NULL,'new','news',NULL,NULL,NULL,1412406341,'no','no',1412406341,NULL,0,0,0,'您好！我查了一下網站上的 comiron.com ...',0),(1632,121,0,'新产品','',0,NULL,NULL,NULL,NULL,'new','news',NULL,NULL,NULL,1412407695,'no','no',1412407695,52,0,0,0,'',0),(1633,121,14,'','新产品',0,NULL,NULL,NULL,NULL,'read','private_message',NULL,NULL,NULL,0,'no','no',1412407740,52,52,0,0,NULL,0),(1634,14,121,'','ипаипви',0,NULL,NULL,NULL,NULL,'read','private_message',NULL,NULL,NULL,0,'no','no',1412407777,52,0,0,0,NULL,0),(1635,14,121,'',NULL,0,NULL,NULL,NULL,NULL,'deleted','private_message',NULL,NULL,NULL,0,'no','no',0,NULL,0,0,0,NULL,0),(1636,2,122,'歡迎光臨 Comiron!','歡迎光臨 Comiron! ...',0,NULL,NULL,NULL,NULL,'read','private_message',NULL,NULL,NULL,1412412995,'no','no',1412412995,NULL,0,0,0,NULL,0),(1637,122,0,'','您好！我查了一下網站上的 comiron.com ...',0,NULL,NULL,NULL,NULL,'new','news',NULL,NULL,NULL,1412412995,'no','no',1412412995,NULL,0,0,0,'您好！我查了一下網站上的 comiron.com ...',0),(1638,122,2,'',NULL,0,NULL,NULL,NULL,NULL,'deleted','private_message',NULL,NULL,NULL,0,'no','no',0,NULL,0,0,0,NULL,0),(1639,122,2,'',NULL,0,NULL,NULL,NULL,NULL,'deleted','private_message',NULL,NULL,NULL,0,'no','no',0,NULL,0,0,0,NULL,0),(1640,122,0,'new collection','',0,NULL,NULL,NULL,NULL,'new','news',NULL,NULL,NULL,1412414179,'no','no',1412414179,53,0,0,0,'',0),(1641,122,14,'','new collection',0,NULL,NULL,NULL,NULL,'read','private_message',NULL,NULL,NULL,0,'no','no',1412414216,53,53,0,0,NULL,0),(1642,122,14,'','',0,NULL,NULL,NULL,NULL,'read','private_message',NULL,NULL,NULL,0,'no','no',1412414273,53,53,0,0,NULL,0),(1643,14,122,'',NULL,0,NULL,NULL,NULL,NULL,'deleted','private_message',NULL,NULL,NULL,0,'no','no',0,NULL,0,0,0,NULL,0),(1644,122,0,'new','',0,NULL,NULL,NULL,NULL,'new','news',NULL,NULL,NULL,1412414320,'no','no',1412414320,53,0,0,0,'',0),(1645,3,123,'歡迎光臨 Comiron!','歡迎光臨 Comiron! ...',0,NULL,NULL,NULL,NULL,'read','private_message',NULL,NULL,NULL,1412421147,'no','no',1412421147,NULL,0,0,0,NULL,0),(1646,123,0,'','您好！我查了一下網站上的 comiron.com ...',0,NULL,NULL,NULL,NULL,'new','news',NULL,NULL,NULL,1412421147,'no','no',1412421147,NULL,0,0,0,'您好！我查了一下網站上的 comiron.com ...',0),(1647,123,0,'',NULL,0,NULL,NULL,NULL,NULL,'deleted','news',NULL,NULL,NULL,0,'no','no',0,NULL,0,0,0,NULL,0),(1648,123,0,'',NULL,0,NULL,NULL,NULL,NULL,'deleted','private_message',NULL,NULL,NULL,0,'no','no',0,NULL,0,0,0,NULL,0),(1649,123,3,'',NULL,0,NULL,NULL,NULL,NULL,'deleted','private_message',NULL,NULL,NULL,0,'no','no',0,NULL,0,0,0,NULL,0),(1650,123,0,'',NULL,0,NULL,NULL,NULL,NULL,'deleted','private_message',NULL,NULL,NULL,0,'no','no',0,NULL,0,0,0,NULL,0),(1651,123,80,'','',0,NULL,NULL,NULL,NULL,'read','private_message',NULL,NULL,NULL,0,'no','no',1412423486,NULL,0,0,0,NULL,0),(1652,80,123,'',NULL,0,NULL,NULL,NULL,NULL,'deleted','private_message',NULL,NULL,NULL,0,'no','no',0,NULL,0,0,0,NULL,0),(1653,14,122,'',NULL,0,NULL,NULL,NULL,NULL,'deleted','private_message',NULL,NULL,NULL,0,'no','no',0,NULL,0,0,0,NULL,0),(1654,122,14,'',NULL,0,NULL,NULL,NULL,NULL,'deleted','private_message',NULL,NULL,NULL,0,'no','no',0,NULL,0,0,0,NULL,0),(1655,113,14,'',NULL,0,NULL,NULL,NULL,NULL,'deleted','private_message',NULL,NULL,NULL,0,'no','no',0,NULL,0,0,0,NULL,0),(1656,113,3,'',NULL,0,NULL,NULL,NULL,NULL,'deleted','private_message',NULL,NULL,NULL,0,'no','no',0,NULL,0,0,0,NULL,0),(1657,3,124,'歡迎光臨 Comiron!','歡迎光臨 Comiron! ...',0,NULL,NULL,NULL,NULL,'new','private_message',NULL,NULL,NULL,1412487792,'no','no',1412487792,NULL,0,0,0,NULL,0),(1658,124,0,'','您好！我查了一下網站上的 comiron.com ...',0,NULL,NULL,NULL,NULL,'new','news',NULL,NULL,NULL,1412487792,'no','no',1412487792,NULL,0,0,0,'您好！我查了一下網站上的 comiron.com ...',0),(1659,124,0,'新品','',0,NULL,NULL,NULL,NULL,'new','news',NULL,NULL,NULL,1412489245,'no','no',1412489245,NULL,0,0,0,'',0),(1660,124,112,'','新品',0,NULL,NULL,NULL,NULL,'read','private_message',NULL,NULL,NULL,0,'no','no',1412489305,55,55,0,0,NULL,0),(1661,112,124,'','Hfyg',0,NULL,NULL,NULL,NULL,'unread','private_message',NULL,NULL,NULL,0,'no','no',1412489336,55,0,0,0,NULL,0),(1662,112,124,'',NULL,0,NULL,NULL,NULL,NULL,'deleted','private_message',NULL,NULL,NULL,0,'no','no',0,NULL,0,0,0,NULL,0),(1663,124,0,'',NULL,0,NULL,NULL,NULL,NULL,'deleted','private_message',NULL,NULL,NULL,0,'no','no',0,NULL,0,0,0,NULL,0),(1664,3,125,'歡迎光臨 Comiron!','歡迎光臨 Comiron! ...',0,NULL,NULL,NULL,NULL,'new','private_message',NULL,NULL,NULL,1412490972,'no','no',1412490972,NULL,0,0,0,NULL,0),(1665,125,0,'','您好！我查了一下網站上的 comiron.com ...',0,NULL,NULL,NULL,NULL,'new','news',NULL,NULL,NULL,1412490972,'no','no',1412490972,NULL,0,0,0,'您好！我查了一下網站上的 comiron.com ...',0),(1666,125,112,'','',0,NULL,NULL,NULL,NULL,'read','private_message',NULL,NULL,NULL,0,'no','no',1412492783,56,56,0,0,NULL,0),(1667,125,112,'',NULL,0,NULL,NULL,NULL,NULL,'deleted','private_message',NULL,NULL,NULL,0,'no','no',0,NULL,0,0,0,NULL,0),(1668,119,14,'',NULL,0,NULL,NULL,NULL,NULL,'deleted','private_message',NULL,NULL,NULL,0,'no','no',0,NULL,0,0,0,NULL,0),(1669,119,14,'',NULL,0,NULL,NULL,NULL,NULL,'deleted','private_message',NULL,NULL,NULL,0,'no','no',0,NULL,0,0,0,NULL,0),(1670,3,126,'歡迎光臨 Comiron!','歡迎光臨 Comiron! ...',0,NULL,NULL,NULL,NULL,'new','private_message',NULL,NULL,NULL,1412496515,'no','no',1412496515,NULL,0,0,0,NULL,0),(1671,126,0,'','您好！我查了一下網站上的 comiron.com ...',0,NULL,NULL,NULL,NULL,'new','news',NULL,NULL,NULL,1412496515,'no','no',1412496515,NULL,0,1,0,'您好！我查了一下網站上的 comiron.com ...',0),(1672,126,112,'','',0,NULL,NULL,NULL,NULL,'unread','private_message',NULL,NULL,NULL,0,'no','no',1412497563,57,57,0,0,NULL,0),(1673,76,80,'','',0,NULL,NULL,NULL,NULL,'read','private_message',NULL,NULL,NULL,0,'no','no',1412503210,NULL,0,0,0,NULL,0),(1674,76,78,'','',0,NULL,NULL,NULL,NULL,'read','private_message',NULL,NULL,NULL,0,'yes','no',1412503210,NULL,0,0,0,NULL,0),(1675,80,76,'',NULL,0,NULL,NULL,NULL,NULL,'deleted','private_message',NULL,NULL,NULL,0,'no','no',0,NULL,0,0,0,NULL,0),(1676,76,0,'',NULL,0,NULL,NULL,NULL,NULL,'deleted','private_message',NULL,NULL,NULL,0,'no','no',0,NULL,0,0,0,NULL,0),(1677,76,0,'',NULL,0,NULL,NULL,NULL,NULL,'deleted','private_message',NULL,NULL,NULL,0,'no','no',0,NULL,0,0,0,NULL,0),(1678,76,0,'',NULL,0,NULL,NULL,NULL,NULL,'deleted','news',NULL,NULL,NULL,0,'no','no',0,NULL,0,0,0,NULL,0),(1679,76,0,'',NULL,0,NULL,NULL,NULL,NULL,'deleted','news',NULL,NULL,NULL,0,'no','no',0,NULL,0,0,0,NULL,0),(1680,14,122,'',NULL,0,NULL,NULL,NULL,NULL,'deleted','private_message',NULL,NULL,NULL,0,'no','no',0,NULL,0,0,0,NULL,0),(1681,78,76,'',NULL,0,NULL,NULL,NULL,NULL,'deleted','private_message',NULL,NULL,NULL,0,'no','no',0,NULL,0,0,0,NULL,0),(1682,78,76,'',NULL,0,NULL,NULL,NULL,NULL,'deleted','private_message',NULL,NULL,NULL,0,'no','no',0,NULL,0,0,0,NULL,0),(1683,76,0,'',NULL,0,NULL,NULL,NULL,NULL,'deleted','private_message',NULL,NULL,NULL,0,'no','no',0,NULL,0,0,0,NULL,0),(1684,3,127,'歡迎光臨 Comiron!','歡迎光臨 Comiron! ...',0,NULL,NULL,NULL,NULL,'read','private_message',NULL,NULL,NULL,1412505068,'no','no',1412505068,NULL,0,0,0,NULL,0),(1685,127,0,'','您好！我查了一下網站上的 comiron.com ...',0,NULL,NULL,NULL,NULL,'new','news',NULL,NULL,NULL,1412505068,'no','no',1412505068,NULL,0,0,0,'您好！我查了一下網站上的 comiron.com ...',0),(1686,76,0,'',NULL,0,NULL,NULL,NULL,NULL,'deleted','private_message',NULL,NULL,NULL,0,'no','no',0,NULL,0,0,0,NULL,0),(1687,78,80,'添加客户','小娜',0,NULL,NULL,NULL,NULL,'read','private_message',NULL,NULL,NULL,1412505565,'no','no',1412505565,40,40,0,0,NULL,0),(1688,80,78,'',NULL,0,NULL,NULL,NULL,NULL,'deleted','private_message',NULL,NULL,NULL,0,'no','no',0,NULL,0,0,0,NULL,0),(1689,78,0,'',NULL,0,NULL,NULL,NULL,NULL,'deleted','private_message',NULL,NULL,NULL,0,'no','no',0,NULL,0,0,0,NULL,0),(1690,80,0,'',NULL,0,NULL,NULL,NULL,NULL,'deleted','private_message',NULL,NULL,NULL,0,'no','no',0,NULL,0,0,0,NULL,0),(1691,80,0,'',NULL,0,NULL,NULL,NULL,NULL,'deleted','private_message',NULL,NULL,NULL,0,'no','no',0,NULL,0,0,0,NULL,0),(1692,127,3,'',NULL,0,NULL,NULL,NULL,NULL,'deleted','private_message',NULL,NULL,NULL,0,'no','no',0,NULL,0,0,0,NULL,0),(1693,78,80,'',NULL,0,NULL,NULL,NULL,NULL,'deleted','private_message',NULL,NULL,NULL,0,'no','no',0,NULL,0,0,0,NULL,0),(1694,80,0,'',NULL,0,NULL,NULL,NULL,NULL,'deleted','news',NULL,NULL,NULL,0,'no','no',0,NULL,0,0,0,NULL,0),(1695,76,78,'王','',0,NULL,NULL,NULL,NULL,'read','private_message',NULL,NULL,NULL,1412508540,'no','no',1412508540,39,39,0,0,NULL,0),(1696,80,76,'',NULL,0,NULL,NULL,NULL,NULL,'deleted','private_message',NULL,NULL,NULL,0,'no','no',0,NULL,0,0,0,NULL,0),(1697,76,78,'',NULL,0,NULL,NULL,NULL,NULL,'deleted','private_message',NULL,NULL,NULL,0,'no','no',0,NULL,0,0,0,NULL,0),(1698,78,76,'',NULL,0,NULL,NULL,NULL,NULL,'deleted','private_message',NULL,NULL,NULL,0,'no','no',0,NULL,0,0,0,NULL,0),(1699,3,128,'歡迎光臨 Comiron!','歡迎光臨 Comiron! ...',0,NULL,NULL,NULL,NULL,'new','private_message',NULL,NULL,NULL,1412511096,'no','no',1412511096,NULL,0,0,0,NULL,0),(1700,128,0,'','您好！我查了一下網站上的 comiron.com ...',0,NULL,NULL,NULL,NULL,'new','news',NULL,NULL,NULL,1412511096,'no','no',1412511096,NULL,0,0,0,'您好！我查了一下網站上的 comiron.com ...',0),(1701,3,129,'歡迎光臨 Comiron!','歡迎光臨 Comiron! ...',0,NULL,NULL,NULL,NULL,'read','private_message',NULL,NULL,NULL,1412559895,'no','no',1412559895,NULL,0,0,0,NULL,0),(1702,129,0,'','您好！我查了一下網站上的 comiron.com ...',0,NULL,NULL,NULL,NULL,'new','news',NULL,NULL,NULL,1412559895,'no','no',1412559895,NULL,0,0,0,'您好！我查了一下網站上的 comiron.com ...',0),(1703,113,14,'',NULL,0,NULL,NULL,NULL,NULL,'deleted','private_message',NULL,NULL,NULL,0,'no','no',0,NULL,0,0,0,NULL,0),(1704,129,3,'',NULL,0,NULL,NULL,NULL,NULL,'deleted','private_message',NULL,NULL,NULL,0,'no','no',0,NULL,0,0,0,NULL,0),(1705,3,130,'歡迎光臨 Comiron!','歡迎光臨 Comiron! ...',0,NULL,NULL,NULL,NULL,'new','private_message',NULL,NULL,NULL,1412569084,'no','no',1412569084,NULL,0,0,0,NULL,0),(1706,130,0,'','您好！我查了一下網站上的 comiron.com ...',0,NULL,NULL,NULL,NULL,'new','news',NULL,NULL,NULL,1412569084,'no','no',1412569084,NULL,0,0,0,'您好！我查了一下網站上的 comiron.com ...',0),(1707,130,3,'',NULL,0,NULL,NULL,NULL,NULL,'deleted','private_message',NULL,NULL,NULL,0,'no','no',0,NULL,0,0,0,NULL,0),(1708,3,131,'歡迎光臨 Comiron!','歡迎光臨 Comiron! ...',0,NULL,NULL,NULL,NULL,'read','private_message',NULL,NULL,NULL,1412575210,'no','no',1412575210,NULL,0,0,0,NULL,0),(1709,131,0,'','您好！我查了一下網站上的 comiron.com ...',0,NULL,NULL,NULL,NULL,'new','news',NULL,NULL,NULL,1412575210,'no','no',1412575210,NULL,0,0,0,'您好！我查了一下網站上的 comiron.com ...',0),(1710,113,14,'',NULL,0,NULL,NULL,NULL,NULL,'deleted','private_message',NULL,NULL,NULL,0,'no','no',0,NULL,0,0,0,NULL,0),(1711,113,3,'','荣幸之至',0,NULL,NULL,NULL,NULL,'read','private_message',NULL,NULL,NULL,0,'no','no',1412581592,NULL,0,0,0,NULL,0),(1712,113,3,'',NULL,0,NULL,NULL,NULL,NULL,'deleted','private_message',NULL,NULL,NULL,0,'no','no',0,NULL,0,0,0,NULL,0),(1713,113,14,'',NULL,0,NULL,NULL,NULL,NULL,'deleted','private_message',NULL,NULL,NULL,0,'no','no',0,NULL,0,0,0,NULL,0),(1714,114,3,'',NULL,0,NULL,NULL,NULL,NULL,'deleted','private_message',NULL,NULL,NULL,0,'no','no',0,NULL,0,0,0,NULL,0),(1715,114,3,'',NULL,0,NULL,NULL,NULL,NULL,'deleted','private_message',NULL,NULL,NULL,0,'no','no',0,NULL,0,0,0,NULL,0),(1716,14,113,'',NULL,0,NULL,NULL,NULL,NULL,'deleted','private_message',NULL,NULL,NULL,0,'no','no',0,NULL,0,0,0,NULL,0),(1717,119,3,'',NULL,0,NULL,NULL,NULL,NULL,'deleted','private_message',NULL,NULL,NULL,0,'no','no',0,NULL,0,0,0,NULL,0),(1718,76,78,'',NULL,0,NULL,NULL,NULL,NULL,'deleted','private_message',NULL,NULL,NULL,0,'no','no',0,NULL,0,0,0,NULL,0),(1719,80,76,'',NULL,0,NULL,NULL,NULL,NULL,'deleted','private_message',NULL,NULL,NULL,0,'no','no',0,NULL,0,0,0,NULL,0),(1720,78,76,'',NULL,0,NULL,NULL,NULL,NULL,'deleted','private_message',NULL,NULL,NULL,0,'no','no',0,NULL,0,0,0,NULL,0),(1721,78,0,'',NULL,0,NULL,NULL,NULL,NULL,'deleted','news',NULL,NULL,NULL,0,'no','no',0,NULL,0,0,0,NULL,0),(1722,78,80,'加我','',0,NULL,NULL,NULL,NULL,'read','private_message',NULL,NULL,NULL,1412593902,'no','no',1412593902,40,40,0,0,NULL,0),(1723,80,76,'',NULL,0,NULL,NULL,NULL,NULL,'deleted','private_message',NULL,NULL,NULL,0,'no','no',0,NULL,0,0,0,NULL,0),(1724,80,78,'',NULL,0,NULL,NULL,NULL,NULL,'deleted','private_message',NULL,NULL,NULL,0,'no','no',0,NULL,0,0,0,NULL,0),(1725,80,0,'',NULL,0,NULL,NULL,NULL,NULL,'deleted','private_message',NULL,NULL,NULL,0,'no','no',0,NULL,0,0,0,NULL,0),(1726,76,0,'',NULL,0,NULL,NULL,NULL,NULL,'deleted','private_message',NULL,NULL,NULL,0,'no','no',0,NULL,0,0,0,NULL,0),(1727,80,0,'',NULL,0,NULL,NULL,NULL,NULL,'deleted','private_message',NULL,NULL,NULL,0,'no','no',0,NULL,0,0,0,NULL,0),(1728,80,123,'',NULL,0,NULL,NULL,NULL,NULL,'deleted','private_message',NULL,NULL,NULL,0,'no','no',0,NULL,0,0,0,NULL,0),(1729,3,132,'歡迎光臨 Comiron!','歡迎光臨 Comiron! ...',0,NULL,NULL,NULL,NULL,'read','private_message',NULL,NULL,NULL,1412601081,'no','no',1412601081,NULL,0,0,0,NULL,0),(1730,132,0,'','您好！我查了一下網站上的 comiron.com ...',0,NULL,NULL,NULL,NULL,'new','news',NULL,NULL,NULL,1412601081,'no','no',1412601081,NULL,0,0,0,'您好！我查了一下網站上的 comiron.com ...',0),(1731,132,3,'',NULL,0,NULL,NULL,NULL,NULL,'deleted','private_message',NULL,NULL,NULL,0,'no','no',0,NULL,0,0,0,NULL,0),(1732,3,133,'歡迎光臨 Comiron!','歡迎光臨 Comiron! ...',0,NULL,NULL,NULL,NULL,'new','private_message',NULL,NULL,NULL,1412602649,'no','no',1412602649,NULL,0,0,0,NULL,0),(1733,133,0,'','您好！我查了一下網站上的 comiron.com ...',0,NULL,NULL,NULL,NULL,'new','news',NULL,NULL,NULL,1412602649,'no','no',1412602649,NULL,0,0,0,'您好！我查了一下網站上的 comiron.com ...',0),(1734,14,120,'',NULL,0,NULL,NULL,NULL,NULL,'deleted','private_message',NULL,NULL,NULL,0,'no','no',0,NULL,0,0,0,NULL,0),(1735,3,134,'歡迎光臨 Comiron!','歡迎光臨 Comiron! ...',0,NULL,NULL,NULL,NULL,'read','private_message',NULL,NULL,NULL,1412647412,'no','no',1412647412,NULL,0,0,0,NULL,0),(1736,134,0,'','您好！我查了一下網站上的 comiron.com ...',0,NULL,NULL,NULL,NULL,'new','news',NULL,NULL,NULL,1412647412,'no','no',1412647412,NULL,0,0,0,'您好！我查了一下網站上的 comiron.com ...',0),(1737,134,3,'',NULL,0,NULL,NULL,NULL,NULL,'deleted','private_message',NULL,NULL,NULL,0,'no','no',0,NULL,0,0,0,NULL,0),(1738,134,3,'',NULL,0,NULL,NULL,NULL,NULL,'deleted','private_message',NULL,NULL,NULL,0,'no','no',0,NULL,0,0,0,NULL,0),(1739,119,14,'',NULL,0,NULL,NULL,NULL,NULL,'deleted','private_message',NULL,NULL,NULL,0,'no','no',0,NULL,0,0,0,NULL,0),(1740,3,135,'歡迎光臨 Comiron!','歡迎光臨 Comiron! ...',0,NULL,NULL,NULL,NULL,'new','private_message',NULL,NULL,NULL,1412649951,'no','no',1412649951,NULL,0,0,0,NULL,0),(1741,135,0,'','您好！我查了一下網站上的 comiron.com ...',0,NULL,NULL,NULL,NULL,'new','news',NULL,NULL,NULL,1412649951,'no','no',1412649951,NULL,0,0,0,'您好！我查了一下網站上的 comiron.com ...',0),(1742,3,113,'',NULL,0,NULL,NULL,NULL,NULL,'deleted','private_message',NULL,NULL,NULL,0,'no','no',0,NULL,0,0,0,NULL,0),(1743,3,136,'歡迎光臨 Comiron!','歡迎光臨 Comiron! ...',0,NULL,NULL,NULL,NULL,'read','private_message',NULL,NULL,NULL,1412651121,'no','no',1412651121,NULL,0,0,0,NULL,0),(1744,136,0,'','您好！我查了一下網站上的 comiron.com ...',0,NULL,NULL,NULL,NULL,'new','news',NULL,NULL,NULL,1412651121,'no','no',1412651121,NULL,0,0,0,'您好！我查了一下網站上的 comiron.com ...',0),(1745,136,3,'',NULL,0,NULL,NULL,NULL,NULL,'deleted','private_message',NULL,NULL,NULL,0,'no','no',0,NULL,0,0,0,NULL,0),(1746,134,0,'',NULL,0,NULL,NULL,NULL,NULL,'deleted','private_message',NULL,NULL,NULL,0,'no','no',0,NULL,0,0,0,NULL,0),(1747,119,3,'',NULL,0,NULL,NULL,NULL,NULL,'deleted','private_message',NULL,NULL,NULL,0,'no','no',0,NULL,0,0,0,NULL,0),(1748,119,3,'',NULL,0,NULL,NULL,NULL,NULL,'deleted','private_message',NULL,NULL,NULL,0,'no','no',0,NULL,0,0,0,NULL,0),(1749,119,3,'',NULL,0,NULL,NULL,NULL,NULL,'deleted','private_message',NULL,NULL,NULL,0,'no','no',0,NULL,0,0,0,NULL,0),(1750,3,137,'歡迎光臨 Comiron!','歡迎光臨 Comiron! ...',0,NULL,NULL,NULL,NULL,'new','private_message',NULL,NULL,NULL,1412662608,'no','no',1412662608,NULL,0,0,0,NULL,0),(1751,137,0,'','您好！我查了一下網站上的 comiron.com ...',0,NULL,NULL,NULL,NULL,'new','news',NULL,NULL,NULL,1412662608,'no','no',1412662608,NULL,0,0,0,'您好！我查了一下網站上的 comiron.com ...',0),(1752,123,80,'',NULL,0,NULL,NULL,NULL,NULL,'deleted','private_message',NULL,NULL,NULL,0,'no','no',0,NULL,0,0,0,NULL,0),(1753,123,3,'',NULL,0,NULL,NULL,NULL,NULL,'deleted','private_message',NULL,NULL,NULL,0,'no','no',0,NULL,0,0,0,NULL,0),(1754,3,138,'歡迎光臨 Comiron!','歡迎光臨 Comiron! ...',0,NULL,NULL,NULL,NULL,'new','private_message',NULL,NULL,NULL,1412667284,'no','no',1412667284,NULL,0,0,0,NULL,0),(1755,138,0,'','您好！我查了一下網站上的 comiron.com ...',0,NULL,NULL,NULL,NULL,'new','news',NULL,NULL,NULL,1412667284,'no','no',1412667284,NULL,0,0,0,'您好！我查了一下網站上的 comiron.com ...',0),(1756,3,139,'歡迎光臨 Comiron!','歡迎光臨 Comiron! ...',0,NULL,NULL,NULL,NULL,'read','private_message',NULL,NULL,NULL,1412668989,'no','no',1412668989,NULL,0,0,0,NULL,0),(1757,139,0,'','您好！我查了一下網站上的 comiron.com ...',0,NULL,NULL,NULL,NULL,'new','news',NULL,NULL,NULL,1412668989,'no','no',1412668989,NULL,0,0,0,'您好！我查了一下網站上的 comiron.com ...',0),(1758,139,3,'',NULL,0,NULL,NULL,NULL,NULL,'deleted','private_message',NULL,NULL,NULL,0,'no','no',0,NULL,0,0,0,NULL,0),(1759,3,140,'歡迎光臨 Comiron!','歡迎光臨 Comiron! ...',0,NULL,NULL,NULL,NULL,'read','private_message',NULL,NULL,NULL,1412670083,'no','no',1412670083,NULL,0,0,0,NULL,0),(1760,140,0,'','您好！我查了一下網站上的 comiron.com ...',0,NULL,NULL,NULL,NULL,'new','news',NULL,NULL,NULL,1412670083,'no','no',1412670083,NULL,0,0,0,'您好！我查了一下網站上的 comiron.com ...',0),(1761,139,3,'',NULL,0,NULL,NULL,NULL,NULL,'deleted','private_message',NULL,NULL,NULL,0,'no','no',0,NULL,0,0,0,NULL,0),(1762,139,0,'',NULL,0,NULL,NULL,NULL,NULL,'deleted','private_message',NULL,NULL,NULL,0,'no','no',0,NULL,0,0,0,NULL,0),(1763,140,3,'',NULL,0,NULL,NULL,NULL,NULL,'deleted','private_message',NULL,NULL,NULL,0,'no','no',0,NULL,0,0,0,NULL,0),(1764,140,3,'',NULL,0,NULL,NULL,NULL,NULL,'deleted','private_message',NULL,NULL,NULL,0,'no','no',0,NULL,0,0,0,NULL,0),(1765,139,0,'',NULL,0,NULL,NULL,NULL,NULL,'deleted','private_message',NULL,NULL,NULL,0,'no','no',0,NULL,0,0,0,NULL,0),(1766,3,141,'歡迎光臨 Comiron!','歡迎光臨 Comiron! ...',0,NULL,NULL,NULL,NULL,'new','private_message',NULL,NULL,NULL,1412730880,'no','no',1412730880,NULL,0,0,0,NULL,0),(1767,141,0,'','您好！我查了一下網站上的 comiron.com ...',0,NULL,NULL,NULL,NULL,'new','news',NULL,NULL,NULL,1412730880,'no','no',1412730880,NULL,0,1,0,'您好！我查了一下網站上的 comiron.com ...',0),(1768,141,0,'新品','',0,NULL,NULL,NULL,NULL,'new','news',NULL,NULL,NULL,1412732465,'no','no',1412732465,66,0,0,0,'',0),(1769,141,0,'',NULL,0,NULL,NULL,NULL,NULL,'deleted','private_message',NULL,NULL,NULL,0,'no','no',0,NULL,0,0,0,NULL,0),(1770,141,0,'',NULL,0,NULL,NULL,NULL,NULL,'deleted','private_message',NULL,NULL,NULL,0,'no','no',0,NULL,0,0,0,NULL,0),(1771,141,0,'',NULL,0,NULL,NULL,NULL,NULL,'deleted','private_message',NULL,NULL,NULL,0,'no','no',0,NULL,0,0,0,NULL,0),(1772,14,0,'',NULL,0,NULL,NULL,NULL,NULL,'deleted','private_message',NULL,NULL,NULL,0,'no','no',0,NULL,0,0,0,NULL,0),(1773,14,141,'jgkh','ghvcjhgv',0,NULL,NULL,NULL,NULL,'new','private_message',NULL,NULL,NULL,1412732705,'no','no',1412732705,67,67,0,0,NULL,0),(1774,14,0,'',NULL,0,NULL,NULL,NULL,NULL,'deleted','private_message',NULL,NULL,NULL,0,'no','no',0,NULL,0,0,0,NULL,0),(1775,3,142,'歡迎光臨 Comiron!','歡迎光臨 Comiron! ...',0,NULL,NULL,NULL,NULL,'read','private_message',NULL,NULL,NULL,1412734696,'no','no',1412734696,NULL,0,0,0,NULL,0),(1776,142,0,'','您好！我查了一下網站上的 comiron.com ...',0,NULL,NULL,NULL,NULL,'new','news',NULL,NULL,NULL,1412734696,'no','no',1412734696,NULL,0,0,0,'您好！我查了一下網站上的 comiron.com ...',0),(1777,142,3,'',NULL,0,NULL,NULL,NULL,NULL,'deleted','private_message',NULL,NULL,NULL,0,'no','no',0,NULL,0,0,0,NULL,0),(1778,3,143,'歡迎光臨 Comiron!','歡迎光臨 Comiron! ...',0,NULL,NULL,NULL,NULL,'read','private_message',NULL,NULL,NULL,1412735722,'no','no',1412735722,NULL,0,0,0,NULL,0),(1779,143,0,'','您好！我查了一下網站上的 comiron.com ...',0,NULL,NULL,NULL,NULL,'new','news',NULL,NULL,NULL,1412735722,'no','no',1412735722,NULL,0,0,0,'您好！我查了一下網站上的 comiron.com ...',0),(1780,143,3,'',NULL,0,NULL,NULL,NULL,NULL,'deleted','private_message',NULL,NULL,NULL,0,'no','no',0,NULL,0,0,0,NULL,0),(1781,14,13,'','hgbdb',0,NULL,NULL,NULL,NULL,'read','private_message',NULL,NULL,NULL,0,'no','no',1412745779,NULL,0,0,0,NULL,0),(1782,14,13,'',NULL,0,NULL,NULL,NULL,NULL,'deleted','private_message',NULL,NULL,NULL,0,'no','no',0,NULL,0,0,0,NULL,0),(1783,131,3,'',NULL,0,NULL,NULL,NULL,NULL,'deleted','private_message',NULL,NULL,NULL,0,'no','no',0,NULL,0,0,0,NULL,0),(1784,80,76,'','aaa',0,NULL,NULL,NULL,NULL,'read','private_message',NULL,NULL,NULL,0,'no','no',1412761626,NULL,0,0,0,NULL,0),(1785,80,14,'','aaa',0,NULL,NULL,NULL,NULL,'read','private_message',NULL,NULL,NULL,0,'no','no',1412761626,NULL,0,0,0,NULL,0),(1786,80,75,'','aaa',0,NULL,NULL,NULL,NULL,'unread','private_message',NULL,NULL,NULL,0,'no','no',1412761626,NULL,0,0,0,NULL,0),(1787,80,78,'','aaa',0,NULL,NULL,NULL,NULL,'read','private_message',NULL,NULL,NULL,0,'no','no',1412761626,NULL,0,0,0,NULL,0),(1788,80,0,'gongyipin xinkuan','',0,NULL,NULL,NULL,NULL,'new','news',NULL,NULL,NULL,1412762329,'no','no',1412762329,40,0,0,0,'',0),(1789,80,0,'',NULL,0,NULL,NULL,NULL,NULL,'deleted','private_message',NULL,NULL,NULL,0,'no','no',0,NULL,0,0,0,NULL,0),(1790,80,0,'',NULL,0,NULL,NULL,NULL,NULL,'deleted','private_message',NULL,NULL,NULL,0,'no','no',0,NULL,0,0,0,NULL,0),(1791,80,0,'',NULL,0,NULL,NULL,NULL,NULL,'deleted','private_message',NULL,NULL,NULL,0,'no','no',0,NULL,0,0,0,NULL,0),(1792,3,129,'',NULL,0,NULL,NULL,NULL,NULL,'deleted','private_message',NULL,NULL,NULL,0,'no','no',0,NULL,0,0,0,NULL,0),(1793,14,80,'',NULL,0,NULL,NULL,NULL,NULL,'deleted','private_message',NULL,NULL,NULL,0,'no','no',0,NULL,0,0,0,NULL,0),(1794,112,124,'',NULL,0,NULL,NULL,NULL,NULL,'deleted','private_message',NULL,NULL,NULL,0,'no','no',0,NULL,0,0,0,NULL,0),(1795,112,124,'',NULL,0,NULL,NULL,NULL,NULL,'deleted','private_message',NULL,NULL,NULL,0,'no','no',0,NULL,0,0,0,NULL,0),(1796,112,1,'',NULL,0,NULL,NULL,NULL,NULL,'deleted','private_message',NULL,NULL,NULL,0,'no','no',0,NULL,0,0,0,NULL,0),(1797,131,3,'',NULL,0,NULL,NULL,NULL,NULL,'deleted','private_message',NULL,NULL,NULL,0,'no','no',0,NULL,0,0,0,NULL,0),(1878,129,3,'',NULL,0,NULL,NULL,NULL,NULL,'deleted','private_message',NULL,NULL,NULL,0,'no','no',0,NULL,0,0,0,NULL,0),(1798,3,136,'',NULL,0,NULL,NULL,NULL,NULL,'deleted','private_message',NULL,NULL,NULL,0,'no','no',0,NULL,0,0,0,NULL,0),(1799,119,14,'',NULL,0,NULL,NULL,NULL,NULL,'deleted','private_message',NULL,NULL,NULL,0,'no','no',0,NULL,0,0,0,NULL,0),(1800,119,14,'',NULL,0,NULL,NULL,NULL,NULL,'deleted','private_message',NULL,NULL,NULL,0,'no','no',0,NULL,0,0,0,NULL,0),(1801,14,0,'',NULL,0,NULL,NULL,NULL,NULL,'deleted','private_message',NULL,NULL,NULL,0,'no','no',0,NULL,0,0,0,NULL,0),(1802,63,1,'',NULL,0,NULL,NULL,NULL,NULL,'deleted','private_message',NULL,NULL,NULL,0,'no','no',0,NULL,0,0,0,NULL,0),(1803,14,14,'','а',0,NULL,NULL,NULL,NULL,'read','private_message',NULL,NULL,NULL,0,'no','no',1412855875,13,13,0,0,NULL,0),(1804,14,13,'','а',0,NULL,NULL,NULL,NULL,'read','private_message',NULL,NULL,NULL,0,'no','no',1412855875,13,13,0,0,NULL,0),(1805,14,0,'',NULL,0,NULL,NULL,NULL,NULL,'deleted','private_message',NULL,NULL,NULL,0,'no','no',0,NULL,0,0,0,NULL,0),(1806,14,0,'Ежик','ЕЖик',0,NULL,NULL,NULL,NULL,'new','news',NULL,NULL,NULL,1412855965,'no','no',1412855965,13,0,0,0,'',1),(1807,14,14,'','Ежик',0,NULL,NULL,NULL,NULL,'read','private_message',NULL,NULL,NULL,0,'no','no',1412856237,13,13,0,0,NULL,0),(1808,14,13,'','Ежик',0,NULL,NULL,NULL,NULL,'read','private_message',NULL,NULL,NULL,0,'no','no',1412856237,13,13,0,0,NULL,0),(1809,14,13,'',NULL,0,NULL,NULL,NULL,NULL,'deleted','private_message',NULL,NULL,NULL,0,'no','no',0,NULL,0,0,0,NULL,0),(1810,2,144,'Добро пожаловать в Comiron!','Добро пожаловать в Comiron! ...',0,NULL,NULL,NULL,NULL,'new','private_message',NULL,NULL,NULL,1412874756,'no','no',1412874756,NULL,0,0,0,NULL,0),(1811,144,0,'','Всем привет! Я зарегистрировался на сайте comiron.com ...',0,NULL,NULL,NULL,NULL,'new','news',NULL,NULL,NULL,1412874756,'no','no',1412874756,NULL,0,0,0,'Всем привет! Я зарегистрировался на сайте comiron.com ...',0),(1812,119,14,'',NULL,0,NULL,NULL,NULL,NULL,'deleted','private_message',NULL,NULL,NULL,0,'no','no',0,NULL,0,0,0,NULL,0),(1813,119,3,'',NULL,0,NULL,NULL,NULL,NULL,'deleted','private_message',NULL,NULL,NULL,0,'no','no',0,NULL,0,0,0,NULL,0),(1814,119,14,'','Здравствуйте, ты сказал что наши цены непонятно, у нас цена за один штук, скажи какой товар, какой размер и сколько коробок, потом заказ мы сделаем, конкракт отправим клиенту, и залок отправьте нам пожалуйста. Когда товары готово, остальные деньги отправьте, товары поставим.Примите файл пожалуйста. наши цена без доставки',0,NULL,NULL,NULL,NULL,'read','private_message',NULL,NULL,NULL,0,'no','no',1412910901,13,0,0,0,NULL,0),(1815,119,14,'',NULL,0,NULL,NULL,NULL,NULL,'deleted','private_message',NULL,NULL,NULL,0,'no','no',0,NULL,0,0,0,NULL,0),(1816,14,14,'',NULL,0,NULL,NULL,NULL,NULL,'deleted','private_message',NULL,NULL,NULL,0,'no','no',0,NULL,0,0,0,NULL,0),(1817,14,14,'','New products',0,NULL,NULL,NULL,NULL,'read','private_message',NULL,NULL,NULL,0,'no','no',1412918757,13,13,0,0,NULL,0),(1818,14,13,'','New products',0,NULL,NULL,NULL,NULL,'read','private_message',NULL,NULL,NULL,0,'no','no',1412918757,13,13,0,0,NULL,0),(1819,14,119,'','да это я понял! но Comiron специально для удобно клиент покупать прямо на комирон!!!!  Клиент увидел товар и Понравилась цена Понравилась фото и он сразу нажимет кнопка купить!\r\n\r\nА Ваш товар есть Фото на Фото много разный размер и цена непонятно за какой размер! Если это набор лучше писать цена за набор чтоб клиент сразу покупал на ваша страница!',0,NULL,NULL,NULL,NULL,'read','private_message',NULL,NULL,NULL,0,'no','no',1412929987,50,0,0,0,NULL,0),(1820,14,119,'',NULL,0,NULL,NULL,NULL,NULL,'deleted','private_message',NULL,NULL,NULL,0,'no','no',0,NULL,0,0,0,NULL,0),(1821,14,119,'',NULL,0,NULL,NULL,NULL,NULL,'deleted','private_message',NULL,NULL,NULL,0,'no','no',0,NULL,0,0,0,NULL,0),(1822,14,119,'',NULL,0,NULL,NULL,NULL,NULL,'deleted','private_message',NULL,NULL,NULL,0,'no','no',0,NULL,0,0,0,NULL,0),(1823,14,119,'',NULL,0,NULL,NULL,NULL,NULL,'deleted','private_message',NULL,NULL,NULL,0,'no','no',0,NULL,0,0,0,NULL,0),(1824,14,119,'',NULL,0,NULL,NULL,NULL,NULL,'deleted','private_message',NULL,NULL,NULL,0,'no','no',0,NULL,0,0,0,NULL,0),(1825,14,119,'',NULL,0,NULL,NULL,NULL,NULL,'deleted','private_message',NULL,NULL,NULL,0,'no','no',0,NULL,0,0,0,NULL,0),(1826,14,119,'',NULL,0,NULL,NULL,NULL,NULL,'deleted','private_message',NULL,NULL,NULL,0,'no','no',0,NULL,0,0,0,NULL,0),(1827,14,119,'',NULL,0,NULL,NULL,NULL,NULL,'deleted','private_message',NULL,NULL,NULL,0,'no','no',0,NULL,0,0,0,NULL,0),(1828,14,119,'',NULL,0,NULL,NULL,NULL,NULL,'deleted','private_message',NULL,NULL,NULL,0,'no','no',0,NULL,0,0,0,NULL,0),(1829,14,119,'','да это я понял! но Comiron специально для удобно клиент покупать прямо на комирон!!!!  Клиент увидел товар и Понравилась цена Понравилась фото и он сразу нажимет кнопка купить!\r\n\r\nА Ваш товар есть Фото на Фото много разный размер и цена непонятно за какой размер! Если это набор лучше писать цена за набор чтоб клиент сразу покупал на ваша страница!',0,NULL,NULL,NULL,NULL,'read','private_message',NULL,NULL,NULL,0,'no','no',1412930292,13,13,0,0,NULL,0),(1830,14,119,'',NULL,0,NULL,NULL,NULL,NULL,'deleted','private_message',NULL,NULL,NULL,0,'no','no',0,NULL,0,0,0,NULL,0),(1831,14,119,'',NULL,0,NULL,NULL,NULL,NULL,'deleted','private_message',NULL,NULL,NULL,0,'no','no',0,NULL,0,0,0,NULL,0),(1832,15,15,'','111',0,NULL,NULL,NULL,NULL,'read','private_message',NULL,NULL,NULL,0,'no','no',1412930376,21,21,0,0,NULL,0),(1833,15,15,'',NULL,0,NULL,NULL,NULL,NULL,'deleted','private_message',NULL,NULL,NULL,0,'no','no',0,NULL,0,0,0,NULL,0),(1834,15,15,'','222',0,NULL,NULL,NULL,NULL,'read','private_message',NULL,NULL,NULL,0,'no','no',1412930385,21,0,0,0,NULL,0),(1835,15,15,'',NULL,0,NULL,NULL,NULL,NULL,'deleted','private_message',NULL,NULL,NULL,0,'no','no',0,NULL,0,0,0,NULL,0),(1836,15,15,'',NULL,0,NULL,NULL,NULL,NULL,'deleted','private_message',NULL,NULL,NULL,0,'no','no',0,NULL,0,0,0,NULL,0),(1837,15,15,'',NULL,0,NULL,NULL,NULL,NULL,'deleted','private_message',NULL,NULL,NULL,0,'no','no',0,NULL,0,0,0,NULL,0),(1838,15,15,'','333',0,NULL,NULL,NULL,NULL,'read','private_message',NULL,NULL,NULL,0,'no','no',1412930421,21,0,0,0,NULL,0),(1839,15,15,'',NULL,0,NULL,NULL,NULL,NULL,'deleted','private_message',NULL,NULL,NULL,0,'no','no',0,NULL,0,0,0,NULL,0),(1840,15,15,'',NULL,0,NULL,NULL,NULL,NULL,'deleted','private_message',NULL,NULL,NULL,0,'no','no',0,NULL,0,0,0,NULL,0),(1841,15,15,'',NULL,0,NULL,NULL,NULL,NULL,'deleted','private_message',NULL,NULL,NULL,0,'no','no',0,NULL,0,0,0,NULL,0),(1842,14,14,'','нвасрп',0,NULL,NULL,NULL,NULL,'read','private_message',NULL,NULL,NULL,0,'no','no',1412934214,13,13,0,0,NULL,0),(1843,14,13,'','нвасрп',0,NULL,NULL,NULL,NULL,'read','private_message',NULL,NULL,NULL,0,'no','no',1412934214,13,13,0,0,NULL,0),(1844,14,14,'','еарагоро',0,NULL,NULL,NULL,NULL,'read','private_message',NULL,NULL,NULL,0,'no','no',1412934233,13,13,0,0,NULL,0),(1845,14,14,'','лгнмаопрмло',0,NULL,NULL,NULL,NULL,'read','private_message',NULL,NULL,NULL,0,'no','no',1412934237,13,13,0,0,NULL,0),(1846,14,14,'',NULL,0,NULL,NULL,NULL,NULL,'deleted','private_message',NULL,NULL,NULL,0,'no','no',0,NULL,0,0,0,NULL,0),(1847,139,0,'',NULL,0,NULL,NULL,NULL,NULL,'deleted','private_message',NULL,NULL,NULL,0,'no','no',0,NULL,0,0,0,NULL,0),(1848,119,14,'','Да все понятно, но на этом сайте мы не знаем как писать цена за разные размеры, такой функции нету. У нас товары например 48 шт. в коробке, один размер в одной коробке, набор нету, другой товар есть  но не все товары, понятно? И вы можете функции делать для цены разного размер, потому что новерное клиент только один размер надо, другой размер наверное у него есть, или ему ненужно.',0,NULL,NULL,NULL,NULL,'read','private_message',NULL,NULL,NULL,0,'no','no',1412991981,13,0,0,0,NULL,0),(1849,119,14,'',NULL,0,NULL,NULL,NULL,NULL,'deleted','private_message',NULL,NULL,NULL,0,'no','no',0,NULL,0,0,0,NULL,0),(1850,14,119,'','хорошо - я понял вопрос! я говорю с программист! как вам сделать удобно! а сейчас можно добавить товар который один размер! Или если разный то можно добавить каждый размер как отдельно товар!\r\nСпасибо за важный вопрос мы постораемся быстро решить!',0,NULL,NULL,NULL,NULL,'read','private_message',NULL,NULL,NULL,0,'no','no',1412992539,50,0,0,0,NULL,0),(1851,14,119,'',NULL,0,NULL,NULL,NULL,NULL,'deleted','private_message',NULL,NULL,NULL,0,'no','no',0,NULL,0,0,0,NULL,0),(1852,14,119,'',NULL,0,NULL,NULL,NULL,NULL,'deleted','private_message',NULL,NULL,NULL,0,'no','no',0,NULL,0,0,0,NULL,0),(1853,14,119,'',NULL,0,NULL,NULL,NULL,NULL,'deleted','private_message',NULL,NULL,NULL,0,'no','no',0,NULL,0,0,0,NULL,0),(1854,14,119,'','хорошо - я понял вопрос! я говорю с программист! как вам сделать удобно! а сейчас можно добавить товар который один размер! Или если разный то можно добавить каждый размер как отдельно товар!\r\nСпасибо за важный вопрос мы постораемся быстро решить!',0,NULL,NULL,NULL,NULL,'read','private_message',NULL,NULL,NULL,0,'no','no',1412992637,13,13,0,0,NULL,0),(1855,14,119,'',NULL,0,NULL,NULL,NULL,NULL,'deleted','private_message',NULL,NULL,NULL,0,'no','no',0,NULL,0,0,0,NULL,0),(1856,2,145,'歡迎光臨 Comiron!','歡迎光臨 Comiron! ...',0,NULL,NULL,NULL,NULL,'read','private_message',NULL,NULL,NULL,1412994359,'no','no',1412994359,NULL,0,0,0,NULL,0),(1857,145,0,'','您好！我查了一下網站上的 comiron.com ...',0,NULL,NULL,NULL,NULL,'new','news',NULL,NULL,NULL,1412994359,'no','no',1412994359,NULL,0,0,0,'您好！我查了一下網站上的 comiron.com ...',0),(1858,145,0,'',NULL,0,NULL,NULL,NULL,NULL,'deleted','news',NULL,NULL,NULL,0,'no','no',0,NULL,0,0,0,NULL,0),(1859,145,2,'',NULL,0,NULL,NULL,NULL,NULL,'deleted','private_message',NULL,NULL,NULL,0,'no','no',0,NULL,0,0,0,NULL,0),(1860,119,14,'','Спасибо большое за ваш ответ И еще вопрос когда ты нам отправил сообщение мы нельзя сразу видеть нету звука нету обновления нам надо обновить потом можно видеть А проблема мы не знаем когда клиент нам отвечать нам надо постоянно обновить многих времени надо тратить и ничего нельзя делать и заказ тоже так не обновим не могу знать что я получил заказ',0,NULL,NULL,NULL,NULL,'read','private_message',NULL,NULL,NULL,0,'no','no',1412998894,13,0,0,0,NULL,0),(1861,14,119,'',NULL,0,NULL,NULL,NULL,NULL,'deleted','private_message',NULL,NULL,NULL,0,'no','no',0,NULL,0,0,0,NULL,0),(1862,14,14,'',NULL,0,NULL,NULL,NULL,NULL,'deleted','private_message',NULL,NULL,NULL,0,'no','no',0,NULL,0,0,0,NULL,0),(1863,14,13,'',NULL,0,NULL,NULL,NULL,NULL,'deleted','private_message',NULL,NULL,NULL,0,'no','no',0,NULL,0,0,0,NULL,0),(1864,14,119,'',NULL,0,NULL,NULL,NULL,NULL,'deleted','private_message',NULL,NULL,NULL,0,'no','no',0,NULL,0,0,0,NULL,0),(1865,14,14,'',NULL,0,NULL,NULL,NULL,NULL,'deleted','private_message',NULL,NULL,NULL,0,'no','no',0,NULL,0,0,0,NULL,0),(1866,14,13,'',NULL,0,NULL,NULL,NULL,NULL,'deleted','private_message',NULL,NULL,NULL,0,'no','no',0,NULL,0,0,0,NULL,0),(1867,14,14,'',NULL,0,NULL,NULL,NULL,NULL,'deleted','private_message',NULL,NULL,NULL,0,'no','no',0,NULL,0,0,0,NULL,0),(1868,14,119,'',NULL,0,NULL,NULL,NULL,NULL,'deleted','private_message',NULL,NULL,NULL,0,'no','no',0,NULL,0,0,0,NULL,0),(1869,14,119,'',NULL,0,NULL,NULL,NULL,NULL,'deleted','private_message',NULL,NULL,NULL,0,'no','no',0,NULL,0,0,0,NULL,0),(1870,119,14,'','http://www.alibaba.com/     http://www.alibaba.com/      Это сайт посмотри пожалуйста очень удобно и есть многие преимущества',0,NULL,NULL,NULL,NULL,'read','private_message',NULL,NULL,NULL,0,'no','no',1413000110,NULL,0,0,0,NULL,0),(1871,119,14,'',NULL,0,NULL,NULL,NULL,NULL,'deleted','private_message',NULL,NULL,NULL,0,'no','no',0,NULL,0,0,0,NULL,0),(1872,119,14,'',NULL,0,NULL,NULL,NULL,NULL,'deleted','private_message',NULL,NULL,NULL,0,'no','no',0,NULL,0,0,0,NULL,0),(1873,119,14,'',NULL,0,NULL,NULL,NULL,NULL,'deleted','private_message',NULL,NULL,NULL,0,'no','no',0,NULL,0,0,0,NULL,0),(1874,119,14,'','http://www.alibaba.com/     http://www.alibaba.com/      Это сайт посмотри пожалуйста очень удобно и есть многие преимущества',0,NULL,NULL,NULL,NULL,'read','private_message',NULL,NULL,NULL,0,'no','no',1413000206,13,0,0,0,NULL,0),(1875,119,14,'',NULL,0,NULL,NULL,NULL,NULL,'deleted','private_message',NULL,NULL,NULL,0,'no','no',0,NULL,0,0,0,NULL,0),(1876,119,14,'',NULL,0,NULL,NULL,NULL,NULL,'deleted','private_message',NULL,NULL,NULL,0,'no','no',0,NULL,0,0,0,NULL,0),(1877,119,14,'',NULL,0,NULL,NULL,NULL,NULL,'deleted','private_message',NULL,NULL,NULL,0,'no','no',0,NULL,0,0,0,NULL,0),(1879,14,119,'','да но и есть много что неудобно!',0,NULL,NULL,NULL,NULL,'read','private_message',NULL,NULL,NULL,0,'no','no',1413014994,NULL,0,0,0,NULL,0),(1880,14,119,'',NULL,0,NULL,NULL,NULL,NULL,'deleted','private_message',NULL,NULL,NULL,0,'no','no',0,NULL,0,0,0,NULL,0),(1881,14,119,'',NULL,0,NULL,NULL,NULL,NULL,'deleted','private_message',NULL,NULL,NULL,0,'no','no',0,NULL,0,0,0,NULL,0),(1882,14,119,'','да но и есть много что неудобно!',0,NULL,NULL,NULL,NULL,'read','private_message',NULL,NULL,NULL,0,'no','no',1413015028,50,0,0,0,NULL,0),(1883,14,119,'',NULL,0,NULL,NULL,NULL,NULL,'deleted','private_message',NULL,NULL,NULL,0,'no','no',0,NULL,0,0,0,NULL,0),(1884,14,14,'',NULL,0,NULL,NULL,NULL,NULL,'deleted','private_message',NULL,NULL,NULL,0,'no','no',0,NULL,0,0,0,NULL,0),(1885,14,13,'',NULL,0,NULL,NULL,NULL,NULL,'deleted','private_message',NULL,NULL,NULL,0,'no','no',0,NULL,0,0,0,NULL,0),(1886,14,119,'',NULL,0,NULL,NULL,NULL,NULL,'deleted','private_message',NULL,NULL,NULL,0,'no','no',0,NULL,0,0,0,NULL,0),(1887,14,119,'','Alibaba и Таобао это чуть чуть другой сайт! Наш больше похож на Facebook.com   VK.com    qq.com\r\nНо я понял что вам нужно уже дал задание для Инжинеров - они занимаются этим вопросом про Одна фото но разный размер разная цена!',0,NULL,NULL,NULL,NULL,'read','private_message',NULL,NULL,NULL,0,'no','no',1413015349,NULL,0,0,0,NULL,0),(1888,14,119,'',NULL,0,NULL,NULL,NULL,NULL,'deleted','private_message',NULL,NULL,NULL,0,'no','no',0,NULL,0,0,0,NULL,0),(1889,14,119,'',NULL,0,NULL,NULL,NULL,NULL,'deleted','private_message',NULL,NULL,NULL,0,'no','no',0,NULL,0,0,0,NULL,0),(1890,14,119,'',NULL,0,NULL,NULL,NULL,NULL,'deleted','private_message',NULL,NULL,NULL,0,'no','no',0,NULL,0,0,0,NULL,0),(1891,14,14,'',NULL,0,NULL,NULL,NULL,NULL,'deleted','private_message',NULL,NULL,NULL,0,'no','no',0,NULL,0,0,0,NULL,0),(1892,14,13,'','рррррр',0,NULL,NULL,NULL,NULL,'read','private_message',NULL,NULL,NULL,0,'no','no',1413015515,20,0,0,0,NULL,0),(1893,14,13,'',NULL,0,NULL,NULL,NULL,NULL,'deleted','private_message',NULL,NULL,NULL,0,'no','no',0,NULL,0,0,0,NULL,0),(1894,14,14,'','гггггг',0,NULL,NULL,NULL,NULL,'read','private_message',NULL,NULL,NULL,0,'no','no',1413015538,13,0,0,0,NULL,0),(1895,14,14,'','ггггггг',0,NULL,NULL,NULL,NULL,'read','private_message',NULL,NULL,NULL,0,'no','no',1413015547,NULL,0,0,0,NULL,0),(1896,14,14,'',NULL,0,NULL,NULL,NULL,NULL,'deleted','private_message',NULL,NULL,NULL,0,'no','no',0,NULL,0,0,0,NULL,0),(1897,14,14,'',NULL,0,NULL,NULL,NULL,NULL,'deleted','private_message',NULL,NULL,NULL,0,'no','no',0,NULL,0,0,0,NULL,0),(1898,14,14,'',NULL,0,NULL,NULL,NULL,NULL,'deleted','private_message',NULL,NULL,NULL,0,'no','no',0,NULL,0,0,0,NULL,0),(1899,14,14,'',NULL,0,NULL,NULL,NULL,NULL,'deleted','private_message',NULL,NULL,NULL,0,'no','no',0,NULL,0,0,0,NULL,0),(1900,14,14,'',NULL,0,NULL,NULL,NULL,NULL,'deleted','private_message',NULL,NULL,NULL,0,'no','no',0,NULL,0,0,0,NULL,0),(1901,14,14,'',NULL,0,NULL,NULL,NULL,NULL,'deleted','private_message',NULL,NULL,NULL,0,'no','no',0,NULL,0,0,0,NULL,0),(1902,14,119,'',NULL,0,NULL,NULL,NULL,NULL,'deleted','private_message',NULL,NULL,NULL,0,'no','no',0,NULL,0,0,0,NULL,0),(1903,14,119,'',NULL,0,NULL,NULL,NULL,NULL,'deleted','private_message',NULL,NULL,NULL,0,'no','no',0,NULL,0,0,0,NULL,0),(1904,14,119,'',NULL,0,NULL,NULL,NULL,NULL,'deleted','private_message',NULL,NULL,NULL,0,'no','no',0,NULL,0,0,0,NULL,0),(1905,14,13,'',NULL,0,NULL,NULL,NULL,NULL,'deleted','private_message',NULL,NULL,NULL,0,'no','no',0,NULL,0,0,0,NULL,0),(1906,14,13,'','лллллл',0,NULL,NULL,NULL,NULL,'read','private_message',NULL,NULL,NULL,0,'no','no',1413015938,20,0,0,0,NULL,0),(1907,14,13,'','ааааа',0,NULL,NULL,NULL,NULL,'read','private_message',NULL,NULL,NULL,0,'no','no',1413015966,NULL,0,0,0,NULL,0),(1908,14,13,'','ввввввв',0,NULL,NULL,NULL,NULL,'read','private_message',NULL,NULL,NULL,0,'no','no',1413015972,NULL,0,0,0,NULL,0),(1909,14,13,'',NULL,0,NULL,NULL,NULL,NULL,'deleted','private_message',NULL,NULL,NULL,0,'no','no',0,NULL,0,0,0,NULL,0),(1910,14,13,'',NULL,0,NULL,NULL,NULL,NULL,'deleted','private_message',NULL,NULL,NULL,0,'no','no',0,NULL,0,0,0,NULL,0),(1911,14,13,'',NULL,0,NULL,NULL,NULL,NULL,'deleted','private_message',NULL,NULL,NULL,0,'no','no',0,NULL,0,0,0,NULL,0),(1912,14,13,'','магазину послал',0,NULL,NULL,NULL,NULL,'read','private_message',NULL,NULL,NULL,0,'no','no',1413016044,20,0,0,0,NULL,0),(1913,14,13,'',NULL,0,NULL,NULL,NULL,NULL,'deleted','private_message',NULL,NULL,NULL,0,'no','no',0,NULL,0,0,0,NULL,0),(1914,14,13,'','магазину послал 2',0,NULL,NULL,NULL,NULL,'read','private_message',NULL,NULL,NULL,0,'no','no',1413016071,20,0,0,0,NULL,0),(1915,14,13,'','магазину послал 3',0,NULL,NULL,NULL,NULL,'read','private_message',NULL,NULL,NULL,0,'no','no',1413016078,NULL,0,0,0,NULL,0),(1916,14,13,'',NULL,0,NULL,NULL,NULL,NULL,'deleted','private_message',NULL,NULL,NULL,0,'no','no',0,NULL,0,0,0,NULL,0),(1917,14,13,'',NULL,0,NULL,NULL,NULL,NULL,'deleted','private_message',NULL,NULL,NULL,0,'no','no',0,NULL,0,0,0,NULL,0),(1918,14,13,'',NULL,0,NULL,NULL,NULL,NULL,'deleted','private_message',NULL,NULL,NULL,0,'no','no',0,NULL,0,0,0,NULL,0),(1919,2,146,'Добро пожаловать в Comiron!','Добро пожаловать в Comiron! ...',0,NULL,NULL,NULL,NULL,'new','private_message',NULL,NULL,NULL,1413018211,'no','no',1413018211,NULL,0,0,0,NULL,0),(1920,146,0,'','Всем привет! Я зарегистрировался на сайте comiron.com ...',0,NULL,NULL,NULL,NULL,'new','news',NULL,NULL,NULL,1413018211,'no','no',1413018211,NULL,0,0,0,'Всем привет! Я зарегистрировался на сайте comiron.com ...',0),(1921,119,14,'',NULL,0,NULL,NULL,NULL,NULL,'deleted','private_message',NULL,NULL,NULL,0,'no','no',0,NULL,0,0,0,NULL,0),(1922,119,14,'',NULL,0,NULL,NULL,NULL,NULL,'deleted','private_message',NULL,NULL,NULL,0,'no','no',0,NULL,0,0,0,NULL,0),(1923,119,14,'','Да да хорошо, спасибо. А если что тебе скажу.',0,NULL,NULL,NULL,NULL,'read','private_message',NULL,NULL,NULL,0,'no','no',1413018872,NULL,0,0,0,NULL,0),(1924,119,14,'',NULL,0,NULL,NULL,NULL,NULL,'deleted','private_message',NULL,NULL,NULL,0,'no','no',0,NULL,0,0,0,NULL,0),(1925,2,147,'歡迎光臨 Comiron!','歡迎光臨 Comiron! ...',0,NULL,NULL,NULL,NULL,'new','private_message',NULL,NULL,NULL,1413020325,'no','no',1413020325,NULL,0,0,0,NULL,0),(1926,147,0,'','您好！我查了一下網站上的 comiron.com ...',0,NULL,NULL,NULL,NULL,'new','news',NULL,NULL,NULL,1413020325,'no','no',1413020325,NULL,0,0,0,'您好！我查了一下網站上的 comiron.com ...',0),(1927,147,0,'',NULL,0,NULL,NULL,NULL,NULL,'deleted','news',NULL,NULL,NULL,0,'no','no',0,NULL,0,0,0,NULL,0),(1928,147,2,'',NULL,0,NULL,NULL,NULL,NULL,'deleted','private_message',NULL,NULL,NULL,0,'no','no',0,NULL,0,0,0,NULL,0),(1929,14,119,'','договорились!',0,NULL,NULL,NULL,NULL,'read','private_message',NULL,NULL,NULL,0,'no','no',1413035332,NULL,0,0,0,NULL,0),(1930,14,119,'',NULL,0,NULL,NULL,NULL,NULL,'deleted','private_message',NULL,NULL,NULL,0,'no','no',0,NULL,0,0,0,NULL,0),(1931,119,14,'',NULL,0,NULL,NULL,NULL,NULL,'deleted','private_message',NULL,NULL,NULL,0,'no','no',0,NULL,0,0,0,NULL,0),(1932,119,14,'',NULL,0,NULL,NULL,NULL,NULL,'deleted','private_message',NULL,NULL,NULL,0,'no','no',0,NULL,0,0,0,NULL,0),(1933,119,14,'',NULL,0,NULL,NULL,NULL,NULL,'deleted','private_message',NULL,NULL,NULL,0,'no','no',0,NULL,0,0,0,NULL,0),(1934,119,14,'',NULL,0,NULL,NULL,NULL,NULL,'deleted','private_message',NULL,NULL,NULL,0,'no','no',0,NULL,0,0,0,NULL,0),(1935,14,119,'',NULL,0,NULL,NULL,NULL,NULL,'deleted','private_message',NULL,NULL,NULL,0,'no','no',0,NULL,0,0,0,NULL,0),(1936,14,119,'',NULL,0,NULL,NULL,NULL,NULL,'deleted','private_message',NULL,NULL,NULL,0,'no','no',0,NULL,0,0,0,NULL,0),(1937,146,2,'',NULL,0,NULL,NULL,NULL,NULL,'deleted','private_message',NULL,NULL,NULL,0,'no','no',0,NULL,0,0,0,NULL,0),(1938,2,148,'歡迎光臨 Comiron!','歡迎光臨 Comiron! ...',0,NULL,NULL,NULL,NULL,'new','private_message',NULL,NULL,NULL,1413188101,'no','no',1413188101,NULL,0,0,0,NULL,0),(1939,148,0,'','您好！我查了一下網站上的 comiron.com ...',0,NULL,NULL,NULL,NULL,'new','news',NULL,NULL,NULL,1413188101,'no','no',1413188101,NULL,0,0,0,'您好！我查了一下網站上的 comiron.com ...',0),(1940,2,149,'歡迎光臨 Comiron!','歡迎光臨 Comiron! ...',0,NULL,NULL,NULL,NULL,'new','private_message',NULL,NULL,NULL,1413188250,'no','no',1413188250,NULL,0,0,0,NULL,0),(1941,149,0,'','您好！我查了一下網站上的 comiron.com ...',0,NULL,NULL,NULL,NULL,'new','news',NULL,NULL,NULL,1413188250,'no','no',1413188250,NULL,0,0,0,'您好！我查了一下網站上的 comiron.com ...',0),(1942,148,0,'',NULL,0,NULL,NULL,NULL,NULL,'deleted','news',NULL,NULL,NULL,0,'no','no',0,NULL,0,0,0,NULL,0),(1943,80,0,'新款','本店新款',0,NULL,NULL,NULL,NULL,'new','news',NULL,NULL,NULL,1413272850,'no','no',1413272850,40,0,0,0,'',0),(1944,80,127,'','',0,NULL,NULL,NULL,NULL,'read','private_message',NULL,NULL,NULL,0,'no','no',1413273062,40,40,0,0,NULL,0),(1945,80,76,'','',0,NULL,NULL,NULL,NULL,'read','private_message',NULL,NULL,NULL,0,'no','no',1413273062,40,40,0,0,NULL,0),(1946,80,78,'','',0,NULL,NULL,NULL,NULL,'read','private_message',NULL,NULL,NULL,0,'no','no',1413273062,40,40,0,0,NULL,0),(1947,14,13,'','Декларашка',0,NULL,NULL,NULL,NULL,'read','private_message',NULL,NULL,NULL,0,'no','no',1413273921,NULL,0,0,0,NULL,0),(1948,14,13,'',NULL,0,NULL,NULL,NULL,NULL,'deleted','private_message',NULL,NULL,NULL,0,'no','no',0,NULL,0,0,0,NULL,0),(1949,13,14,'',NULL,0,NULL,NULL,NULL,NULL,'deleted','private_message',NULL,NULL,NULL,0,'no','no',0,NULL,0,0,0,NULL,0),(1950,13,14,'',NULL,0,NULL,NULL,NULL,NULL,'deleted','private_message',NULL,NULL,NULL,0,'no','no',0,NULL,0,0,0,NULL,0),(1951,13,14,'','',0,NULL,NULL,NULL,NULL,'read','private_message',NULL,NULL,NULL,0,'no','no',1413280494,NULL,0,0,0,NULL,0),(1952,2,150,'歡迎光臨 Comiron!','歡迎光臨 Comiron! ...',0,NULL,NULL,NULL,NULL,'read','private_message',NULL,NULL,NULL,1413276350,'no','no',1413276350,NULL,0,0,0,NULL,0),(1953,150,0,'','您好！我查了一下網站上的 comiron.com ...',0,NULL,NULL,NULL,NULL,'new','news',NULL,NULL,NULL,1413276350,'no','no',1413276350,NULL,0,0,0,'您好！我查了一下網站上的 comiron.com ...',0),(1954,150,2,'',NULL,0,NULL,NULL,NULL,NULL,'deleted','private_message',NULL,NULL,NULL,0,'no','no',0,NULL,0,0,0,NULL,0),(1955,80,14,'',NULL,0,NULL,NULL,NULL,NULL,'deleted','private_message',NULL,NULL,NULL,0,'no','no',0,NULL,0,0,0,NULL,0),(1956,80,0,'',NULL,0,NULL,NULL,NULL,NULL,'deleted','private_message',NULL,NULL,NULL,0,'no','no',0,NULL,0,0,0,NULL,0),(1957,13,14,'','',0,NULL,NULL,NULL,NULL,'read','private_message',NULL,NULL,NULL,0,'no','no',1413282266,NULL,0,0,0,NULL,0),(1958,78,80,'',NULL,0,NULL,NULL,NULL,NULL,'deleted','private_message',NULL,NULL,NULL,0,'no','no',0,NULL,0,0,0,NULL,0),(1959,14,13,'',NULL,0,NULL,NULL,NULL,NULL,'deleted','private_message',NULL,NULL,NULL,0,'no','no',0,NULL,0,0,0,NULL,0),(1960,13,14,'',NULL,0,NULL,NULL,NULL,NULL,'deleted','private_message',NULL,NULL,NULL,0,'no','no',0,NULL,0,0,0,NULL,0),(1961,14,13,'',NULL,0,NULL,NULL,NULL,NULL,'deleted','private_message',NULL,NULL,NULL,0,'no','no',0,NULL,0,0,0,NULL,0),(1962,14,13,'',NULL,0,NULL,NULL,NULL,NULL,'deleted','private_message',NULL,NULL,NULL,0,'no','no',0,NULL,0,0,0,NULL,0),(1963,13,14,'',NULL,0,NULL,NULL,NULL,NULL,'deleted','private_message',NULL,NULL,NULL,0,'no','no',0,NULL,0,0,0,NULL,0),(1964,14,13,'',NULL,0,NULL,NULL,NULL,NULL,'deleted','private_message',NULL,NULL,NULL,0,'no','no',0,NULL,0,0,0,NULL,0),(1965,13,14,'',NULL,0,NULL,NULL,NULL,NULL,'deleted','private_message',NULL,NULL,NULL,0,'no','no',0,NULL,0,0,0,NULL,0),(1966,2,151,'歡迎光臨 Comiron!','歡迎光臨 Comiron! ...',0,NULL,NULL,NULL,NULL,'read','private_message',NULL,NULL,NULL,1413290387,'no','no',1413290387,NULL,0,0,0,NULL,0),(1967,151,0,'','您好！我查了一下網站上的 comiron.com ...',0,NULL,NULL,NULL,NULL,'new','news',NULL,NULL,NULL,1413290387,'no','no',1413290387,NULL,0,0,0,'您好！我查了一下網站上的 comiron.com ...',0),(1968,151,2,'',NULL,0,NULL,NULL,NULL,NULL,'deleted','private_message',NULL,NULL,NULL,0,'no','no',0,NULL,0,0,0,NULL,0),(1969,145,2,'',NULL,0,NULL,NULL,NULL,NULL,'deleted','private_message',NULL,NULL,NULL,0,'no','no',0,NULL,0,0,0,NULL,0),(1970,2,152,'歡迎光臨 Comiron!','歡迎光臨 Comiron! ...',0,NULL,NULL,NULL,NULL,'read','private_message',NULL,NULL,NULL,1413350176,'no','no',1413350176,NULL,0,0,0,NULL,0),(1971,152,0,'','您好！我查了一下網站上的 comiron.com ...',0,NULL,NULL,NULL,NULL,'new','news',NULL,NULL,NULL,1413350176,'no','no',1413350176,NULL,0,0,0,'您好！我查了一下網站上的 comiron.com ...',0),(1972,152,2,'',NULL,0,NULL,NULL,NULL,NULL,'deleted','private_message',NULL,NULL,NULL,0,'no','no',0,NULL,0,0,0,NULL,0),(1973,152,2,'',NULL,0,NULL,NULL,NULL,NULL,'deleted','private_message',NULL,NULL,NULL,0,'no','no',0,NULL,0,0,0,NULL,0),(1974,80,118,'','',0,NULL,NULL,NULL,NULL,'unread','private_message',NULL,NULL,NULL,0,'no','no',1413358141,NULL,0,0,0,NULL,0),(1975,80,78,'','',0,NULL,NULL,NULL,NULL,'unread','private_message',NULL,NULL,NULL,0,'no','no',1413358141,NULL,0,0,0,NULL,0),(1976,80,76,'','',0,NULL,NULL,NULL,NULL,'read','private_message',NULL,NULL,NULL,0,'no','no',1413358141,NULL,0,0,0,NULL,0),(1977,80,127,'','新款',0,NULL,NULL,NULL,NULL,'read','private_message',NULL,NULL,NULL,0,'no','no',1413358894,40,40,0,0,NULL,0),(1978,80,76,'','新款',0,NULL,NULL,NULL,NULL,'read','private_message',NULL,NULL,NULL,0,'no','no',1413358894,40,40,0,0,NULL,0),(1979,80,78,'','新款',0,NULL,NULL,NULL,NULL,'read','private_message',NULL,NULL,NULL,0,'no','no',1413358894,40,40,0,0,NULL,0),(1980,14,0,'Что делать!?','USD растет, евро тоже! у кого какие предложения? предлагайте в комментариях - давайте обсуждать - одна голова хорошо а две три четыре просто замечательно!',0,NULL,NULL,NULL,NULL,'new','news',NULL,NULL,NULL,1413382799,'no','no',1413382681,NULL,0,0,0,'',1),(1981,2,153,'歡迎光臨 Comiron!','歡迎光臨 Comiron! ...',0,NULL,NULL,NULL,NULL,'new','private_message',NULL,NULL,NULL,1413428987,'no','no',1413428987,NULL,0,0,0,NULL,0),(1982,153,0,'','您好！我查了一下網站上的 comiron.com ...',0,NULL,NULL,NULL,NULL,'new','news',NULL,NULL,NULL,1413428987,'no','no',1413428987,NULL,0,0,0,'您好！我查了一下網站上的 comiron.com ...',0),(1983,2,154,'歡迎光臨 Comiron!','歡迎光臨 Comiron! ...',0,NULL,NULL,NULL,NULL,'new','private_message',NULL,NULL,NULL,1413432569,'no','no',1413432569,NULL,0,0,0,NULL,0),(1984,154,0,'','您好！我查了一下網站上的 comiron.com ...',0,NULL,NULL,NULL,NULL,'new','news',NULL,NULL,NULL,1413432569,'no','no',1413432569,NULL,0,0,0,'您好！我查了一下網站上的 comiron.com ...',0),(1985,2,155,'歡迎光臨 Comiron!','歡迎光臨 Comiron! ...',0,NULL,NULL,NULL,NULL,'new','private_message',NULL,NULL,NULL,1413436150,'no','no',1413436150,NULL,0,0,0,NULL,0),(1986,155,0,'','您好！我查了一下網站上的 comiron.com ...',0,NULL,NULL,NULL,NULL,'new','news',NULL,NULL,NULL,1413436150,'no','no',1413436150,NULL,0,0,0,'您好！我查了一下網站上的 comiron.com ...',0),(1987,2,156,'歡迎光臨 Comiron!','歡迎光臨 Comiron! ...',0,NULL,NULL,NULL,NULL,'new','private_message',NULL,NULL,NULL,1413442243,'no','no',1413442243,NULL,0,0,0,NULL,0),(1988,156,0,'','您好！我查了一下網站上的 comiron.com ...',0,NULL,NULL,NULL,NULL,'new','news',NULL,NULL,NULL,1413442243,'no','no',1413442243,NULL,0,0,0,'您好！我查了一下網站上的 comiron.com ...',0),(1989,2,157,'歡迎光臨 Comiron!','歡迎光臨 Comiron! ...',0,NULL,NULL,NULL,NULL,'new','private_message',NULL,NULL,NULL,1413446459,'no','no',1413446459,NULL,0,0,0,NULL,0),(1990,157,0,'','您好！我查了一下網站上的 comiron.com ...',0,NULL,NULL,NULL,NULL,'new','news',NULL,NULL,NULL,1413446459,'no','no',1413446459,NULL,0,0,0,'您好！我查了一下網站上的 comiron.com ...',0),(1991,2,158,'歡迎光臨 Comiron!','歡迎光臨 Comiron! ...',0,NULL,NULL,NULL,NULL,'new','private_message',NULL,NULL,NULL,1413449313,'no','no',1413449313,NULL,0,0,0,NULL,0),(1992,158,0,'','您好！我查了一下網站上的 comiron.com ...',0,NULL,NULL,NULL,NULL,'new','news',NULL,NULL,NULL,1413449313,'no','no',1413449313,NULL,0,0,0,'您好！我查了一下網站上的 comiron.com ...',0),(1993,2,159,'歡迎光臨 Comiron!','歡迎光臨 Comiron! ...',0,NULL,NULL,NULL,NULL,'new','private_message',NULL,NULL,NULL,1413451759,'no','no',1413451759,NULL,0,0,0,NULL,0),(1994,159,0,'','您好！我查了一下網站上的 comiron.com ...',0,NULL,NULL,NULL,NULL,'new','news',NULL,NULL,NULL,1413451759,'no','no',1413451759,NULL,0,0,0,'您好！我查了一下網站上的 comiron.com ...',0),(1995,14,145,'Meggi hi','Meggi hi pleas OK mi in you shop i need look all you products',0,NULL,NULL,NULL,NULL,'read','private_message',NULL,NULL,NULL,1413478781,'no','no',1413478781,NULL,0,0,0,NULL,0),(1996,2,160,'歡迎光臨 Comiron!','歡迎光臨 Comiron! ...',0,NULL,NULL,NULL,NULL,'read','private_message',NULL,NULL,NULL,1413506014,'no','no',1413506014,NULL,0,0,0,NULL,0),(1997,160,0,'','您好！我查了一下網站上的 comiron.com ...',0,NULL,NULL,NULL,NULL,'new','news',NULL,NULL,NULL,1413506014,'no','no',1413506014,NULL,0,0,0,'您好！我查了一下網站上的 comiron.com ...',0),(1998,2,161,'歡迎光臨 Comiron!','歡迎光臨 Comiron! ...',0,NULL,NULL,NULL,NULL,'read','private_message',NULL,NULL,NULL,1413508961,'no','no',1413508961,NULL,0,0,0,NULL,0),(1999,161,0,'','您好！我查了一下網站上的 comiron.com ...',0,NULL,NULL,NULL,NULL,'new','news',NULL,NULL,NULL,1413508961,'no','no',1413508961,NULL,0,0,0,'您好！我查了一下網站上的 comiron.com ...',0),(2000,161,2,'',NULL,0,NULL,NULL,NULL,NULL,'deleted','private_message',NULL,NULL,NULL,0,'no','no',0,NULL,0,0,0,NULL,0),(2001,161,2,'','',0,NULL,NULL,NULL,NULL,'read','private_message',NULL,NULL,NULL,0,'no','no',1413509817,NULL,0,0,0,NULL,0),(2002,161,2,'',NULL,0,NULL,NULL,NULL,NULL,'deleted','private_message',NULL,NULL,NULL,0,'no','no',0,NULL,0,0,0,NULL,0),(2003,2,162,'歡迎光臨 Comiron!','歡迎光臨 Comiron! ...',0,NULL,NULL,NULL,NULL,'new','private_message',NULL,NULL,NULL,1413524086,'no','no',1413524086,NULL,0,0,0,NULL,0),(2004,162,0,'','您好！我查了一下網站上的 comiron.com ...',0,NULL,NULL,NULL,NULL,'new','news',NULL,NULL,NULL,1413524086,'no','no',1413524086,NULL,0,0,0,'您好！我查了一下網站上的 comiron.com ...',0),(2005,3,136,'',NULL,0,NULL,NULL,NULL,NULL,'deleted','private_message',NULL,NULL,NULL,0,'no','no',0,NULL,0,0,0,NULL,0),(2006,145,0,'',NULL,0,NULL,NULL,NULL,NULL,'deleted','private_message',NULL,NULL,NULL,0,'no','no',0,NULL,0,0,0,NULL,0),(2007,145,14,'',NULL,0,NULL,NULL,NULL,NULL,'deleted','private_message',NULL,NULL,NULL,0,'no','no',0,NULL,0,0,0,NULL,0),(2008,145,14,'',NULL,0,NULL,NULL,NULL,NULL,'deleted','private_message',NULL,NULL,NULL,0,'no','no',0,NULL,0,0,0,NULL,0),(2009,145,14,'','Hi Ahtoh, Pls check our products in this webside.:http://comiron.com/shop/myproducts/72',0,NULL,NULL,NULL,NULL,'read','private_message',NULL,NULL,NULL,0,'no','no',1413593587,NULL,0,0,0,NULL,0),(2010,145,14,'',NULL,0,NULL,NULL,NULL,NULL,'deleted','private_message',NULL,NULL,NULL,0,'no','no',0,NULL,0,0,0,NULL,0),(2011,145,0,'New products','Welcome my shop:\r\nUSD растет, евро тоже! у кого какие предложения? предлагайте в комментариях - давайте обсуждать - одна голова хорошо а две три четыре просто замечательно!',0,NULL,NULL,NULL,NULL,'deleted','news',NULL,NULL,NULL,1413593806,'no','yes',1413593806,NULL,0,0,0,'',0),(2012,145,0,'New products','Welcome my shop http://comiron.com/shop/myproducts/72',0,NULL,NULL,NULL,NULL,'new','news',NULL,NULL,NULL,1413593945,'no','no',1413593945,NULL,0,0,0,'',0),(2013,76,80,'',NULL,0,NULL,NULL,NULL,NULL,'deleted','private_message',NULL,NULL,NULL,0,'no','no',0,NULL,0,0,0,NULL,0),(2014,145,14,'',NULL,0,NULL,NULL,NULL,NULL,'deleted','private_message',NULL,NULL,NULL,0,'no','no',0,NULL,0,0,0,NULL,0),(2015,76,80,'',NULL,0,NULL,NULL,NULL,NULL,'deleted','private_message',NULL,NULL,NULL,0,'no','no',0,NULL,0,0,0,NULL,0),(2016,14,145,'','you shop is website    comiron.com/shop/72  please look customs bayers iam send you PLEASE + me bayers.  Because now iam don see you products',0,NULL,NULL,NULL,NULL,'read','private_message',NULL,NULL,NULL,0,'no','no',1413606210,NULL,0,0,0,NULL,0),(2017,14,145,'',NULL,0,NULL,NULL,NULL,NULL,'deleted','private_message',NULL,NULL,NULL,0,'no','no',0,NULL,0,0,0,NULL,0),(2018,14,145,'','And please write in you site you tel no.',0,NULL,NULL,NULL,NULL,'read','private_message',NULL,NULL,NULL,0,'no','no',1413606298,NULL,0,0,0,NULL,0),(2019,14,145,'',NULL,0,NULL,NULL,NULL,NULL,'deleted','private_message',NULL,NULL,NULL,0,'no','no',0,NULL,0,0,0,NULL,0),(2020,14,145,'',NULL,0,NULL,NULL,NULL,NULL,'deleted','private_message',NULL,NULL,NULL,0,'no','no',0,NULL,0,0,0,NULL,0),(2021,14,145,'',NULL,0,NULL,NULL,NULL,NULL,'deleted','private_message',NULL,NULL,NULL,0,'no','no',0,NULL,0,0,0,NULL,0),(2022,14,145,'',NULL,0,NULL,NULL,NULL,NULL,'deleted','private_message',NULL,NULL,NULL,0,'no','no',0,NULL,0,0,0,NULL,0),(2023,14,145,'',NULL,0,NULL,NULL,NULL,NULL,'deleted','private_message',NULL,NULL,NULL,0,'no','no',0,NULL,0,0,0,NULL,0),(2024,145,14,'',NULL,0,NULL,NULL,NULL,NULL,'deleted','private_message',NULL,NULL,NULL,0,'no','no',0,NULL,0,0,0,NULL,0),(2025,145,14,'','Well noted, thank you very much.',0,NULL,NULL,NULL,NULL,'read','private_message',NULL,NULL,NULL,0,'no','no',1413613593,NULL,0,0,0,NULL,0),(2026,14,145,'',NULL,0,NULL,NULL,NULL,NULL,'deleted','private_message',NULL,NULL,NULL,0,'no','no',0,NULL,0,0,0,NULL,0),(2027,145,14,'',NULL,0,NULL,NULL,NULL,NULL,'deleted','private_message',NULL,NULL,NULL,0,'no','no',0,NULL,0,0,0,NULL,0),(2028,14,145,'',NULL,0,NULL,NULL,NULL,NULL,'deleted','private_message',NULL,NULL,NULL,0,'no','no',0,NULL,0,0,0,NULL,0),(2029,14,145,'','http://comiron.com/profile/14',0,NULL,NULL,NULL,NULL,'read','private_message',NULL,NULL,NULL,0,'no','no',1413613988,NULL,0,0,0,NULL,0),(2030,14,145,'','this my profil\r\npleas + mi Client',0,NULL,NULL,NULL,NULL,'read','private_message',NULL,NULL,NULL,0,'no','no',1413614032,NULL,0,0,0,NULL,0),(2031,14,145,'',NULL,0,NULL,NULL,NULL,NULL,'deleted','private_message',NULL,NULL,NULL,0,'no','no',0,NULL,0,0,0,NULL,0),(2032,45,119,'','Пожалуйста добавьте меня в клиенты!\nМой профиль\nhttp://comiron.com/profile/45',0,NULL,NULL,NULL,NULL,'read','private_message',NULL,NULL,NULL,0,'no','no',1413617788,NULL,0,0,0,NULL,0),(2033,45,119,'',NULL,0,NULL,NULL,NULL,NULL,'deleted','private_message',NULL,NULL,NULL,0,'no','no',0,NULL,0,0,0,NULL,0),(2034,45,119,'',NULL,0,NULL,NULL,NULL,NULL,'deleted','private_message',NULL,NULL,NULL,0,'no','no',0,NULL,0,0,0,NULL,0),(2035,145,14,'',NULL,0,NULL,NULL,NULL,NULL,'deleted','private_message',NULL,NULL,NULL,0,'no','no',0,NULL,0,0,0,NULL,0),(2036,145,14,'','Sorry Ahtoh, i can\'t understand what you mean.',0,NULL,NULL,NULL,NULL,'read','private_message',NULL,NULL,NULL,0,'no','no',1413621297,NULL,0,0,0,NULL,0),(2037,145,14,'',NULL,0,NULL,NULL,NULL,NULL,'deleted','private_message',NULL,NULL,NULL,0,'no','no',0,NULL,0,0,0,NULL,0),(2038,14,145,'',NULL,0,NULL,NULL,NULL,NULL,'deleted','private_message',NULL,NULL,NULL,0,'no','no',0,NULL,0,0,0,NULL,0),(2039,2,163,'歡迎光臨 Comiron!','歡迎光臨 Comiron! ...',0,NULL,NULL,NULL,NULL,'read','private_message',NULL,NULL,NULL,1413682276,'no','no',1413682276,NULL,0,0,0,NULL,0),(2040,163,0,'','您好！我查了一下網站上的 comiron.com ...',0,NULL,NULL,NULL,NULL,'new','news',NULL,NULL,NULL,1413682276,'no','no',1413682276,NULL,0,0,0,'您好！我查了一下網站上的 comiron.com ...',0),(2041,163,2,'',NULL,0,NULL,NULL,NULL,NULL,'deleted','private_message',NULL,NULL,NULL,0,'no','no',0,NULL,0,0,0,NULL,0),(2042,163,2,'',NULL,0,NULL,NULL,NULL,NULL,'deleted','private_message',NULL,NULL,NULL,0,'no','no',0,NULL,0,0,0,NULL,0),(2043,163,2,'',NULL,0,NULL,NULL,NULL,NULL,'deleted','private_message',NULL,NULL,NULL,0,'no','no',0,NULL,0,0,0,NULL,0),(2044,145,14,'',NULL,0,NULL,NULL,NULL,NULL,'deleted','private_message',NULL,NULL,NULL,0,'no','no',0,NULL,0,0,0,NULL,0),(2045,149,0,'',NULL,0,NULL,NULL,NULL,NULL,'deleted','private_message',NULL,NULL,NULL,0,'no','no',0,NULL,0,0,0,NULL,0),(2046,149,0,'',NULL,0,NULL,NULL,NULL,NULL,'deleted','private_message',NULL,NULL,NULL,0,'no','no',0,NULL,0,0,0,NULL,0),(2047,2,164,'歡迎光臨 Comiron!','歡迎光臨 Comiron! ...',0,NULL,NULL,NULL,NULL,'read','private_message',NULL,NULL,NULL,1413786217,'no','no',1413786217,NULL,0,0,0,NULL,0),(2048,164,0,'','您好！我查了一下網站上的 comiron.com ...',0,NULL,NULL,NULL,NULL,'new','news',NULL,NULL,NULL,1413786217,'no','no',1413786217,NULL,0,0,0,'您好！我查了一下網站上的 comiron.com ...',0),(2049,45,119,'','Здравствуйте.\n\nУ вас  есть в продаже:\n\nХомут пластмассовый  300 х 3,6мм\n\nБелый',0,NULL,NULL,NULL,NULL,'read','private_message',NULL,NULL,NULL,0,'no','no',1413787153,NULL,0,0,0,NULL,0),(2050,164,2,'',NULL,0,NULL,NULL,NULL,NULL,'deleted','private_message',NULL,NULL,NULL,0,'no','no',0,NULL,0,0,0,NULL,0),(2051,119,45,'','Здравствуйте, у нас некоторые товары наличные есть, хомут у нас железный,  мы неможем видеть фото, которoе ты нам отправил. 300 это длина, правильно? а 3.6 что это? можно еще раз фото нам отправьте',0,NULL,NULL,NULL,NULL,'read','private_message',NULL,NULL,NULL,0,'no','no',1413795057,NULL,0,0,0,NULL,0),(2052,119,45,'',NULL,0,NULL,NULL,NULL,NULL,'deleted','private_message',NULL,NULL,NULL,0,'no','no',0,NULL,0,0,0,NULL,0),(2053,45,119,'','Хомут Пластиковый ( Стяжка )300мм длинна а  3,6 это ширина',0,NULL,NULL,NULL,NULL,'read','private_message',NULL,NULL,NULL,0,'no','no',1413802154,NULL,0,0,0,NULL,0),(2054,14,145,'',NULL,0,NULL,NULL,NULL,NULL,'deleted','private_message',NULL,NULL,NULL,0,'no','no',0,NULL,0,0,0,NULL,0),(2055,45,119,'',NULL,0,NULL,NULL,NULL,NULL,'deleted','private_message',NULL,NULL,NULL,0,'no','no',0,NULL,0,0,0,NULL,0),(2056,45,119,'',NULL,0,NULL,NULL,NULL,NULL,'deleted','private_message',NULL,NULL,NULL,0,'no','no',0,NULL,0,0,0,NULL,0),(2057,45,119,'',NULL,0,NULL,NULL,NULL,NULL,'deleted','private_message',NULL,NULL,NULL,0,'no','no',0,NULL,0,0,0,NULL,0),(2058,45,0,'',NULL,0,NULL,NULL,NULL,NULL,'deleted','private_message',NULL,NULL,NULL,0,'no','no',0,NULL,0,0,0,NULL,0),(2059,45,119,'',NULL,0,NULL,NULL,NULL,NULL,'deleted','private_message',NULL,NULL,NULL,0,'no','no',0,NULL,0,0,0,NULL,0),(2060,14,145,'','',0,NULL,NULL,NULL,NULL,'read','private_message',NULL,NULL,NULL,0,'no','no',1413806045,NULL,0,0,0,NULL,0),(2061,14,145,'','Please look',0,NULL,NULL,NULL,NULL,'read','private_message',NULL,NULL,NULL,0,'no','no',1413806060,NULL,0,0,0,NULL,0),(2062,14,145,'','and please give me you mobile phone',0,NULL,NULL,NULL,NULL,'read','private_message',NULL,NULL,NULL,0,'no','no',1413806128,NULL,0,0,0,NULL,0),(2063,14,145,'',NULL,0,NULL,NULL,NULL,NULL,'deleted','private_message',NULL,NULL,NULL,0,'no','no',0,NULL,0,0,0,NULL,0),(2064,14,13,'',NULL,0,NULL,NULL,NULL,NULL,'deleted','private_message',NULL,NULL,NULL,0,'no','no',0,NULL,0,0,0,NULL,0),(2065,145,14,'',NULL,0,NULL,NULL,NULL,NULL,'deleted','private_message',NULL,NULL,NULL,0,'no','no',0,NULL,0,0,0,NULL,0),(2066,145,14,'',NULL,0,NULL,NULL,NULL,NULL,'deleted','private_message',NULL,NULL,NULL,0,'no','no',0,NULL,0,0,0,NULL,0),(2067,145,14,'',NULL,0,NULL,NULL,NULL,NULL,'deleted','private_message',NULL,NULL,NULL,0,'no','no',0,NULL,0,0,0,NULL,0),(2068,145,14,'','Is that right?',0,NULL,NULL,NULL,NULL,'read','private_message',NULL,NULL,NULL,0,'no','no',1413852833,NULL,0,0,0,NULL,0),(2069,145,14,'','my phone numbers:18925346324',0,NULL,NULL,NULL,NULL,'read','private_message',NULL,NULL,NULL,0,'no','no',1413853877,NULL,0,0,0,NULL,0),(2070,119,45,'','Да хорошо все понятно， спасибо большое.  Сегодня тебе отвечаю. А сколько и когда тебе надо？',0,NULL,NULL,NULL,NULL,'read','private_message',NULL,NULL,NULL,0,'no','no',1413853812,NULL,0,0,0,NULL,0),(2071,119,45,'','Здравствуйте, у нас хомут пластмассовый  300 х 3,6мм за 100 штук 4.8 юаней, 100 штук в пакете, самоминим 97 штук в коробке， потому что когда человек считает не очень точно.  В коробке 120 пакетов.',0,NULL,NULL,NULL,NULL,'read','private_message',NULL,NULL,NULL,0,'no','no',1413856589,NULL,0,0,0,NULL,0),(2072,145,14,'',NULL,0,NULL,NULL,NULL,NULL,'deleted','private_message',NULL,NULL,NULL,0,'no','no',0,NULL,0,0,0,NULL,0),(2073,119,45,'',NULL,0,NULL,NULL,NULL,NULL,'deleted','private_message',NULL,NULL,NULL,0,'no','no',0,NULL,0,0,0,NULL,0),(2074,14,145,'',NULL,0,NULL,NULL,NULL,NULL,'deleted','private_message',NULL,NULL,NULL,0,'no','no',0,NULL,0,0,0,NULL,0),(2075,14,145,'','Thenks/ i see you dont have price ?',0,NULL,NULL,NULL,NULL,'read','private_message',NULL,NULL,NULL,0,'no','no',1413862143,NULL,0,0,0,NULL,0),(2076,14,145,'',NULL,0,NULL,NULL,NULL,NULL,'deleted','private_message',NULL,NULL,NULL,0,'no','no',0,NULL,0,0,0,NULL,0),(2077,14,119,'','Там один клиент просит чтоб вы его добавили в Клиент имя: АЛЕКАНДР',0,NULL,NULL,NULL,NULL,'read','private_message',NULL,NULL,NULL,0,'no','no',1413863826,NULL,0,0,0,NULL,0),(2078,14,119,'',NULL,0,NULL,NULL,NULL,NULL,'deleted','private_message',NULL,NULL,NULL,0,'no','no',0,NULL,0,0,0,NULL,0),(2079,14,119,'',NULL,0,NULL,NULL,NULL,NULL,'deleted','private_message',NULL,NULL,NULL,0,'no','no',0,NULL,0,0,0,NULL,0),(2080,14,119,'','http://comiron.com/profile/45',0,NULL,NULL,NULL,NULL,'read','private_message',NULL,NULL,NULL,0,'no','no',1413864982,NULL,0,0,0,NULL,0),(2081,14,119,'',NULL,0,NULL,NULL,NULL,NULL,'deleted','private_message',NULL,NULL,NULL,0,'no','no',0,NULL,0,0,0,NULL,0),(2082,14,119,'',NULL,0,NULL,NULL,NULL,NULL,'deleted','private_message',NULL,NULL,NULL,0,'no','no',0,NULL,0,0,0,NULL,0),(2083,14,13,'',NULL,0,NULL,NULL,NULL,NULL,'deleted','private_message',NULL,NULL,NULL,0,'no','no',0,NULL,0,0,0,NULL,0),(2084,14,119,'',NULL,0,NULL,NULL,NULL,NULL,'deleted','private_message',NULL,NULL,NULL,0,'no','no',0,NULL,0,0,0,NULL,0),(2085,14,119,'',NULL,0,NULL,NULL,NULL,NULL,'deleted','private_message',NULL,NULL,NULL,0,'no','no',0,NULL,0,0,0,NULL,0),(2086,119,14,'','hello',0,NULL,NULL,NULL,NULL,'read','private_message',NULL,NULL,NULL,1413877929,'no','no',1413877929,NULL,0,0,0,NULL,0),(2087,119,14,'',NULL,0,NULL,NULL,NULL,NULL,'deleted','private_message',NULL,NULL,NULL,0,'no','no',0,NULL,0,0,0,NULL,0),(2088,14,119,'',NULL,0,NULL,NULL,NULL,NULL,'deleted','private_message',NULL,NULL,NULL,0,'no','no',0,NULL,0,0,0,NULL,0),(2089,14,119,'',NULL,0,NULL,NULL,NULL,NULL,'deleted','private_message',NULL,NULL,NULL,0,'no','no',0,NULL,0,0,0,NULL,0),(2090,119,45,'',NULL,0,NULL,NULL,NULL,NULL,'deleted','private_message',NULL,NULL,NULL,0,'no','no',0,NULL,0,0,0,NULL,0),(2091,119,14,'',NULL,0,NULL,NULL,NULL,NULL,'deleted','private_message',NULL,NULL,NULL,0,'no','no',0,NULL,0,0,0,NULL,0),(2092,119,14,'','Здвавствуй, Александр мы уже добавили в клиент, 3 дня мы не можем открыть этот сайт, поэтому тебе не отвечала, это клиент спрасил цену пластмассвого хомута, мы уже дали ответ, но он пока не отвечал.',0,NULL,NULL,NULL,NULL,'read','private_message',NULL,NULL,NULL,0,'no','no',1413937604,NULL,0,0,0,NULL,0),(2093,119,14,'',NULL,0,NULL,NULL,NULL,NULL,'deleted','private_message',NULL,NULL,NULL,0,'no','no',0,NULL,0,0,0,NULL,0),(2094,14,145,'','http://comiron.com/shop/72   this you web site',0,NULL,NULL,NULL,NULL,'read','private_message',NULL,NULL,NULL,0,'no','no',1413946944,NULL,0,0,0,NULL,0),(2095,14,145,'','comiron.com/shop/72',0,NULL,NULL,NULL,NULL,'read','private_message',NULL,NULL,NULL,0,'no','no',1413946965,NULL,0,0,0,NULL,0),(2096,14,145,'',NULL,0,NULL,NULL,NULL,NULL,'deleted','private_message',NULL,NULL,NULL,0,'no','no',0,NULL,0,0,0,NULL,0),(2097,14,119,'','http://comiron.com/profile/45    вот этот человек добавили да?',0,NULL,NULL,NULL,NULL,'read','private_message',NULL,NULL,NULL,0,'no','no',1413946998,NULL,0,0,0,NULL,0),(2098,14,119,'',NULL,0,NULL,NULL,NULL,NULL,'deleted','private_message',NULL,NULL,NULL,0,'no','no',0,NULL,0,0,0,NULL,0),(2099,119,14,'','Да， уже добавили。',0,NULL,NULL,NULL,NULL,'read','private_message',NULL,NULL,NULL,0,'no','no',1414030556,NULL,0,0,0,NULL,0),(2100,119,14,'',NULL,0,NULL,NULL,NULL,NULL,'deleted','private_message',NULL,NULL,NULL,0,'no','no',0,NULL,0,0,0,NULL,0),(2101,119,45,'',NULL,0,NULL,NULL,NULL,NULL,'deleted','private_message',NULL,NULL,NULL,0,'no','no',0,NULL,0,0,0,NULL,0),(2102,14,119,'','ПЛАСТИК ХАМУТ ДОБАВЬТЕ ТОВАР НА сайт',0,NULL,NULL,NULL,NULL,'read','private_message',NULL,NULL,NULL,0,'no','no',1414040821,NULL,0,0,0,NULL,0),(2103,14,119,'','разный размер и цена',0,NULL,NULL,NULL,NULL,'read','private_message',NULL,NULL,NULL,0,'no','no',1414040833,NULL,0,0,0,NULL,0),(2104,14,119,'','потому что он хочет покупать',0,NULL,NULL,NULL,NULL,'read','private_message',NULL,NULL,NULL,0,'no','no',1414040845,NULL,0,0,0,NULL,0),(2105,14,119,'',NULL,0,NULL,NULL,NULL,NULL,'deleted','private_message',NULL,NULL,NULL,0,'no','no',0,NULL,0,0,0,NULL,0),(2106,2,165,'Добро пожаловать в Comiron!','Добро пожаловать в Comiron! ...',0,NULL,NULL,NULL,NULL,'new','private_message',NULL,NULL,NULL,1414043272,'no','no',1414043272,NULL,0,0,0,NULL,0),(2107,165,0,'','Всем привет! Я зарегистрировался на сайте comiron.com ...',0,NULL,NULL,NULL,NULL,'new','news',NULL,NULL,NULL,1414043272,'no','no',1414043272,NULL,0,0,0,'Всем привет! Я зарегистрировался на сайте comiron.com ...',0),(2108,80,14,'',NULL,0,NULL,NULL,NULL,NULL,'deleted','private_message',NULL,NULL,NULL,0,'no','no',0,NULL,0,0,0,NULL,0),(2109,2,166,'歡迎光臨 Comiron!','歡迎光臨 Comiron! ...',0,NULL,NULL,NULL,NULL,'read','private_message',NULL,NULL,NULL,1414116022,'no','no',1414116022,NULL,0,0,0,NULL,0),(2110,166,0,'','您好！我查了一下網站上的 comiron.com ...',0,NULL,NULL,NULL,NULL,'new','news',NULL,NULL,NULL,1414116022,'no','no',1414116022,NULL,0,0,0,'您好！我查了一下網站上的 comiron.com ...',0),(2111,166,2,'',NULL,0,NULL,NULL,NULL,NULL,'deleted','private_message',NULL,NULL,NULL,0,'no','no',0,NULL,0,0,0,NULL,0),(2112,166,2,'',NULL,0,NULL,NULL,NULL,NULL,'deleted','private_message',NULL,NULL,NULL,0,'no','no',0,NULL,0,0,0,NULL,0),(2113,14,119,'',NULL,0,NULL,NULL,NULL,NULL,'deleted','private_message',NULL,NULL,NULL,0,'no','no',0,NULL,0,0,0,NULL,0),(2114,2,167,'歡迎光臨 Comiron!','歡迎光臨 Comiron! ...',0,NULL,NULL,NULL,NULL,'read','private_message',NULL,NULL,NULL,1414134142,'no','no',1414134142,NULL,0,0,0,NULL,0),(2115,167,0,'','您好！我查了一下網站上的 comiron.com ...',0,NULL,NULL,NULL,NULL,'new','news',NULL,NULL,NULL,1414134142,'no','no',1414134142,NULL,0,0,0,'您好！我查了一下網站上的 comiron.com ...',0),(2116,2,168,'歡迎光臨 Comiron!','歡迎光臨 Comiron! ...',0,NULL,NULL,NULL,NULL,'read','private_message',NULL,NULL,NULL,1414135698,'no','no',1414135698,NULL,0,0,0,NULL,0),(2117,168,0,'','您好！我查了一下網站上的 comiron.com ...',0,NULL,NULL,NULL,NULL,'new','news',NULL,NULL,NULL,1414135698,'no','no',1414135698,NULL,0,0,0,'您好！我查了一下網站上的 comiron.com ...',0),(2118,168,2,'',NULL,0,NULL,NULL,NULL,NULL,'deleted','private_message',NULL,NULL,NULL,0,'no','no',0,NULL,0,0,0,NULL,0),(2119,168,2,'',NULL,0,NULL,NULL,NULL,NULL,'deleted','private_message',NULL,NULL,NULL,0,'no','no',0,NULL,0,0,0,NULL,0),(2120,168,2,'','Our factory is a highly professional and experienced manufacturer of sporting goods of Martial Arts in China. We manufacture and supply a wide range of Martial Arts goods for boxing,MMA,Taewondo,Karate to customers across the world.\r\n\r\nOur products include:\r\nBoxing gloves\r\nPunching gloves\r\nKarate gloves\r\nTaekwondo gloves\r\nFighting gloves\r\nMMA gloves\r\nFight gear/Fight arts\r\nProtective gear\r\nHeadgear/Head guard/Head protector\r\nPunch pads/Foucs Pads / Kick Pads\r\nFoot guard/Foot protector\r\nGroin Guards/Groin protector\r\nInstep guard/Instep protector\r\nLeg guard/Leg protector/Shin pads\r\nKarate uniform/Karate clothes\r\nTeeth Guard /Teeth Protector\r\nbandage\r\nBelt\r\nJiangxi Zhengtu Sports Goods Company Limited is  skilled at professional boxing,Taekwondo,Karate,MMA equipments manufacture. We have produced excellent quality sports goods for 8 years and well received in domestic market, because of comprehensive technical experience. we gurantee the best quality and acclaim throughout the world.\r\nOur products cover boxing series, Taekwondo series and Karate Sanda series. We offer OEM & ODM services to bear buyers\' labels on our products.\r\nif your are quality hunter at moderate price,please contact us without any hesitation. once you entrust your trial order, we shall complete the rest for your satisfaction.\r\nwe are your reliable and long term business partner based on the professional punctuality and innovation.\r\nwe are here waiting for you.',0,NULL,NULL,NULL,NULL,'read','private_message',NULL,NULL,NULL,0,'no','no',1414136213,NULL,0,0,0,NULL,0),(2121,168,2,'','',0,NULL,NULL,NULL,NULL,'read','private_message',NULL,NULL,NULL,0,'no','no',1414136268,NULL,0,0,0,NULL,0),(2122,168,2,'','Suki Wu\r\nJiangxi Zhengtu Sports Goods Co.,Ltd\r\nTel: 0701-5680070  \r\nFax: 0701-5885115\r\nMobile: 008618007017431\r\nSkype: suzhen.wu1990\r\nFacebook: Suki.wu.7927\r\nEmail: zhengtusports@outlook.com \r\nWeb: http://zhengtutiyu.en.alibaba.com',0,NULL,NULL,NULL,NULL,'read','private_message',NULL,NULL,NULL,0,'no','no',1414136291,NULL,0,0,0,NULL,0),(2123,168,2,'',NULL,0,NULL,NULL,NULL,NULL,'deleted','private_message',NULL,NULL,NULL,0,'no','no',0,NULL,0,0,0,NULL,0),(2124,2,169,'歡迎光臨 Comiron!','歡迎光臨 Comiron! ...',0,NULL,NULL,NULL,NULL,'read','private_message',NULL,NULL,NULL,1414138411,'no','no',1414138411,NULL,0,0,0,NULL,0),(2125,169,0,'','您好！我查了一下網站上的 comiron.com ...',0,NULL,NULL,NULL,NULL,'new','news',NULL,NULL,NULL,1414138411,'no','no',1414138411,NULL,0,0,0,'您好！我查了一下網站上的 comiron.com ...',0),(2126,169,2,'',NULL,0,NULL,NULL,NULL,NULL,'deleted','private_message',NULL,NULL,NULL,0,'no','no',0,NULL,0,0,0,NULL,0),(2127,2,170,'歡迎光臨 Comiron!','歡迎光臨 Comiron! ...',0,NULL,NULL,NULL,NULL,'read','private_message',NULL,NULL,NULL,1414150546,'no','no',1414150546,NULL,0,0,0,NULL,0),(2128,170,0,'','您好！我查了一下網站上的 comiron.com ...',0,NULL,NULL,NULL,NULL,'new','news',NULL,NULL,NULL,1414150546,'no','no',1414150546,NULL,0,1,0,'您好！我查了一下網站上的 comiron.com ...',0),(2129,119,14,'','Да, да， хорошо， сегодня или завтра добавлю.',0,NULL,NULL,NULL,NULL,'read','private_message',NULL,NULL,NULL,0,'no','no',1414205751,NULL,0,0,0,NULL,0),(2130,119,14,'',NULL,0,NULL,NULL,NULL,NULL,'deleted','private_message',NULL,NULL,NULL,0,'no','no',0,NULL,0,0,0,NULL,0),(2131,119,45,'',NULL,0,NULL,NULL,NULL,NULL,'deleted','private_message',NULL,NULL,NULL,0,'no','no',0,NULL,0,0,0,NULL,0),(2132,119,45,'',NULL,0,NULL,NULL,NULL,NULL,'deleted','private_message',NULL,NULL,NULL,0,'no','no',0,NULL,0,0,0,NULL,0),(2133,119,14,'','Хомут уже добавила, но только один размер, разные нельзя добавить, что делать',0,NULL,NULL,NULL,NULL,'read','private_message',NULL,NULL,NULL,0,'no','no',1414216155,NULL,0,0,0,NULL,0),(2134,119,14,'',NULL,0,NULL,NULL,NULL,NULL,'deleted','private_message',NULL,NULL,NULL,0,'no','no',0,NULL,0,0,0,NULL,0),(2135,119,45,'',NULL,0,NULL,NULL,NULL,NULL,'deleted','private_message',NULL,NULL,NULL,0,'no','no',0,NULL,0,0,0,NULL,0),(2136,119,45,'','Здравствуйте, это у нас цена хомута пластмассового, посмотри пожалуйста ,какой размер тебе надо, потом мы эти размеры добавили на сайте. Вы покупай хорошо?',0,NULL,NULL,NULL,NULL,'read','private_message',NULL,NULL,NULL,0,'no','no',1414222443,NULL,0,0,0,NULL,0),(2137,119,45,'',NULL,0,NULL,NULL,NULL,NULL,'deleted','private_message',NULL,NULL,NULL,0,'no','no',0,NULL,0,0,0,NULL,0),(2138,119,14,'',NULL,0,NULL,NULL,NULL,NULL,'deleted','private_message',NULL,NULL,NULL,0,'no','no',0,NULL,0,0,0,NULL,0),(2139,119,14,'',NULL,0,NULL,NULL,NULL,NULL,'deleted','private_message',NULL,NULL,NULL,0,'no','no',0,NULL,0,0,0,NULL,0),(2140,119,14,'',NULL,0,NULL,NULL,NULL,NULL,'deleted','private_message',NULL,NULL,NULL,0,'no','no',0,NULL,0,0,0,NULL,0),(2141,119,45,'',NULL,0,NULL,NULL,NULL,NULL,'deleted','private_message',NULL,NULL,NULL,0,'no','no',0,NULL,0,0,0,NULL,0),(2142,119,14,'','Здравствуйте, это у нас цена хомута пластмассового, посмотри пожалуйста ,какой размер ему надо, потом мы эти размеры добавили на сайт， пусть он покупать. Потому что у нас очень многие размеры  нельзя все добавить на сайт',0,NULL,NULL,NULL,NULL,'read','private_message',NULL,NULL,NULL,0,'no','no',1414222787,NULL,0,0,0,NULL,0),(2143,119,14,'',NULL,0,NULL,NULL,NULL,NULL,'deleted','private_message',NULL,NULL,NULL,0,'no','no',0,NULL,0,0,0,NULL,0),(2144,14,119,'',NULL,0,NULL,NULL,NULL,NULL,'deleted','private_message',NULL,NULL,NULL,0,'no','no',0,NULL,0,0,0,NULL,0),(2145,119,45,'',NULL,0,NULL,NULL,NULL,NULL,'deleted','private_message',NULL,NULL,NULL,0,'no','no',0,NULL,0,0,0,NULL,0),(2146,2,171,'歡迎光臨 Comiron!','歡迎光臨 Comiron! ...',0,NULL,NULL,NULL,NULL,'new','private_message',NULL,NULL,NULL,1414321103,'no','no',1414321103,NULL,0,0,0,NULL,0),(2147,171,0,'','您好！我查了一下網站上的 comiron.com ...',0,NULL,NULL,NULL,NULL,'new','news',NULL,NULL,NULL,1414321103,'no','no',1414321103,NULL,0,0,0,'您好！我查了一下網站上的 comiron.com ...',0),(2148,45,119,'','Температурный диапазон применения Хомутов ( от  \" - \" до \" + \" ) градусов.',0,NULL,NULL,NULL,NULL,'read','private_message',NULL,NULL,NULL,0,'no','no',1414390644,NULL,0,0,0,NULL,0),(2149,45,119,'',NULL,0,NULL,NULL,NULL,NULL,'deleted','private_message',NULL,NULL,NULL,0,'no','no',0,NULL,0,0,0,NULL,0),(2150,45,119,'',NULL,0,NULL,NULL,NULL,NULL,'deleted','private_message',NULL,NULL,NULL,0,'no','no',0,NULL,0,0,0,NULL,0),(2151,45,119,'','Александр Кротов\n\nПожалуйста добавьте меня в клиенты!\nМой профиль\nhttp://comiron.com/profile/45\n\nА то не вижу ваш товар с ценами  . \n\nСпасибо Александр',0,NULL,NULL,NULL,NULL,'read','private_message',NULL,NULL,NULL,0,'no','no',1414393098,NULL,0,0,0,NULL,0),(2152,45,119,'',NULL,0,NULL,NULL,NULL,NULL,'deleted','private_message',NULL,NULL,NULL,0,'no','no',0,NULL,0,0,0,NULL,0),(2153,170,2,'','диван-кровать  Сайт：http://www.nadezhda-tc.ru/',0,NULL,NULL,NULL,NULL,'read','private_message',NULL,NULL,NULL,0,'no','no',1414404696,NULL,0,0,0,NULL,0),(2154,170,2,'',NULL,0,NULL,NULL,NULL,NULL,'deleted','private_message',NULL,NULL,NULL,0,'no','no',0,NULL,0,0,0,NULL,0),(2155,45,119,'',NULL,0,NULL,NULL,NULL,NULL,'deleted','private_message',NULL,NULL,NULL,0,'no','no',0,NULL,0,0,0,NULL,0),(2156,14,119,'',NULL,0,NULL,NULL,NULL,NULL,'deleted','private_message',NULL,NULL,NULL,0,'no','no',0,NULL,0,0,0,NULL,0),(2157,45,119,'',NULL,0,NULL,NULL,NULL,NULL,'deleted','private_message',NULL,NULL,NULL,0,'no','no',0,NULL,0,0,0,NULL,0),(2158,45,119,'',NULL,0,NULL,NULL,NULL,NULL,'deleted','private_message',NULL,NULL,NULL,0,'no','no',0,NULL,0,0,0,NULL,0),(2159,113,14,'',NULL,0,NULL,NULL,NULL,NULL,'deleted','private_message',NULL,NULL,NULL,0,'no','no',0,NULL,0,0,0,NULL,0),(2160,113,14,'','你好！我是义乌友鑫画业，我已经把你爸爸要定货的图片放到网上了，请问这个单子什么时候下来，我可以早点安排生产。',0,NULL,NULL,NULL,NULL,'read','private_message',NULL,NULL,NULL,0,'no','no',1414460711,NULL,0,0,0,NULL,0),(2161,113,14,'',NULL,0,NULL,NULL,NULL,NULL,'deleted','private_message',NULL,NULL,NULL,0,'no','no',0,NULL,0,0,0,NULL,0),(2162,113,14,'',NULL,0,NULL,NULL,NULL,NULL,'deleted','private_message',NULL,NULL,NULL,0,'no','no',0,NULL,0,0,0,NULL,0),(2163,45,119,'',NULL,0,NULL,NULL,NULL,NULL,'deleted','private_message',NULL,NULL,NULL,0,'no','no',0,NULL,0,0,0,NULL,0),(2164,113,14,'',NULL,0,NULL,NULL,NULL,NULL,'deleted','private_message',NULL,NULL,NULL,0,'no','no',0,NULL,0,0,0,NULL,0),(2165,170,0,'',NULL,0,NULL,NULL,NULL,NULL,'deleted','news',NULL,NULL,NULL,0,'no','no',0,NULL,0,0,0,NULL,0),(2166,45,119,'',NULL,0,NULL,NULL,NULL,NULL,'deleted','private_message',NULL,NULL,NULL,0,'no','no',0,NULL,0,0,0,NULL,0),(2167,45,119,'',NULL,0,NULL,NULL,NULL,NULL,'deleted','private_message',NULL,NULL,NULL,0,'no','no',0,NULL,0,0,0,NULL,0),(2168,119,45,'','',0,NULL,NULL,NULL,NULL,'read','private_message',NULL,NULL,NULL,0,'no','no',1414542213,NULL,0,0,0,NULL,0),(2169,119,45,'','',0,NULL,NULL,NULL,NULL,'read','private_message',NULL,NULL,NULL,0,'no','no',1414542236,NULL,0,0,0,NULL,0),(2170,119,45,'',NULL,0,NULL,NULL,NULL,NULL,'deleted','private_message',NULL,NULL,NULL,0,'no','no',0,NULL,0,0,0,NULL,0),(2171,119,45,'','',0,NULL,NULL,NULL,NULL,'read','private_message',NULL,NULL,NULL,0,'no','no',1414542326,NULL,0,0,0,NULL,0),(2172,119,45,'',NULL,0,NULL,NULL,NULL,NULL,'deleted','private_message',NULL,NULL,NULL,0,'no','no',0,NULL,0,0,0,NULL,0),(2173,119,14,'',NULL,0,NULL,NULL,NULL,NULL,'deleted','private_message',NULL,NULL,NULL,0,'no','no',0,NULL,0,0,0,NULL,0),(2174,119,45,'',NULL,0,NULL,NULL,NULL,NULL,'deleted','private_message',NULL,NULL,NULL,0,'no','no',0,NULL,0,0,0,NULL,0),(2175,119,45,'','',0,NULL,NULL,NULL,NULL,'read','private_message',NULL,NULL,NULL,0,'no','no',1414543332,NULL,0,0,0,NULL,0),(2176,119,45,'','Вот посмотри пожалуйста， это у нас цены и размеры, раньше тебе файл отправила, но сейчас уже знала нельзя отправить, у нас так многие размеры,  нельзя все добавить на сайт. Пожалуйста выбирай размеры и качество, нам скажи, потом мы эти размеры добавим на сайт ,потом ты купи, хорошо',0,NULL,NULL,NULL,NULL,'read','private_message',NULL,NULL,NULL,0,'no','no',1414543844,NULL,0,0,0,NULL,0),(2177,119,45,'',NULL,0,NULL,NULL,NULL,NULL,'deleted','private_message',NULL,NULL,NULL,0,'no','no',0,NULL,0,0,0,NULL,0),(2178,119,14,'',NULL,0,NULL,NULL,NULL,NULL,'deleted','private_message',NULL,NULL,NULL,0,'no','no',0,NULL,0,0,0,NULL,0),(2179,119,45,'',NULL,0,NULL,NULL,NULL,NULL,'deleted','private_message',NULL,NULL,NULL,0,'no','no',0,NULL,0,0,0,NULL,0),(2180,119,45,'','Температурный диапазон применения Хомутов ( от  \" - 20\" до \" + 75\" ) градусов.',0,NULL,NULL,NULL,NULL,'read','private_message',NULL,NULL,NULL,0,'no','no',1414546623,NULL,0,0,0,NULL,0),(2181,119,45,'',NULL,0,NULL,NULL,NULL,NULL,'deleted','private_message',NULL,NULL,NULL,0,'no','no',0,NULL,0,0,0,NULL,0),(2182,45,119,'',NULL,0,NULL,NULL,NULL,NULL,'deleted','private_message',NULL,NULL,NULL,0,'no','no',0,NULL,0,0,0,NULL,0),(2183,119,14,'',NULL,0,NULL,NULL,NULL,NULL,'deleted','private_message',NULL,NULL,NULL,0,'no','no',0,NULL,0,0,0,NULL,0),(2184,45,119,'',NULL,0,NULL,NULL,NULL,NULL,'deleted','private_message',NULL,NULL,NULL,0,'no','no',0,NULL,0,0,0,NULL,0),(2185,119,45,'',NULL,0,NULL,NULL,NULL,NULL,'deleted','private_message',NULL,NULL,NULL,0,'no','no',0,NULL,0,0,0,NULL,0),(2186,45,119,'',NULL,0,NULL,NULL,NULL,NULL,'deleted','private_message',NULL,NULL,NULL,0,'no','no',0,NULL,0,0,0,NULL,0),(2187,119,45,'','У тебя есть Viber, можно добавить наш номер viber, и через его мы работаем',0,NULL,NULL,NULL,NULL,'read','private_message',NULL,NULL,NULL,0,'no','no',1414556674,NULL,0,0,0,NULL,0),(2188,119,45,'',NULL,0,NULL,NULL,NULL,NULL,'deleted','private_message',NULL,NULL,NULL,0,'no','no',0,NULL,0,0,0,NULL,0),(2189,119,45,'',NULL,0,NULL,NULL,NULL,NULL,'deleted','private_message',NULL,NULL,NULL,0,'no','no',0,NULL,0,0,0,NULL,0),(2190,119,14,'',NULL,0,NULL,NULL,NULL,NULL,'deleted','private_message',NULL,NULL,NULL,0,'no','no',0,NULL,0,0,0,NULL,0),(2191,2,172,'Добро пожаловать в Comiron!','Добро пожаловать в Comiron! ...',0,NULL,NULL,NULL,NULL,'new','private_message',NULL,NULL,NULL,1414583297,'no','no',1414583297,NULL,0,0,0,NULL,0),(2192,172,0,'','Всем привет! Я зарегистрировался на сайте comiron.com ...',0,NULL,NULL,NULL,NULL,'new','news',NULL,NULL,NULL,1414583297,'no','no',1414583297,NULL,0,0,0,'Всем привет! Я зарегистрировался на сайте comiron.com ...',0),(2193,172,2,'',NULL,0,NULL,NULL,NULL,NULL,'deleted','private_message',NULL,NULL,NULL,0,'no','no',0,NULL,0,0,0,NULL,0),(2194,14,113,'',NULL,0,NULL,NULL,NULL,NULL,'deleted','private_message',NULL,NULL,NULL,0,'no','no',0,NULL,0,0,0,NULL,0),(2195,119,14,'',NULL,0,NULL,NULL,NULL,NULL,'deleted','private_message',NULL,NULL,NULL,0,'no','no',0,NULL,0,0,0,NULL,0),(2196,119,45,'',NULL,0,NULL,NULL,NULL,NULL,'deleted','private_message',NULL,NULL,NULL,0,'no','no',0,NULL,0,0,0,NULL,0),(2197,119,45,'',NULL,0,NULL,NULL,NULL,NULL,'deleted','private_message',NULL,NULL,NULL,0,'no','no',0,NULL,0,0,0,NULL,0),(2198,119,45,'',NULL,0,NULL,NULL,NULL,NULL,'deleted','private_message',NULL,NULL,NULL,0,'no','no',0,NULL,0,0,0,NULL,0),(2199,119,45,'',NULL,0,NULL,NULL,NULL,NULL,'deleted','private_message',NULL,NULL,NULL,0,'no','no',0,NULL,0,0,0,NULL,0),(2200,119,45,'',NULL,0,NULL,NULL,NULL,NULL,'deleted','private_message',NULL,NULL,NULL,0,'no','no',0,NULL,0,0,0,NULL,0),(2201,119,14,'','Здравствуйте， посмотри пожалуйста， это у нас цены и размеры хомута, раньше тебе файл отправила, но нельзя отправить, у нас так многие размеры,  нельзя все добавить на сайт. Если можно пусть клиент выбирай размеры и качество, потом мы эти размеры добавим на сайт \r\nТемпературный диапазон применения Хомутов ( от  \" - 20\" до \" + 75\" ) градусов.\r\nСпасибо',0,NULL,NULL,NULL,NULL,'read','private_message',NULL,NULL,NULL,0,'no','no',1414631390,NULL,0,0,0,NULL,0),(2202,119,14,'',NULL,0,NULL,NULL,NULL,NULL,'deleted','private_message',NULL,NULL,NULL,0,'no','no',0,NULL,0,0,0,NULL,0),(2203,14,0,'Вот это действительно так!','',0,NULL,NULL,NULL,NULL,'new','news',NULL,NULL,NULL,1414646863,'no','no',1414646863,NULL,0,1,0,'',1),(2204,125,112,'',NULL,0,NULL,NULL,NULL,NULL,'deleted','private_message',NULL,NULL,NULL,0,'no','no',0,NULL,0,0,0,NULL,0),(2205,2,173,'歡迎光臨 Comiron!','歡迎光臨 Comiron! ...',0,NULL,NULL,NULL,NULL,'read','private_message',NULL,NULL,NULL,1414649244,'no','no',1414649244,NULL,0,0,0,NULL,0),(2206,173,0,'','您好！我查了一下網站上的 comiron.com ...',0,NULL,NULL,NULL,NULL,'new','news',NULL,NULL,NULL,1414649244,'no','no',1414649244,NULL,0,0,0,'您好！我查了一下網站上的 comiron.com ...',0),(2207,169,2,'',NULL,0,NULL,NULL,NULL,NULL,'deleted','private_message',NULL,NULL,NULL,0,'no','no',0,NULL,0,0,0,NULL,0),(2208,169,2,'',NULL,0,NULL,NULL,NULL,NULL,'deleted','private_message',NULL,NULL,NULL,0,'no','no',0,NULL,0,0,0,NULL,0),(2209,14,119,'',NULL,0,NULL,NULL,NULL,NULL,'deleted','private_message',NULL,NULL,NULL,0,'no','no',0,NULL,0,0,0,NULL,0),(2210,14,145,'',NULL,0,NULL,NULL,NULL,NULL,'deleted','private_message',NULL,NULL,NULL,0,'no','no',0,NULL,0,0,0,NULL,0),(2211,14,145,'',NULL,0,NULL,NULL,NULL,NULL,'deleted','private_message',NULL,NULL,NULL,0,'no','no',0,NULL,0,0,0,NULL,0),(2212,169,0,'',NULL,0,NULL,NULL,NULL,NULL,'deleted','news',NULL,NULL,NULL,0,'no','no',0,NULL,0,0,0,NULL,0),(2213,14,145,'',NULL,0,NULL,NULL,NULL,NULL,'deleted','private_message',NULL,NULL,NULL,0,'no','no',0,NULL,0,0,0,NULL,0),(2214,169,2,'',NULL,0,NULL,NULL,NULL,NULL,'deleted','private_message',NULL,NULL,NULL,0,'no','no',0,NULL,0,0,0,NULL,0),(2215,14,145,'',NULL,0,NULL,NULL,NULL,NULL,'deleted','private_message',NULL,NULL,NULL,0,'no','no',0,NULL,0,0,0,NULL,0),(2216,169,2,'надя','',0,NULL,NULL,NULL,NULL,'new','private_message',NULL,NULL,NULL,1414652913,'no','no',1414652913,NULL,0,0,0,NULL,0),(2217,169,0,'',NULL,0,NULL,NULL,NULL,NULL,'deleted','news',NULL,NULL,NULL,0,'no','no',0,NULL,0,0,0,NULL,0),(2218,169,0,'',NULL,0,NULL,NULL,NULL,NULL,'deleted','news',NULL,NULL,NULL,0,'no','no',0,NULL,0,0,0,NULL,0),(2219,173,2,'',NULL,0,NULL,NULL,NULL,NULL,'deleted','private_message',NULL,NULL,NULL,0,'no','no',0,NULL,0,0,0,NULL,0),(2220,14,119,'',NULL,0,NULL,NULL,NULL,NULL,'deleted','private_message',NULL,NULL,NULL,0,'no','no',0,NULL,0,0,0,NULL,0),(2221,14,0,'',NULL,0,NULL,NULL,NULL,NULL,'deleted','private_message',NULL,NULL,NULL,0,'no','no',0,NULL,0,0,0,NULL,0),(2222,119,14,'',NULL,0,NULL,NULL,NULL,NULL,'deleted','private_message',NULL,NULL,NULL,0,'no','no',0,NULL,0,0,0,NULL,0),(2223,119,45,'',NULL,0,NULL,NULL,NULL,NULL,'deleted','private_message',NULL,NULL,NULL,0,'no','no',0,NULL,0,0,0,NULL,0),(2224,173,0,'',NULL,0,NULL,NULL,NULL,NULL,'deleted','news',NULL,NULL,NULL,0,'no','no',0,NULL,0,0,0,NULL,0),(2225,173,0,'',NULL,0,NULL,NULL,NULL,NULL,'deleted','private_message',NULL,NULL,NULL,0,'no','no',0,NULL,0,0,0,NULL,0),(2226,2,174,'歡迎光臨 Comiron!','歡迎光臨 Comiron! ...',0,NULL,NULL,NULL,NULL,'new','private_message',NULL,NULL,NULL,1414725517,'no','no',1414725517,NULL,0,0,0,NULL,0),(2227,174,0,'','您好！我查了一下網站上的 comiron.com ...',0,NULL,NULL,NULL,NULL,'new','news',NULL,NULL,NULL,1414725517,'no','no',1414725517,NULL,0,0,0,'您好！我查了一下網站上的 comiron.com ...',0),(2228,174,2,'',NULL,0,NULL,NULL,NULL,NULL,'deleted','private_message',NULL,NULL,NULL,0,'no','no',0,NULL,0,0,0,NULL,0),(2229,2,175,'Добро пожаловать в Comiron!','Добро пожаловать в Comiron! ...',0,NULL,NULL,NULL,NULL,'read','private_message',NULL,NULL,NULL,1414767749,'no','no',1414767749,NULL,0,0,0,NULL,0),(2230,175,0,'','Всем привет! Я зарегистрировался на сайте comiron.com ...',0,NULL,NULL,NULL,NULL,'new','news',NULL,NULL,NULL,1414767749,'no','no',1414767749,NULL,0,0,0,'Всем привет! Я зарегистрировался на сайте comiron.com ...',0),(2231,175,2,'',NULL,0,NULL,NULL,NULL,NULL,'deleted','private_message',NULL,NULL,NULL,0,'no','no',0,NULL,0,0,0,NULL,0),(2232,119,14,'',NULL,0,NULL,NULL,NULL,NULL,'deleted','private_message',NULL,NULL,NULL,0,'no','no',0,NULL,0,0,0,NULL,0),(2233,145,14,'',NULL,0,NULL,NULL,NULL,NULL,'deleted','private_message',NULL,NULL,NULL,0,'no','no',0,NULL,0,0,0,NULL,0),(2234,145,14,'','Which one you want the price?',0,NULL,NULL,NULL,NULL,'read','private_message',NULL,NULL,NULL,0,'no','no',1414804771,NULL,0,0,0,NULL,0),(2235,145,14,'',NULL,0,NULL,NULL,NULL,NULL,'deleted','private_message',NULL,NULL,NULL,0,'no','no',0,NULL,0,0,0,NULL,0),(2236,167,2,'',NULL,0,NULL,NULL,NULL,NULL,'deleted','private_message',NULL,NULL,NULL,0,'no','no',0,NULL,0,0,0,NULL,0),(2237,119,45,'',NULL,0,NULL,NULL,NULL,NULL,'deleted','private_message',NULL,NULL,NULL,0,'no','no',0,NULL,0,0,0,NULL,0),(2238,2,176,'歡迎光臨 Comiron!','歡迎光臨 Comiron! ...',0,NULL,NULL,NULL,NULL,'read','private_message',NULL,NULL,NULL,1414834185,'no','no',1414834185,NULL,0,0,0,NULL,0),(2239,176,0,'','您好！我查了一下網站上的 comiron.com ...',0,NULL,NULL,NULL,NULL,'new','news',NULL,NULL,NULL,1414834185,'no','no',1414834185,NULL,0,0,0,'您好！我查了一下網站上的 comiron.com ...',0),(2240,176,2,'',NULL,0,NULL,NULL,NULL,NULL,'deleted','private_message',NULL,NULL,NULL,0,'no','no',0,NULL,0,0,0,NULL,0),(2241,176,2,'',NULL,0,NULL,NULL,NULL,NULL,'deleted','private_message',NULL,NULL,NULL,0,'no','no',0,NULL,0,0,0,NULL,0),(2242,113,14,'',NULL,0,NULL,NULL,NULL,NULL,'deleted','private_message',NULL,NULL,NULL,0,'no','no',0,NULL,0,0,0,NULL,0),(2243,76,80,'',NULL,0,NULL,NULL,NULL,NULL,'deleted','private_message',NULL,NULL,NULL,0,'no','no',0,NULL,0,0,0,NULL,0),(2244,76,80,'',NULL,0,NULL,NULL,NULL,NULL,'deleted','private_message',NULL,NULL,NULL,0,'no','no',0,NULL,0,0,0,NULL,0),(2245,14,145,'',NULL,0,NULL,NULL,NULL,NULL,'deleted','private_message',NULL,NULL,NULL,0,'no','no',0,NULL,0,0,0,NULL,0),(2246,145,14,'',NULL,0,NULL,NULL,NULL,NULL,'deleted','private_message',NULL,NULL,NULL,0,'no','no',0,NULL,0,0,0,NULL,0),(2247,80,76,'',NULL,0,NULL,NULL,NULL,NULL,'deleted','private_message',NULL,NULL,NULL,0,'no','no',0,NULL,0,0,0,NULL,0),(2248,14,119,'',NULL,0,NULL,NULL,NULL,NULL,'deleted','private_message',NULL,NULL,NULL,0,'no','no',0,NULL,0,0,0,NULL,0),(2249,14,113,'','Ok',0,NULL,NULL,NULL,NULL,'read','private_message',NULL,NULL,NULL,0,'no','no',1415184795,NULL,0,0,0,NULL,0),(2250,14,113,'',NULL,0,NULL,NULL,NULL,NULL,'deleted','private_message',NULL,NULL,NULL,0,'no','no',0,NULL,0,0,0,NULL,0),(2251,151,2,'',NULL,0,NULL,NULL,NULL,NULL,'deleted','private_message',NULL,NULL,NULL,0,'no','no',0,NULL,0,0,0,NULL,0),(2252,78,0,'',NULL,0,NULL,NULL,NULL,NULL,'deleted','private_message',NULL,NULL,NULL,0,'no','no',0,NULL,0,0,0,NULL,0),(2253,78,80,'',NULL,0,NULL,NULL,NULL,NULL,'deleted','private_message',NULL,NULL,NULL,0,'no','no',0,NULL,0,0,0,NULL,0),(2254,78,76,'',NULL,0,NULL,NULL,NULL,NULL,'deleted','private_message',NULL,NULL,NULL,0,'no','no',0,NULL,0,0,0,NULL,0),(2255,16,14,'',NULL,0,NULL,NULL,NULL,NULL,'deleted','private_message',NULL,NULL,NULL,0,'no','no',0,NULL,0,0,0,NULL,0),(2256,16,14,'','Классные сауны!',0,NULL,NULL,NULL,NULL,'read','private_message',NULL,NULL,NULL,0,'no','no',1415775111,NULL,0,0,0,NULL,0),(2257,16,14,'',NULL,0,NULL,NULL,NULL,NULL,'deleted','private_message',NULL,NULL,NULL,0,'no','no',0,NULL,0,0,0,NULL,0),(2258,2,177,'歡迎光臨 Comiron!','歡迎光臨 Comiron! ...',0,NULL,NULL,NULL,NULL,'new','private_message',NULL,NULL,NULL,1415862921,'no','no',1415862921,NULL,0,0,0,NULL,0),(2259,177,0,'','您好！我查了一下網站上的 comiron.com ...',0,NULL,NULL,NULL,NULL,'new','news',NULL,NULL,NULL,1415862921,'no','no',1415862921,NULL,0,0,0,'您好！我查了一下網站上的 comiron.com ...',0),(2260,14,16,'',NULL,0,NULL,NULL,NULL,NULL,'deleted','private_message',NULL,NULL,NULL,0,'no','no',0,NULL,0,0,0,NULL,0),(2261,14,0,'',NULL,0,NULL,NULL,NULL,NULL,'deleted','news',NULL,NULL,NULL,0,'no','no',0,NULL,0,0,0,NULL,0),(2262,160,2,'',NULL,0,NULL,NULL,NULL,NULL,'deleted','private_message',NULL,NULL,NULL,0,'no','no',0,NULL,0,0,0,NULL,0),(2263,2,178,'Добро пожаловать в Comiron!','Добро пожаловать в Comiron! ...',0,NULL,NULL,NULL,NULL,'new','private_message',NULL,NULL,NULL,1416391630,'no','no',1416391630,NULL,0,0,0,NULL,0),(2264,178,0,'','Всем привет! Я зарегистрировался на сайте comiron.com ...',0,NULL,NULL,NULL,NULL,'new','news',NULL,NULL,NULL,1416391630,'no','no',1416391630,NULL,0,0,0,'Всем привет! Я зарегистрировался на сайте comiron.com ...',0),(2265,127,80,'',NULL,0,NULL,NULL,NULL,NULL,'deleted','private_message',NULL,NULL,NULL,0,'no','no',0,NULL,0,0,0,NULL,0),(2266,14,0,'Образцовый офис','Отличный дизайн, сделав такой, будьте уверенны в громадной производительности своих сотрудников!',0,NULL,NULL,NULL,NULL,'new','news',NULL,NULL,NULL,1416508715,'no','no',1416508715,NULL,0,0,0,'',1),(2267,113,14,'',NULL,0,NULL,NULL,NULL,NULL,'deleted','private_message',NULL,NULL,NULL,0,'no','no',0,NULL,0,0,0,NULL,0),(2268,113,14,'',NULL,0,NULL,NULL,NULL,NULL,'deleted','private_message',NULL,NULL,NULL,0,'no','no',0,NULL,0,0,0,NULL,0),(2269,2,179,'歡迎光臨 Comiron!','歡迎光臨 Comiron! ...',0,NULL,NULL,NULL,NULL,'new','private_message',NULL,NULL,NULL,1416814539,'no','no',1416814539,NULL,0,0,0,NULL,0),(2270,179,0,'','您好！我查了一下網站上的 comiron.com ...',0,NULL,NULL,NULL,NULL,'new','news',NULL,NULL,NULL,1416814539,'no','no',1416814539,NULL,0,0,0,'您好！我查了一下網站上的 comiron.com ...',0),(2271,45,0,'',NULL,0,NULL,NULL,NULL,NULL,'deleted','private_message',NULL,NULL,NULL,0,'no','no',0,NULL,0,0,0,NULL,0),(2272,78,80,'',NULL,0,NULL,NULL,NULL,NULL,'deleted','private_message',NULL,NULL,NULL,0,'no','no',0,NULL,0,0,0,NULL,0),(2273,179,2,'',NULL,0,NULL,NULL,NULL,NULL,'deleted','private_message',NULL,NULL,NULL,0,'no','no',0,NULL,0,0,0,NULL,0),(2274,12,14,NULL,NULL,NULL,NULL,NULL,NULL,NULL,'deleted','private_message',NULL,NULL,NULL,NULL,'no','no',NULL,NULL,NULL,0,0,NULL,0),(2275,15,0,'Заголовок','<p>текст</p>',NULL,NULL,NULL,NULL,NULL,'new','news',NULL,NULL,NULL,1420699794,'no','no',1420699794,106,NULL,0,0,'',0),(2276,12,15,NULL,NULL,NULL,NULL,NULL,NULL,NULL,'deleted','private_message',NULL,NULL,NULL,NULL,'no','no',NULL,NULL,NULL,0,0,NULL,0),(2277,12,0,NULL,NULL,NULL,NULL,NULL,NULL,NULL,'deleted','news',NULL,NULL,NULL,NULL,'no','no',NULL,NULL,NULL,0,0,NULL,0),(2278,12,0,NULL,NULL,NULL,NULL,NULL,NULL,NULL,'deleted','news',NULL,NULL,NULL,NULL,'no','no',NULL,NULL,NULL,0,0,NULL,0),(2279,12,0,NULL,NULL,NULL,NULL,NULL,NULL,NULL,'deleted','news',NULL,NULL,NULL,NULL,'no','no',NULL,NULL,NULL,0,0,NULL,0),(2280,12,0,NULL,NULL,NULL,NULL,NULL,NULL,NULL,'deleted','news',NULL,NULL,NULL,NULL,'no','no',NULL,NULL,NULL,0,0,NULL,0),(2281,12,0,'моя новость','<p>текст</p>',NULL,NULL,NULL,NULL,NULL,'new','news',NULL,NULL,NULL,1425487779,'no','no',1425487779,NULL,NULL,0,0,'',2),(2282,12,0,NULL,NULL,NULL,NULL,NULL,NULL,NULL,'deleted','news',NULL,NULL,NULL,NULL,'no','no',NULL,NULL,NULL,0,0,NULL,0),(2283,12,22,NULL,NULL,NULL,NULL,NULL,NULL,NULL,'deleted','private_message',NULL,NULL,NULL,NULL,'no','no',NULL,NULL,NULL,0,0,NULL,0),(2284,15,15,NULL,NULL,NULL,NULL,NULL,NULL,NULL,'deleted','private_message',NULL,NULL,NULL,NULL,'no','no',NULL,NULL,NULL,0,0,NULL,0),(2285,15,0,NULL,NULL,NULL,NULL,NULL,NULL,NULL,'deleted','news',NULL,NULL,NULL,NULL,'no','no',NULL,NULL,NULL,0,0,NULL,0),(2286,15,0,NULL,NULL,NULL,NULL,NULL,NULL,NULL,'deleted','news',NULL,NULL,NULL,NULL,'no','no',NULL,NULL,NULL,0,0,NULL,0),(2287,15,0,'Новость','<p>Анатолий Карачинский, президент IBS говорит о программных решениях так: \"Плохой интерфейс может убить ваш продукт. Создавайте такой интерфейс, который пользователи не заметят\". <span id=\"selection-marker-1\" class=\"redactor-selection-marker\"></span></p>',NULL,NULL,NULL,NULL,NULL,'deleted','news',NULL,NULL,NULL,1429598097,'no','yes',1429598097,NULL,NULL,0,0,'',1),(2288,15,12,NULL,NULL,NULL,NULL,NULL,NULL,NULL,'deleted','private_message',NULL,NULL,NULL,NULL,'no','no',NULL,NULL,NULL,0,0,NULL,0),(2289,15,0,NULL,NULL,NULL,NULL,NULL,NULL,NULL,'deleted','news',NULL,NULL,NULL,NULL,'no','no',NULL,NULL,NULL,0,0,NULL,0),(2290,15,0,NULL,NULL,NULL,NULL,NULL,NULL,NULL,'deleted','news',NULL,NULL,NULL,NULL,'no','no',NULL,NULL,NULL,0,0,NULL,0),(2291,15,0,NULL,NULL,NULL,NULL,NULL,NULL,NULL,'deleted','private_message',NULL,NULL,NULL,NULL,'no','no',NULL,NULL,NULL,0,0,NULL,0),(2292,15,0,'заголовок','',NULL,NULL,NULL,NULL,NULL,'new','news',NULL,NULL,NULL,1432708643,'no','no',1432708643,124,NULL,0,0,'',1),(2293,15,0,NULL,NULL,NULL,NULL,NULL,NULL,NULL,'deleted','news',NULL,NULL,NULL,NULL,'no','no',NULL,NULL,NULL,0,0,NULL,0),(2294,15,0,NULL,NULL,NULL,NULL,NULL,NULL,NULL,'deleted','news',NULL,NULL,NULL,NULL,'no','no',NULL,NULL,NULL,0,0,NULL,0),(2295,15,0,NULL,NULL,NULL,NULL,NULL,NULL,NULL,'deleted','news',NULL,NULL,NULL,NULL,'no','no',NULL,NULL,NULL,0,0,NULL,0),(2296,15,0,NULL,NULL,NULL,NULL,NULL,NULL,NULL,'deleted','news',NULL,NULL,NULL,NULL,'no','no',NULL,NULL,NULL,0,0,NULL,0),(2297,15,0,NULL,NULL,NULL,NULL,NULL,NULL,NULL,'deleted','news',NULL,NULL,NULL,NULL,'no','no',NULL,NULL,NULL,0,0,NULL,0),(2298,15,0,NULL,NULL,NULL,NULL,NULL,NULL,NULL,'deleted','news',NULL,NULL,NULL,NULL,'no','no',NULL,NULL,NULL,0,0,NULL,0),(2299,15,0,NULL,NULL,NULL,NULL,NULL,NULL,NULL,'deleted','news',NULL,NULL,NULL,NULL,'no','no',NULL,NULL,NULL,0,0,NULL,0),(2300,15,0,NULL,NULL,NULL,NULL,NULL,NULL,NULL,'deleted','news',NULL,NULL,NULL,NULL,'no','no',NULL,NULL,NULL,0,0,NULL,0),(2301,15,0,NULL,NULL,NULL,NULL,NULL,NULL,NULL,'deleted','news',NULL,NULL,NULL,NULL,'no','no',NULL,NULL,NULL,0,0,NULL,0),(2302,15,0,NULL,NULL,NULL,NULL,NULL,NULL,NULL,'deleted','news',NULL,NULL,NULL,NULL,'no','no',NULL,NULL,NULL,0,0,NULL,0),(2303,15,15,NULL,NULL,NULL,NULL,NULL,NULL,NULL,'deleted','private_message',NULL,NULL,NULL,NULL,'no','no',NULL,NULL,NULL,0,0,NULL,0),(2304,15,15,NULL,NULL,NULL,NULL,NULL,NULL,NULL,'deleted','private_message',NULL,NULL,NULL,NULL,'no','no',NULL,NULL,NULL,0,0,NULL,0),(2305,15,15,NULL,NULL,NULL,NULL,NULL,NULL,NULL,'deleted','private_message',NULL,NULL,NULL,NULL,'no','no',NULL,NULL,NULL,0,0,NULL,0),(2306,15,15,NULL,NULL,NULL,NULL,NULL,NULL,NULL,'deleted','private_message',NULL,NULL,NULL,NULL,'no','no',NULL,NULL,NULL,0,0,NULL,0),(2307,15,15,NULL,NULL,NULL,NULL,NULL,NULL,NULL,'deleted','private_message',NULL,NULL,NULL,NULL,'no','no',NULL,NULL,NULL,0,0,NULL,0),(2308,15,15,NULL,NULL,NULL,NULL,NULL,NULL,NULL,'deleted','private_message',NULL,NULL,NULL,NULL,'no','no',NULL,NULL,NULL,0,0,NULL,0),(2309,15,33,'тест','тест',0,NULL,NULL,NULL,NULL,'read','private_message',NULL,NULL,NULL,1433494692,'no','no',1433494692,14,14,0,0,NULL,0),(2310,15,14,NULL,NULL,NULL,NULL,NULL,NULL,NULL,'deleted','private_message',NULL,NULL,NULL,NULL,'no','no',NULL,NULL,NULL,0,0,NULL,0),(2311,15,42,NULL,NULL,NULL,NULL,NULL,NULL,NULL,'deleted','private_message',NULL,NULL,NULL,NULL,'no','no',NULL,NULL,NULL,0,0,NULL,0),(2312,15,42,NULL,NULL,NULL,NULL,NULL,NULL,NULL,'deleted','private_message',NULL,NULL,NULL,NULL,'no','no',NULL,NULL,NULL,0,0,NULL,0),(2313,15,33,NULL,NULL,NULL,NULL,NULL,NULL,NULL,'deleted','private_message',NULL,NULL,NULL,NULL,'no','no',NULL,NULL,NULL,0,0,NULL,0),(2314,15,33,NULL,NULL,NULL,NULL,NULL,NULL,NULL,'deleted','private_message',NULL,NULL,NULL,NULL,'no','no',NULL,NULL,NULL,0,0,NULL,0),(2315,15,33,NULL,NULL,NULL,NULL,NULL,NULL,NULL,'deleted','private_message',NULL,NULL,NULL,NULL,'no','no',NULL,NULL,NULL,0,0,NULL,0),(2316,15,42,NULL,NULL,NULL,NULL,NULL,NULL,NULL,'deleted','private_message',NULL,NULL,NULL,NULL,'no','no',NULL,NULL,NULL,0,0,NULL,0),(2317,15,15,NULL,NULL,NULL,NULL,NULL,NULL,NULL,'deleted','private_message',NULL,NULL,NULL,NULL,'no','no',NULL,NULL,NULL,0,0,NULL,0),(2318,15,33,NULL,NULL,NULL,NULL,NULL,NULL,NULL,'deleted','private_message',NULL,NULL,NULL,NULL,'no','no',NULL,NULL,NULL,0,0,NULL,0),(2319,15,33,NULL,NULL,NULL,NULL,NULL,NULL,NULL,'deleted','private_message',NULL,NULL,NULL,NULL,'no','no',NULL,NULL,NULL,0,0,NULL,0),(2320,15,33,NULL,NULL,NULL,NULL,NULL,NULL,NULL,'deleted','private_message',NULL,NULL,NULL,NULL,'no','no',NULL,NULL,NULL,0,0,NULL,0),(2321,15,33,NULL,NULL,NULL,NULL,NULL,NULL,NULL,'deleted','private_message',NULL,NULL,NULL,NULL,'no','no',NULL,NULL,NULL,0,0,NULL,0),(2322,15,33,NULL,NULL,NULL,NULL,NULL,NULL,NULL,'deleted','private_message',NULL,NULL,NULL,NULL,'no','no',NULL,NULL,NULL,0,0,NULL,0),(2323,15,33,NULL,NULL,NULL,NULL,NULL,NULL,NULL,'deleted','private_message',NULL,NULL,NULL,NULL,'no','no',NULL,NULL,NULL,0,0,NULL,0),(2324,15,33,NULL,NULL,NULL,NULL,NULL,NULL,NULL,'deleted','private_message',NULL,NULL,NULL,NULL,'no','no',NULL,NULL,NULL,0,0,NULL,0),(2325,15,33,NULL,NULL,NULL,NULL,NULL,NULL,NULL,'deleted','private_message',NULL,NULL,NULL,NULL,'no','no',NULL,NULL,NULL,0,0,NULL,0),(2326,15,33,NULL,NULL,NULL,NULL,NULL,NULL,NULL,'deleted','private_message',NULL,NULL,NULL,NULL,'no','no',NULL,NULL,NULL,0,0,NULL,0),(2327,15,33,NULL,NULL,NULL,NULL,NULL,NULL,NULL,'deleted','private_message',NULL,NULL,NULL,NULL,'no','no',NULL,NULL,NULL,0,0,NULL,0),(2328,15,33,NULL,NULL,NULL,NULL,NULL,NULL,NULL,'deleted','private_message',NULL,NULL,NULL,NULL,'no','no',NULL,NULL,NULL,0,0,NULL,0),(2329,15,33,NULL,NULL,NULL,NULL,NULL,NULL,NULL,'deleted','private_message',NULL,NULL,NULL,NULL,'no','no',NULL,NULL,NULL,0,0,NULL,0),(2330,15,33,NULL,NULL,NULL,NULL,NULL,NULL,NULL,'deleted','private_message',NULL,NULL,NULL,NULL,'no','no',NULL,NULL,NULL,0,0,NULL,0),(2331,15,33,NULL,NULL,NULL,NULL,NULL,NULL,NULL,'deleted','private_message',NULL,NULL,NULL,NULL,'no','no',NULL,NULL,NULL,0,0,NULL,0),(2332,15,33,NULL,'test',NULL,NULL,NULL,NULL,NULL,'unread','private_message',NULL,NULL,NULL,NULL,'no','no',1435040782,NULL,NULL,0,0,NULL,0),(2333,15,33,NULL,NULL,NULL,NULL,NULL,NULL,NULL,'deleted','private_message',NULL,NULL,NULL,NULL,'no','no',NULL,NULL,NULL,0,0,NULL,0),(2334,15,0,'Новость','Ранее ОЗПП публиковало на своем сайте памятку для россиян, которые собираются посетить крымский полуостров, где рекомендовало въезжать в Крым только через имеющийся пункт пропуска в Херсонской области, при этом воздержаться от покупки недвижимости на полуострове, а также дорогостоящих товаров и услуг мировых брендов.',NULL,NULL,NULL,NULL,NULL,'new','news',NULL,NULL,NULL,1435042365,'no','no',1435041545,124,NULL,0,0,'',0),(2335,15,0,NULL,NULL,NULL,NULL,NULL,NULL,NULL,'deleted','news',NULL,NULL,NULL,NULL,'no','no',NULL,NULL,NULL,0,0,NULL,0),(2336,15,0,NULL,NULL,NULL,NULL,NULL,NULL,NULL,'deleted','news',NULL,NULL,NULL,NULL,'no','no',NULL,NULL,NULL,0,0,NULL,0),(2337,15,0,'Решение ЕС о продлении санкций против России вступит в силу во вторник','Решение Евросоюза о продлении до 31 января 2016 года экономических санкций против России вступит в силу во вторник после его публикации в Официальном журнале ЕС, сообщили РИА Новости в пресс-службе Совета ЕС.',NULL,NULL,NULL,NULL,NULL,'new','news',NULL,NULL,NULL,1435042573,'no','no',1435042573,124,NULL,0,0,'',0),(2338,15,0,NULL,NULL,NULL,NULL,NULL,NULL,NULL,'deleted','news',NULL,NULL,NULL,NULL,'no','no',NULL,NULL,NULL,0,0,NULL,0),(2339,15,0,NULL,NULL,NULL,NULL,NULL,NULL,NULL,'deleted','news',NULL,NULL,NULL,NULL,'no','no',NULL,NULL,NULL,0,0,NULL,0),(2340,15,0,NULL,NULL,NULL,NULL,NULL,NULL,NULL,'deleted','news',NULL,NULL,NULL,NULL,'no','no',NULL,NULL,NULL,0,0,NULL,0),(2341,15,0,NULL,NULL,NULL,NULL,NULL,NULL,NULL,'deleted','private_message',NULL,NULL,NULL,NULL,'no','no',NULL,NULL,NULL,0,0,NULL,0),(2342,15,0,NULL,NULL,NULL,NULL,NULL,NULL,NULL,'deleted','private_message',NULL,NULL,NULL,NULL,'no','no',NULL,NULL,NULL,0,0,NULL,0),(2343,15,0,NULL,NULL,NULL,NULL,NULL,NULL,NULL,'deleted','private_message',NULL,NULL,NULL,NULL,'no','no',NULL,NULL,NULL,0,0,NULL,0),(2344,15,0,NULL,NULL,NULL,NULL,NULL,NULL,NULL,'deleted','private_message',NULL,NULL,NULL,NULL,'no','no',NULL,NULL,NULL,0,0,NULL,0),(2345,15,0,NULL,NULL,NULL,NULL,NULL,NULL,NULL,'deleted','private_message',NULL,NULL,NULL,NULL,'no','no',NULL,NULL,NULL,0,0,NULL,0),(2346,15,0,NULL,NULL,NULL,NULL,NULL,NULL,NULL,'deleted','news',NULL,NULL,NULL,NULL,'no','no',NULL,NULL,NULL,0,0,NULL,0),(2347,15,0,NULL,NULL,NULL,NULL,NULL,NULL,NULL,'deleted','private_message',NULL,NULL,NULL,NULL,'no','no',NULL,NULL,NULL,0,0,NULL,0),(2348,15,0,NULL,NULL,NULL,NULL,NULL,NULL,NULL,'deleted','private_message',NULL,NULL,NULL,NULL,'no','no',NULL,NULL,NULL,0,0,NULL,0),(2349,15,0,NULL,NULL,NULL,NULL,NULL,NULL,NULL,'deleted','private_message',NULL,NULL,NULL,NULL,'no','no',NULL,NULL,NULL,0,0,NULL,0),(2350,15,0,NULL,NULL,NULL,NULL,NULL,NULL,NULL,'deleted','private_message',NULL,NULL,NULL,NULL,'no','no',NULL,NULL,NULL,0,0,NULL,0),(2351,15,0,NULL,NULL,NULL,NULL,NULL,NULL,NULL,'deleted','private_message',NULL,NULL,NULL,NULL,'no','no',NULL,NULL,NULL,0,0,NULL,0),(2352,15,0,NULL,NULL,NULL,NULL,NULL,NULL,NULL,'deleted','private_message',NULL,NULL,NULL,NULL,'no','no',NULL,NULL,NULL,0,0,NULL,0),(2353,15,0,NULL,NULL,NULL,NULL,NULL,NULL,NULL,'deleted','private_message',NULL,NULL,NULL,NULL,'no','no',NULL,NULL,NULL,0,0,NULL,0),(2354,15,0,NULL,NULL,NULL,NULL,NULL,NULL,NULL,'deleted','private_message',NULL,NULL,NULL,NULL,'no','no',NULL,NULL,NULL,0,0,NULL,0),(2355,15,0,NULL,NULL,NULL,NULL,NULL,NULL,NULL,'deleted','private_message',NULL,NULL,NULL,NULL,'no','no',NULL,NULL,NULL,0,0,NULL,0),(2356,15,25,NULL,'тест',NULL,NULL,NULL,NULL,NULL,'unread','private_message',NULL,NULL,NULL,NULL,'no','no',1435056233,NULL,NULL,0,0,NULL,0),(2357,15,12,NULL,'тест',NULL,NULL,NULL,NULL,NULL,'unread','private_message',NULL,NULL,NULL,NULL,'no','no',1435056233,NULL,NULL,0,0,NULL,0),(2358,15,0,NULL,NULL,NULL,NULL,NULL,NULL,NULL,'deleted','private_message',NULL,NULL,NULL,NULL,'no','no',NULL,NULL,NULL,0,0,NULL,0),(2359,15,25,NULL,NULL,NULL,NULL,NULL,NULL,NULL,'deleted','private_message',NULL,NULL,NULL,NULL,'no','no',NULL,NULL,NULL,0,0,NULL,0),(2360,14,20,NULL,NULL,NULL,NULL,NULL,NULL,NULL,'deleted','private_message',NULL,NULL,NULL,NULL,'no','no',NULL,NULL,NULL,0,0,NULL,0),(2361,14,23,NULL,NULL,NULL,NULL,NULL,NULL,NULL,'deleted','private_message',NULL,NULL,NULL,NULL,'no','no',NULL,NULL,NULL,0,0,NULL,0),(2362,14,0,NULL,NULL,NULL,NULL,NULL,NULL,NULL,'deleted','news',NULL,NULL,NULL,NULL,'no','no',NULL,NULL,NULL,0,0,NULL,0),(2363,14,16,NULL,NULL,NULL,NULL,NULL,NULL,NULL,'deleted','private_message',NULL,NULL,NULL,NULL,'no','no',NULL,NULL,NULL,0,0,NULL,0),(2364,15,0,NULL,NULL,NULL,NULL,NULL,NULL,NULL,'deleted','news',NULL,NULL,NULL,NULL,'no','no',NULL,NULL,NULL,0,0,NULL,0),(2365,15,0,NULL,NULL,NULL,NULL,NULL,NULL,NULL,'deleted','news',NULL,NULL,NULL,NULL,'no','no',NULL,NULL,NULL,0,0,NULL,0),(2366,15,0,NULL,NULL,NULL,NULL,NULL,NULL,NULL,'deleted','news',NULL,NULL,NULL,NULL,'no','no',NULL,NULL,NULL,0,0,NULL,0),(2367,15,0,'test','test',NULL,NULL,NULL,NULL,NULL,'new','news',NULL,NULL,NULL,1445598223,'no','no',1445598223,NULL,NULL,0,0,'',0),(2368,2,34,'Добро пожаловать в Comiron!','Добро пожаловать в Comiron! ...',0,NULL,NULL,NULL,NULL,'new','private_message',NULL,NULL,NULL,1456465783,'no','no',1456465783,NULL,NULL,0,0,NULL,0),(2369,34,0,NULL,'Всем привет! Я зарегистрировался на сайте comiron.com ...',0,NULL,NULL,NULL,NULL,'new','news',NULL,NULL,NULL,1456465783,'no','no',1456465783,NULL,NULL,0,0,'Всем привет! Я зарегистрировался на сайте comiron.com ...',0);
/*!40000 ALTER TABLE `messages` ENABLE KEYS */;
UNLOCK TABLES;

--
-- Table structure for table `oauth_consumer`
--

DROP TABLE IF EXISTS `oauth_consumer`;
/*!40101 SET @saved_cs_client     = @@character_set_client */;
/*!40101 SET character_set_client = utf8 */;
CREATE TABLE `oauth_consumer` (
  `user_id` bigint(20) NOT NULL DEFAULT '0',
  `app_id` int(11) NOT NULL DEFAULT '0',
  `consumer_key` char(64) NOT NULL,
  `consumer_secret` char(64) NOT NULL,
  KEY `user_id` (`user_id`),
  KEY `app_id` (`app_id`),
  KEY `consumer_key` (`consumer_key`)
) ENGINE=MyISAM DEFAULT CHARSET=utf8;
/*!40101 SET character_set_client = @saved_cs_client */;

--
-- Dumping data for table `oauth_consumer`
--

LOCK TABLES `oauth_consumer` WRITE;
/*!40000 ALTER TABLE `oauth_consumer` DISABLE KEYS */;
INSERT INTO `oauth_consumer` VALUES (4,0,'e2f3ffcb-efe6-cac2-b9fa-e5f7c7ccc2c4','c2df0abaf42d9b449b4df93e270a93f4'),(5,0,'c8facbc5-fbd1-cddb-a8ef-c4e8c1c3c7d7','f97c060fc1f57729b4d92edfbc430b2f'),(6,0,'dde7ffcb-ece3-cec9-96ca-d3dcc7ebf8f8','071bd92eb537438ce63f64bb4c8dbf98'),(7,0,'e5ebf8c2-caf8-cfee-b0f3-ebdcdedbe2da','42bca13d2b14458941b4fa17f8f98d44'),(8,0,'dae6f8e7-faf4-c8eb-99fd-fbf7c7cefdce','f3b29ae8f35c8347170c8bc054f2de78'),(9,0,'edd2fdf6-deee-c6d5-9ef8-c3fad2cfcbf6','e977b2ca48408b3d651c05fd2efa4527'),(10,0,'f0d1cbc1-d5c7-c7fc-b5de-e4c9f4ebd6c8','8b77eb02cc04c276cedbb48e6e5c248c'),(11,0,'c1c7f3e2-c2f0-cfef-87de-e7c9c4f2dfea','60e79920fe541c55b708d4e430c5c8e7'),(12,0,'cbfcebe5-e6e1-c7d5-afd3-e6f9c3edf5f8','0ebe7c2eb75e04c95250b5823a949978'),(13,0,'f9e6cbd3-dff5-c5fc-9be8-e8c5f7edffc3','6679770039107c78f513c868a430ddda'),(14,0,'edcef0ff-efeb-c4e7-8ee4-fbc7c0eee2d9','bb3b64ec43425f94acf71ea0d467c123'),(15,0,'d1e5cac7-d1d1-c4dd-a6c1-fccfd4f3fff2','824c94a77456a497f5ae576d586145c7'),(16,0,'f4e2dbd9-c5e3-c1c9-96d3-cedce6dacfcf','78a7007e6c7afbd197a337dc6ab4a99d'),(17,0,'ced7e3e6-e9e5-cdfc-90d3-fccbe4e5dac8','97aecffee8897f240d0408db7c48303a'),(18,0,'ddc0e2f2-c5e8-c8dd-abd5-f6ccd4fcf8f4','d55670418be416647d63e739d239d43b'),(19,0,'ede2c7ec-dff4-c6c8-b1e4-fbfce3d9c7ef','421796dd6424782247d22b64e9aa30be'),(20,0,'d6c5e0ff-c4c7-c5c9-9ce0-efd1f8fdc5fd','aa18968714d586b7d7048d8fd24edcbe'),(21,0,'c1d1d0e2-c3f2-ced2-89f9-e2daf1eaffd3','3f677167888b3c78314547b5eb9f13ed'),(22,0,'eafcfbd3-e6e9-cbea-80de-d2e0facfffd6','c567a03e1865d8b0599a5798419a1bb5'),(23,0,'e2f4d1d9-d1dd-c9ef-b9f7-e9f2e0f2d2cf','e9cc253f492f4d18447eff593a343f6e'),(24,0,'f8d9d2cd-d8e7-c9f9-82c9-c1edeedfe7e8','5f5a4910baa10f3fa8124282a962e263'),(1,0,'f4cef2e5-dfc5-ccd4-85d1-eed4e0cbdffd','b1bc6e0a67d8acc0f6ced2cdb668b552'),(2,0,'f0ebfddd-cdf5-c4cb-bdcd-ebc2f9cad9db','13d2b98b1c46553112cc4bfaa279acc3'),(3,0,'eaedc9ce-fdd1-c1d7-87d6-fcdec1d5f2fa','230366fef7d9c0de43faf39546f32f75'),(25,0,'dbc8e7ea-e9f3-c9ee-85de-d5fec6c1d2d1','bf1633d6bf60e5571d98cf771f7e92fb'),(26,0,'c7e4c9f4-e3dc-c2db-87c6-eecfeafaf6e8','da96a413407f67f51de76ac50aee9242'),(27,0,'e0fdd7d7-e4cb-c5dc-92c5-d9f8c1e2d9e4','79a019528eedbbab198251241c150a59'),(28,0,'dde8cfe1-cfcc-cbec-8bfc-ecefe8efcbe1','c0ca998903638f427af3326b5cb914ce'),(29,0,'e5d6eed6-dbd3-c3c8-96e8-faddefccdbce','1aa387c3a51a1019e82d7560557566c6'),(30,0,'d2f5f1d6-e5d9-c9df-afde-e4e6e9dddac2','90bed0d06c47e9942ce8578fb3456960'),(31,0,'c6d6d0c1-e5fb-c9d9-b7cc-c2dbf5e4c3de','cfafeaf0337045f58483385a6e79a8dc'),(33,0,'e1d0c7db-cbc2-cfd8-88e8-c5f5edfae0ea','9b62042bc73e3683cb8a6642481e42b1'),(34,0,'f5c6d2eb-e9d5-cfda-8feb-e0fafac6d6f9','545f75b5d54022e3d4b836ee089c8097');
/*!40000 ALTER TABLE `oauth_consumer` ENABLE KEYS */;
UNLOCK TABLES;

--
-- Table structure for table `oauth_nonce`
--

DROP TABLE IF EXISTS `oauth_nonce`;
/*!40101 SET @saved_cs_client     = @@character_set_client */;
/*!40101 SET character_set_client = utf8 */;
CREATE TABLE `oauth_nonce` (
  `nonce` char(64) NOT NULL,
  `nonce_timestamp` int(11) NOT NULL,
  PRIMARY KEY (`nonce`),
  KEY `nonce_timestamp` (`nonce_timestamp`)
) ENGINE=MyISAM DEFAULT CHARSET=utf8;
/*!40101 SET character_set_client = @saved_cs_client */;

--
-- Dumping data for table `oauth_nonce`
--

LOCK TABLES `oauth_nonce` WRITE;
/*!40000 ALTER TABLE `oauth_nonce` DISABLE KEYS */;
/*!40000 ALTER TABLE `oauth_nonce` ENABLE KEYS */;
UNLOCK TABLES;

--
-- Table structure for table `oauth_token`
--

DROP TABLE IF EXISTS `oauth_token`;
/*!40101 SET @saved_cs_client     = @@character_set_client */;
/*!40101 SET character_set_client = utf8 */;
CREATE TABLE `oauth_token` (
  `user_id` bigint(20) NOT NULL DEFAULT '0',
  `consumer_key` char(64) NOT NULL,
  `type` char(7) NOT NULL,
  `token_key` char(64) NOT NULL,
  `token_secret` char(64) NOT NULL,
  `authorized` int(11) NOT NULL DEFAULT '0',
  PRIMARY KEY (`token_key`),
  UNIQUE KEY `token_key` (`token_key`),
  KEY `token_key_2` (`token_key`,`type`)
) ENGINE=MyISAM DEFAULT CHARSET=utf8;
/*!40101 SET character_set_client = @saved_cs_client */;

--
-- Dumping data for table `oauth_token`
--

LOCK TABLES `oauth_token` WRITE;
/*!40000 ALTER TABLE `oauth_token` DISABLE KEYS */;
/*!40000 ALTER TABLE `oauth_token` ENABLE KEYS */;
UNLOCK TABLES;

--
-- Table structure for table `order`
--

DROP TABLE IF EXISTS `order`;
/*!40101 SET @saved_cs_client     = @@character_set_client */;
/*!40101 SET character_set_client = utf8 */;
CREATE TABLE `order` (
  `id` int(11) NOT NULL AUTO_INCREMENT,
  `shop_id` int(11) NOT NULL,
  `person_id` int(11) NOT NULL,
  `sum` decimal(19,2) NOT NULL DEFAULT '0.00',
  `ispayed` int(1) NOT NULL DEFAULT '0',
  `currency_id` int(11) DEFAULT NULL,
  `orderstatus_id` int(11) DEFAULT NULL,
  `dataorder` int(11) DEFAULT NULL,
  `num` int(11) DEFAULT NULL,
  `comment_person` text,
  `comment_shop` text,
  `comment_num` int(11) DEFAULT '0',
  `isuserarchive` int(1) DEFAULT '0',
  `delivery` enum('myself','comiron','dpd','hermes','kurer','chinapost','russiapost') DEFAULT NULL,
  `phone` varchar(50) DEFAULT NULL,
  `address` varchar(255) DEFAULT NULL,
  `postalcode` varchar(10) DEFAULT NULL,
  `deliverycost` decimal(10,2) DEFAULT NULL,
  `deliverynum` varchar(255) DEFAULT NULL,
  `numpack` int(11) DEFAULT NULL,
  `category` varchar(255) DEFAULT NULL,
  `weight` decimal(10,2) DEFAULT NULL,
  `volume` decimal(10,2) DEFAULT NULL,
  `terminal` varchar(255) DEFAULT NULL,
  `city` varchar(255) DEFAULT NULL,
  `date_pickup` int(11) DEFAULT NULL,
  `deliverydate` varchar(255) DEFAULT NULL,
  `deliverystate` varchar(255) DEFAULT NULL,
  PRIMARY KEY (`id`),
  KEY `shop_id` (`shop_id`,`person_id`),
  KEY `currency_id` (`currency_id`),
  KEY `orderstatus_id` (`orderstatus_id`),
  KEY `dataorder` (`dataorder`),
  KEY `isuserarchive` (`isuserarchive`),
  KEY `delivery` (`delivery`)
) ENGINE=MyISAM AUTO_INCREMENT=455 DEFAULT CHARSET=utf8;
/*!40101 SET character_set_client = @saved_cs_client */;

--
-- Dumping data for table `order`
--

LOCK TABLES `order` WRITE;
/*!40000 ALTER TABLE `order` DISABLE KEYS */;
INSERT INTO `order` VALUES (5,13,15,247920.00,0,2,2,1399873883,NULL,NULL,'',0,0,NULL,NULL,NULL,NULL,NULL,NULL,NULL,NULL,NULL,NULL,NULL,NULL,NULL,NULL,NULL),(4,13,15,443381.00,0,2,4,1399873240,NULL,NULL,'',0,0,NULL,NULL,NULL,NULL,NULL,NULL,NULL,NULL,NULL,NULL,NULL,NULL,NULL,NULL,NULL),(3,21,15,300.00,0,2,1,1399873071,NULL,NULL,'тестовый',0,0,NULL,NULL,NULL,NULL,NULL,NULL,NULL,NULL,NULL,NULL,NULL,NULL,NULL,NULL,NULL),(6,13,15,187000.00,0,2,4,1399874300,NULL,NULL,'срок изготовления 10 дней',0,0,NULL,NULL,NULL,NULL,NULL,NULL,NULL,NULL,NULL,NULL,NULL,NULL,NULL,NULL,NULL),(7,21,15,600000000.00,1,2,2,1399874360,NULL,NULL,'test',0,0,NULL,NULL,NULL,NULL,NULL,NULL,NULL,NULL,NULL,NULL,NULL,NULL,NULL,NULL,NULL),(8,22,26,4.00,0,1,1,1399962695,NULL,NULL,NULL,0,0,NULL,NULL,NULL,NULL,NULL,NULL,NULL,NULL,NULL,NULL,NULL,NULL,NULL,NULL,NULL),(9,22,26,0.00,0,0,1,1399962703,NULL,NULL,NULL,0,0,NULL,NULL,NULL,NULL,NULL,NULL,NULL,NULL,NULL,NULL,NULL,NULL,NULL,NULL,NULL),(10,22,26,0.00,0,0,1,1399962714,NULL,NULL,NULL,0,0,NULL,NULL,NULL,NULL,NULL,NULL,NULL,NULL,NULL,NULL,NULL,NULL,NULL,NULL,NULL),(11,21,14,3000.00,0,2,1,1401170847,NULL,NULL,NULL,0,0,NULL,NULL,NULL,NULL,NULL,NULL,NULL,NULL,NULL,NULL,NULL,NULL,NULL,NULL,NULL),(12,23,14,185880.00,0,2,1,1401212790,NULL,NULL,NULL,0,0,NULL,NULL,NULL,NULL,NULL,NULL,NULL,NULL,NULL,NULL,NULL,NULL,NULL,NULL,NULL),(13,23,14,46470.00,0,2,1,1401213323,NULL,NULL,'сначала оплати!!!!!',0,0,NULL,NULL,NULL,NULL,NULL,NULL,NULL,NULL,NULL,NULL,NULL,NULL,NULL,NULL,NULL),(14,23,14,15490.00,0,2,1,1401246355,NULL,NULL,'',0,0,NULL,NULL,NULL,NULL,NULL,NULL,NULL,NULL,NULL,NULL,NULL,NULL,NULL,NULL,NULL),(15,23,15,60800.00,0,2,1,1402394381,NULL,NULL,NULL,0,0,NULL,NULL,NULL,NULL,NULL,NULL,NULL,NULL,NULL,NULL,NULL,NULL,NULL,NULL,NULL),(16,13,13,1240.00,0,2,2,1402890364,NULL,NULL,'Плафон только зеленый',0,0,NULL,NULL,NULL,NULL,NULL,NULL,NULL,NULL,NULL,NULL,NULL,NULL,NULL,NULL,NULL),(17,13,13,315000.00,0,2,2,1402890613,NULL,NULL,'После оплаты 10 дней до готовности',0,0,NULL,NULL,NULL,NULL,NULL,NULL,NULL,NULL,NULL,NULL,NULL,NULL,NULL,NULL,NULL),(18,25,13,9600.00,0,2,1,1404886252,NULL,NULL,'Утром деньги вечером системы',0,0,NULL,NULL,NULL,NULL,NULL,NULL,NULL,NULL,NULL,NULL,NULL,NULL,NULL,NULL,NULL),(19,26,14,35544.00,0,2,2,1405156409,NULL,NULL,'Сборка после оплаты в течении 2ух дней',0,0,NULL,NULL,NULL,NULL,NULL,NULL,NULL,NULL,NULL,NULL,NULL,NULL,NULL,NULL,NULL),(20,21,12,300.00,0,2,1,1405599350,NULL,NULL,NULL,0,0,NULL,NULL,NULL,NULL,NULL,NULL,NULL,NULL,NULL,NULL,NULL,NULL,NULL,NULL,NULL),(21,26,14,5990.00,0,2,1,1406883276,NULL,NULL,NULL,0,0,NULL,NULL,NULL,NULL,NULL,NULL,NULL,NULL,NULL,NULL,NULL,NULL,NULL,NULL,NULL),(22,27,14,10700.00,0,2,3,1407300035,NULL,NULL,'',1,0,NULL,NULL,NULL,NULL,NULL,NULL,NULL,NULL,NULL,NULL,NULL,NULL,NULL,NULL,NULL),(23,13,14,12400.00,0,2,4,1407919974,NULL,NULL,'',1,0,NULL,NULL,NULL,NULL,NULL,NULL,NULL,NULL,NULL,NULL,NULL,NULL,NULL,NULL,NULL),(24,13,67,4910.00,0,2,3,1409730460,NULL,NULL,'',2,0,NULL,NULL,NULL,NULL,NULL,NULL,NULL,NULL,NULL,NULL,NULL,NULL,NULL,NULL,NULL),(25,13,13,1231.00,0,2,2,1409983390,NULL,NULL,'',3,0,NULL,NULL,NULL,NULL,NULL,NULL,NULL,NULL,NULL,NULL,NULL,NULL,NULL,NULL,NULL),(26,14,42,123.00,0,0,1,1411114955,NULL,NULL,NULL,1,0,'comiron','',NULL,NULL,NULL,NULL,NULL,NULL,NULL,NULL,NULL,NULL,NULL,NULL,NULL),(27,18,14,470.00,0,2,1,1411715130,NULL,NULL,NULL,0,0,'comiron','+79090757601',NULL,NULL,NULL,NULL,NULL,NULL,NULL,NULL,NULL,NULL,NULL,NULL,NULL),(28,13,75,4924.00,0,2,2,1412065549,NULL,NULL,'',2,0,'myself','',NULL,NULL,NULL,NULL,NULL,NULL,NULL,NULL,NULL,NULL,NULL,NULL,NULL),(29,37,14,160.00,0,1,1,1412069768,NULL,NULL,NULL,0,0,'comiron','',NULL,NULL,NULL,NULL,NULL,NULL,NULL,NULL,NULL,NULL,NULL,NULL,NULL),(30,39,76,40.00,0,4,1,1412135583,NULL,NULL,'',0,0,'myself','',NULL,NULL,NULL,NULL,NULL,NULL,NULL,NULL,NULL,NULL,NULL,NULL,NULL),(51,13,14,247000.00,0,2,4,1412594712,NULL,NULL,'',1,0,'myself','',NULL,NULL,NULL,NULL,NULL,NULL,NULL,NULL,NULL,NULL,NULL,NULL,NULL),(31,39,76,70.00,0,4,1,1412136378,NULL,NULL,NULL,0,0,'comiron','',NULL,NULL,NULL,NULL,NULL,NULL,NULL,NULL,NULL,NULL,NULL,NULL,NULL),(32,39,76,50.00,0,4,1,1412140459,NULL,NULL,NULL,0,0,'myself','',NULL,NULL,NULL,NULL,NULL,NULL,NULL,NULL,NULL,NULL,NULL,NULL,NULL),(33,44,14,1363.00,0,4,1,1412222411,NULL,NULL,NULL,1,0,'myself','',NULL,NULL,NULL,NULL,NULL,NULL,NULL,NULL,NULL,NULL,NULL,NULL,NULL),(34,45,14,1008.00,0,4,1,1412230886,NULL,NULL,NULL,3,0,'myself','',NULL,NULL,NULL,NULL,NULL,NULL,NULL,NULL,NULL,NULL,NULL,NULL,NULL),(35,46,14,126.00,0,4,1,1412236530,NULL,NULL,NULL,2,0,'myself','',NULL,NULL,NULL,NULL,NULL,NULL,NULL,NULL,NULL,NULL,NULL,NULL,NULL),(36,40,80,25.00,0,4,5,1412307874,NULL,NULL,NULL,0,0,'comiron','13588683565',NULL,NULL,NULL,NULL,NULL,NULL,NULL,NULL,NULL,NULL,NULL,NULL,NULL),(37,40,80,25.00,0,4,5,1412307957,NULL,NULL,'',0,0,'comiron','13588683565',NULL,NULL,NULL,NULL,NULL,NULL,NULL,NULL,NULL,NULL,NULL,NULL,NULL),(38,39,80,10.00,0,4,5,1412308025,NULL,NULL,'',0,0,'comiron','13588683565',NULL,NULL,NULL,NULL,NULL,NULL,NULL,NULL,NULL,NULL,NULL,NULL,NULL),(39,49,14,425.50,0,4,1,1412391991,NULL,NULL,NULL,2,0,'myself','',NULL,NULL,NULL,NULL,NULL,NULL,NULL,NULL,NULL,NULL,NULL,NULL,NULL),(40,50,14,42.00,0,4,4,1412397487,NULL,NULL,'',2,0,'myself','',NULL,NULL,NULL,NULL,NULL,NULL,NULL,NULL,NULL,NULL,NULL,NULL,NULL),(41,51,14,1000.00,0,4,1,1412403775,NULL,NULL,NULL,2,0,'myself','',NULL,NULL,NULL,NULL,NULL,NULL,NULL,NULL,NULL,NULL,NULL,NULL,NULL),(42,52,14,960.00,0,4,1,1412407599,NULL,NULL,NULL,0,0,'myself','',NULL,NULL,NULL,NULL,NULL,NULL,NULL,NULL,NULL,NULL,NULL,NULL,NULL),(43,53,14,10.80,0,1,1,1412413988,NULL,NULL,NULL,2,0,'myself','',NULL,NULL,NULL,NULL,NULL,NULL,NULL,NULL,NULL,NULL,NULL,NULL,NULL),(44,54,80,158.00,0,4,5,1412423709,NULL,NULL,NULL,0,0,'comiron','',NULL,NULL,NULL,NULL,NULL,NULL,NULL,NULL,NULL,NULL,NULL,NULL,NULL),(45,44,80,53.50,0,4,5,1412423969,NULL,NULL,NULL,1,0,'myself','',NULL,NULL,NULL,NULL,NULL,NULL,NULL,NULL,NULL,NULL,NULL,NULL,NULL),(46,55,112,490.00,0,4,1,1412489061,NULL,NULL,NULL,0,0,'myself','',NULL,NULL,NULL,NULL,NULL,NULL,NULL,NULL,NULL,NULL,NULL,NULL,NULL),(47,56,112,17.50,0,4,1,1412492271,NULL,NULL,NULL,0,0,'myself','',NULL,NULL,NULL,NULL,NULL,NULL,NULL,NULL,NULL,NULL,NULL,NULL,NULL),(48,57,112,140.00,0,4,1,1412497387,NULL,NULL,NULL,0,0,'myself','',NULL,NULL,NULL,NULL,NULL,NULL,NULL,NULL,NULL,NULL,NULL,NULL,NULL),(49,58,14,120.00,0,1,1,1412510776,NULL,NULL,NULL,1,0,'myself','',NULL,NULL,NULL,NULL,NULL,NULL,NULL,NULL,NULL,NULL,NULL,NULL,NULL),(50,40,78,25.00,0,4,4,1412593945,NULL,NULL,'',0,0,'comiron','',NULL,NULL,NULL,NULL,NULL,NULL,NULL,NULL,NULL,NULL,NULL,NULL,NULL),(52,58,14,10.00,0,1,1,1412599111,NULL,NULL,NULL,0,0,'comiron','',NULL,NULL,NULL,NULL,NULL,NULL,NULL,NULL,NULL,NULL,NULL,NULL,NULL),(53,18,80,124.00,0,2,5,1412599452,NULL,NULL,NULL,0,0,'comiron','',NULL,NULL,NULL,NULL,NULL,NULL,NULL,NULL,NULL,NULL,NULL,NULL,NULL),(54,13,14,935000.00,0,2,4,1412663030,NULL,NULL,'',2,0,'myself','',NULL,NULL,NULL,NULL,NULL,NULL,NULL,NULL,NULL,NULL,NULL,NULL,NULL),(55,67,14,24.00,0,4,1,1412732353,NULL,NULL,NULL,2,0,'comiron','',NULL,NULL,NULL,NULL,NULL,NULL,NULL,NULL,NULL,NULL,NULL,NULL,NULL),(56,13,14,5890.00,0,2,4,1412760481,NULL,NULL,'',0,0,'myself','',NULL,NULL,NULL,NULL,NULL,NULL,NULL,NULL,NULL,NULL,NULL,NULL,NULL),(57,13,14,189945.00,0,2,4,1412842023,NULL,NULL,'',0,0,'myself','',NULL,NULL,NULL,NULL,NULL,NULL,NULL,NULL,NULL,NULL,NULL,NULL,NULL),(58,13,14,9765.00,0,2,4,1412855629,NULL,NULL,'',1,0,'myself','',NULL,NULL,NULL,NULL,NULL,NULL,NULL,NULL,NULL,NULL,NULL,NULL,NULL),(59,13,14,188240.00,0,2,4,1412935112,NULL,NULL,'',0,0,'myself','',NULL,NULL,NULL,NULL,NULL,NULL,NULL,NULL,NULL,NULL,NULL,NULL,NULL),(60,65,139,15.00,0,1,2,1412991573,NULL,NULL,'',0,0,'myself','',NULL,NULL,NULL,NULL,NULL,NULL,NULL,NULL,NULL,NULL,NULL,NULL,NULL),(61,45,80,36.00,0,4,1,1413358991,NULL,NULL,NULL,0,0,'comiron','',NULL,NULL,NULL,NULL,NULL,NULL,NULL,NULL,NULL,NULL,NULL,NULL,NULL),(62,28,15,20030.00,0,2,1,1413359709,NULL,NULL,NULL,2,0,'comiron','123123123',NULL,NULL,NULL,NULL,NULL,NULL,NULL,NULL,NULL,NULL,NULL,NULL,NULL),(63,13,28,247000.00,0,2,5,1413869247,NULL,NULL,NULL,0,1,'comiron','89090771981',NULL,NULL,NULL,NULL,NULL,NULL,NULL,NULL,NULL,NULL,NULL,NULL,NULL),(64,13,14,205160.00,0,2,4,1415015912,NULL,NULL,'',0,0,'comiron','',NULL,NULL,NULL,NULL,NULL,NULL,NULL,NULL,NULL,NULL,NULL,NULL,NULL),(65,13,14,187000.00,0,2,4,1415176345,NULL,NULL,'',0,0,'comiron','89090887450',NULL,NULL,NULL,NULL,NULL,NULL,NULL,NULL,NULL,NULL,NULL,NULL,NULL),(66,13,14,247000.00,0,2,4,1417504517,NULL,NULL,'',0,0,'myself','',NULL,NULL,NULL,NULL,NULL,NULL,NULL,NULL,NULL,NULL,NULL,NULL,NULL),(67,40,76,4200.00,0,4,1,1417832545,NULL,NULL,NULL,0,0,'comiron','',NULL,NULL,NULL,NULL,NULL,NULL,NULL,NULL,NULL,NULL,NULL,NULL,NULL),(68,108,193,3000.00,0,4,2,1419423123,NULL,NULL,'',1,0,'comiron','+79226398817',NULL,NULL,NULL,NULL,NULL,NULL,NULL,NULL,NULL,NULL,NULL,NULL,NULL),(69,107,20,12.90,0,4,1,1419489416,NULL,NULL,NULL,1,0,'comiron','+79058320014',NULL,NULL,NULL,NULL,NULL,NULL,NULL,NULL,NULL,NULL,NULL,NULL,NULL),(70,21,15,123.00,0,2,1,1419493561,NULL,NULL,NULL,0,0,'comiron','test',NULL,NULL,NULL,NULL,NULL,NULL,NULL,NULL,NULL,NULL,NULL,NULL,NULL),(71,111,28,62.70,0,4,2,1420995299,NULL,NULL,'',4,0,'comiron','+79090771981',NULL,NULL,NULL,NULL,NULL,NULL,NULL,NULL,NULL,NULL,NULL,NULL,NULL),(72,108,205,438.00,0,4,5,1421745111,NULL,NULL,NULL,2,0,'myself','46666567474',NULL,NULL,NULL,NULL,NULL,NULL,NULL,NULL,NULL,NULL,NULL,NULL,NULL),(73,108,205,88.00,0,4,5,1421745142,NULL,NULL,NULL,0,0,'myself','',NULL,NULL,NULL,NULL,NULL,NULL,NULL,NULL,NULL,NULL,NULL,NULL,NULL),(74,101,205,28.40,0,4,5,1421748397,NULL,NULL,NULL,0,1,'myself','',NULL,NULL,NULL,NULL,NULL,NULL,NULL,NULL,NULL,NULL,NULL,NULL,NULL),(75,130,218,30.00,0,1,1,1421752450,NULL,NULL,NULL,0,0,'comiron','',NULL,NULL,NULL,NULL,NULL,NULL,NULL,NULL,NULL,NULL,NULL,NULL,NULL),(76,13,43,465.00,0,2,1,1421765849,NULL,NULL,NULL,0,0,'myself','',NULL,NULL,NULL,NULL,NULL,NULL,NULL,NULL,NULL,NULL,NULL,NULL,NULL),(77,13,14,317900.00,0,2,1,1421822898,NULL,NULL,NULL,0,0,'myself','',NULL,NULL,NULL,NULL,NULL,NULL,NULL,NULL,NULL,NULL,NULL,NULL,NULL),(78,108,223,205.80,0,4,2,1422098820,NULL,NULL,'',3,0,'comiron','89823111927',NULL,NULL,NULL,NULL,NULL,NULL,NULL,NULL,NULL,NULL,NULL,NULL,NULL),(79,107,223,2.00,0,4,5,1422098950,NULL,NULL,NULL,0,0,'comiron','89823111927',NULL,NULL,NULL,NULL,NULL,NULL,NULL,NULL,NULL,NULL,NULL,NULL,NULL),(80,124,165,10.00,0,4,1,1422270699,NULL,NULL,NULL,0,0,'myself','',NULL,NULL,NULL,NULL,NULL,NULL,NULL,NULL,NULL,NULL,NULL,NULL,NULL),(81,124,12,123.00,1,0,2,1422279098,NULL,NULL,NULL,0,0,'comiron','123123123',NULL,NULL,NULL,NULL,NULL,NULL,NULL,NULL,NULL,NULL,NULL,NULL,NULL),(82,124,12,287000.00,0,2,1,1422279125,NULL,NULL,NULL,0,0,'comiron','',NULL,NULL,NULL,NULL,NULL,NULL,NULL,NULL,NULL,NULL,NULL,NULL,NULL),(83,124,12,0.00,0,0,1,1422279298,NULL,NULL,NULL,0,0,'comiron','',NULL,NULL,NULL,NULL,NULL,NULL,NULL,NULL,NULL,NULL,NULL,NULL,NULL),(84,124,12,0.00,0,0,1,1422279368,NULL,NULL,NULL,0,0,'comiron','',NULL,NULL,NULL,NULL,NULL,NULL,NULL,NULL,NULL,NULL,NULL,NULL,NULL),(85,124,15,377410.00,0,2,1,1431508767,NULL,NULL,NULL,2,0,'comiron','test',NULL,NULL,NULL,NULL,NULL,NULL,NULL,NULL,NULL,NULL,NULL,NULL,NULL),(86,13,14,784.00,0,1,1,1439462999,NULL,NULL,NULL,0,0,'comiron','test',NULL,NULL,NULL,NULL,NULL,NULL,NULL,NULL,NULL,NULL,NULL,NULL,NULL),(87,13,14,1568.00,0,1,1,1439469190,NULL,NULL,NULL,0,0,'myself','',NULL,NULL,NULL,NULL,NULL,NULL,NULL,NULL,NULL,NULL,NULL,NULL,NULL),(88,13,14,1568.00,0,1,1,1439470237,NULL,NULL,NULL,0,0,'myself','',NULL,NULL,NULL,NULL,NULL,NULL,NULL,NULL,NULL,NULL,NULL,NULL,NULL),(89,14,15,574000.00,0,2,1,1440747995,NULL,NULL,NULL,0,0,'comiron','',NULL,NULL,NULL,NULL,NULL,NULL,NULL,NULL,NULL,NULL,NULL,NULL,NULL),(90,14,15,574000.00,0,2,1,1441021038,NULL,NULL,NULL,0,0,'myself','',NULL,NULL,NULL,NULL,NULL,NULL,NULL,NULL,NULL,NULL,NULL,NULL,NULL),(91,14,15,574000.00,1,2,1,1441021067,NULL,NULL,NULL,0,0,'myself','',NULL,NULL,NULL,NULL,NULL,NULL,NULL,NULL,NULL,NULL,NULL,NULL,NULL),(92,14,15,287000.00,0,2,1,1441021377,NULL,NULL,NULL,0,0,'comiron','',NULL,NULL,NULL,NULL,NULL,NULL,NULL,NULL,NULL,NULL,NULL,NULL,NULL),(93,14,15,287000.00,1,2,1,1441021425,NULL,NULL,NULL,0,0,'comiron','',NULL,NULL,NULL,NULL,NULL,NULL,NULL,NULL,NULL,NULL,NULL,NULL,NULL),(94,14,15,287000.00,1,2,1,1441021955,NULL,NULL,NULL,0,0,'comiron','',NULL,NULL,NULL,NULL,NULL,NULL,NULL,NULL,NULL,NULL,NULL,NULL,NULL),(95,14,15,574000.00,0,2,1,1441022184,NULL,NULL,NULL,0,0,'comiron','3423',NULL,NULL,NULL,NULL,NULL,NULL,NULL,NULL,NULL,NULL,NULL,NULL,NULL),(96,14,15,287000.00,1,2,1,1441022204,NULL,NULL,NULL,0,0,'comiron','tewt',NULL,NULL,NULL,NULL,NULL,NULL,NULL,NULL,NULL,NULL,NULL,NULL,NULL),(97,14,15,287000.00,0,2,1,1441022270,NULL,NULL,NULL,0,0,'myself','',NULL,NULL,NULL,NULL,NULL,NULL,NULL,NULL,NULL,NULL,NULL,NULL,NULL),(98,14,15,287000.00,1,2,1,1441022407,NULL,NULL,NULL,0,0,'myself','',NULL,NULL,NULL,NULL,NULL,NULL,NULL,NULL,NULL,NULL,NULL,NULL,NULL),(99,13,15,465.00,0,2,1,1441708267,NULL,NULL,NULL,0,0,'myself','',NULL,NULL,NULL,NULL,NULL,NULL,NULL,NULL,NULL,NULL,NULL,NULL,NULL),(100,13,15,465.00,0,2,1,1441708345,NULL,NULL,NULL,0,0,'myself','',NULL,NULL,NULL,NULL,NULL,NULL,NULL,NULL,NULL,NULL,NULL,NULL,NULL),(101,18,15,525.00,0,2,1,1441708390,NULL,NULL,NULL,0,0,'myself','',NULL,NULL,NULL,NULL,NULL,NULL,NULL,NULL,NULL,NULL,NULL,NULL,NULL),(102,124,15,36937.00,0,2,1,1443597221,NULL,NULL,NULL,0,0,'myself','',NULL,NULL,NULL,NULL,NULL,NULL,NULL,NULL,NULL,NULL,NULL,NULL,NULL),(103,124,15,12312.00,0,2,1,1443597276,NULL,NULL,NULL,0,0,'myself','',NULL,NULL,NULL,NULL,NULL,NULL,NULL,NULL,NULL,NULL,NULL,NULL,NULL),(104,124,15,12312.00,0,2,1,1443597327,NULL,NULL,NULL,0,0,'comiron','',NULL,NULL,NULL,NULL,NULL,NULL,NULL,NULL,NULL,NULL,NULL,NULL,NULL),(105,124,15,12312.00,0,2,1,1443597357,NULL,NULL,NULL,0,0,'comiron','',NULL,NULL,NULL,NULL,NULL,NULL,NULL,NULL,NULL,NULL,NULL,NULL,NULL),(106,124,15,0.00,0,0,1,1443597373,NULL,NULL,NULL,0,0,'comiron','',NULL,NULL,NULL,NULL,NULL,NULL,NULL,NULL,NULL,NULL,NULL,NULL,NULL),(107,124,15,12312.00,0,2,1,1443597392,NULL,NULL,NULL,0,0,'comiron','',NULL,NULL,NULL,NULL,NULL,NULL,NULL,NULL,NULL,NULL,NULL,NULL,NULL),(108,124,15,0.00,0,0,1,1443597416,NULL,NULL,NULL,0,0,'comiron','',NULL,NULL,NULL,NULL,NULL,NULL,NULL,NULL,NULL,NULL,NULL,NULL,NULL),(109,124,15,12312.00,0,2,1,1443597429,NULL,NULL,NULL,0,0,'comiron','',NULL,NULL,NULL,NULL,NULL,NULL,NULL,NULL,NULL,NULL,NULL,NULL,NULL),(110,124,15,33442.40,0,2,1,1444296343,NULL,NULL,NULL,0,0,'myself','',NULL,NULL,NULL,NULL,NULL,NULL,NULL,NULL,NULL,NULL,NULL,NULL,NULL),(111,15,15,22.00,0,2,1,1448453156,NULL,NULL,NULL,0,0,'myself','',NULL,NULL,NULL,NULL,NULL,NULL,NULL,NULL,NULL,NULL,NULL,NULL,NULL),(112,15,15,0.00,0,0,1,1448454496,NULL,NULL,NULL,0,0,'myself','',NULL,NULL,NULL,NULL,NULL,NULL,NULL,NULL,NULL,NULL,NULL,NULL,NULL),(113,15,15,0.00,0,0,1,1448454540,NULL,NULL,NULL,0,0,'myself','',NULL,NULL,NULL,NULL,NULL,NULL,NULL,NULL,NULL,NULL,NULL,NULL,NULL),(114,13,15,392.00,0,1,1,1448454577,NULL,NULL,NULL,0,0,'myself','',NULL,NULL,NULL,NULL,NULL,NULL,NULL,NULL,NULL,NULL,NULL,NULL,NULL),(115,13,15,0.00,0,0,1,1448454644,NULL,NULL,NULL,0,0,'myself','',NULL,NULL,NULL,NULL,NULL,NULL,NULL,NULL,NULL,NULL,NULL,NULL,NULL),(116,13,15,0.00,0,0,1,1448454665,NULL,NULL,NULL,0,0,'myself','',NULL,NULL,NULL,NULL,NULL,NULL,NULL,NULL,NULL,NULL,NULL,NULL,NULL),(117,13,15,0.00,0,0,1,1448454804,NULL,NULL,NULL,0,0,'myself','',NULL,NULL,NULL,NULL,NULL,NULL,NULL,NULL,NULL,NULL,NULL,NULL,NULL),(118,13,15,0.00,0,0,1,1448454813,NULL,NULL,NULL,0,0,'myself','',NULL,NULL,NULL,NULL,NULL,NULL,NULL,NULL,NULL,NULL,NULL,NULL,NULL),(119,13,15,0.00,0,0,1,1448454879,NULL,NULL,NULL,0,0,'myself','',NULL,NULL,NULL,NULL,NULL,NULL,NULL,NULL,NULL,NULL,NULL,NULL,NULL),(120,13,15,0.00,0,0,1,1448454972,NULL,NULL,NULL,0,0,'myself','',NULL,NULL,NULL,NULL,NULL,NULL,NULL,NULL,NULL,NULL,NULL,NULL,NULL),(121,13,15,0.00,0,0,1,1448455005,NULL,NULL,NULL,0,0,'myself','',NULL,NULL,NULL,NULL,NULL,NULL,NULL,NULL,NULL,NULL,NULL,NULL,NULL),(122,13,15,0.00,0,0,1,1448455026,NULL,NULL,NULL,0,0,'myself','',NULL,NULL,NULL,NULL,NULL,NULL,NULL,NULL,NULL,NULL,NULL,NULL,NULL),(123,13,15,0.00,0,0,1,1448455057,NULL,NULL,NULL,0,0,'myself','',NULL,NULL,NULL,NULL,NULL,NULL,NULL,NULL,NULL,NULL,NULL,NULL,NULL),(124,13,15,0.00,0,0,1,1448455232,NULL,NULL,NULL,0,0,'myself','',NULL,NULL,NULL,NULL,NULL,NULL,NULL,NULL,NULL,NULL,NULL,NULL,NULL),(125,13,15,0.00,0,0,1,1448455382,NULL,NULL,NULL,0,0,'myself','',NULL,NULL,NULL,NULL,NULL,NULL,NULL,NULL,NULL,NULL,NULL,NULL,NULL),(126,16,15,13616.50,0,4,1,1450104827,NULL,NULL,NULL,0,0,'comiron','','г.Челябинск, ул.Солнечная 12а-34','454014',NULL,NULL,NULL,NULL,NULL,NULL,NULL,NULL,NULL,NULL,NULL),(127,15,15,11.00,0,2,1,1451311213,NULL,NULL,NULL,0,0,'dpd','','г.Челябинск, ул.Солнечная 12а-34','454014',NULL,NULL,NULL,NULL,NULL,NULL,NULL,NULL,NULL,NULL,NULL),(128,15,15,11.00,0,2,1,1451311390,NULL,NULL,NULL,0,0,'dpd','','г.Челябинск, ул.Солнечная 12а-34','454014',NULL,NULL,NULL,NULL,NULL,NULL,NULL,NULL,NULL,NULL,NULL),(129,15,15,11.00,0,2,1,1451311402,NULL,NULL,NULL,0,0,'dpd','','г.Челябинск, ул.Солнечная 12а-34','454014',NULL,NULL,NULL,NULL,NULL,NULL,NULL,NULL,NULL,NULL,NULL),(130,15,15,11.00,0,2,1,1451311550,NULL,NULL,NULL,0,0,'dpd','','г.Челябинск, ул.Солнечная 12а-34','454014',NULL,NULL,NULL,NULL,NULL,NULL,NULL,NULL,NULL,NULL,NULL),(131,15,15,11.00,0,2,1,1451311719,NULL,NULL,NULL,0,0,'dpd','','г.Челябинск, ул.Солнечная 12а-34','454014',NULL,NULL,NULL,NULL,NULL,NULL,NULL,NULL,NULL,NULL,NULL),(132,15,15,11.00,0,2,1,1451311749,NULL,NULL,NULL,0,0,'dpd','','г.Челябинск, ул.Солнечная 12а-34','454014',NULL,NULL,NULL,NULL,NULL,NULL,NULL,NULL,NULL,NULL,NULL),(133,15,15,11.00,0,2,1,1451312803,NULL,NULL,NULL,0,0,'dpd','','г.Челябинск, ул.Солнечная 12а-34','454014',NULL,NULL,NULL,NULL,NULL,NULL,NULL,NULL,NULL,NULL,NULL),(134,15,15,11.00,0,2,1,1451312877,NULL,NULL,NULL,0,0,'dpd','','г.Челябинск, ул.Солнечная 12а-34','454014',NULL,NULL,NULL,NULL,NULL,NULL,NULL,NULL,NULL,NULL,NULL),(135,15,15,11.00,0,2,1,1451312937,NULL,NULL,NULL,0,0,'dpd','','г.Челябинск, ул.Солнечная 12а-34','454014',NULL,NULL,NULL,NULL,NULL,NULL,NULL,NULL,NULL,NULL,NULL),(136,124,15,77565.60,0,1,1,1451313121,NULL,NULL,NULL,0,0,'dpd','','г.Челябинск, ул.Солнечная 12а-34','454014',NULL,NULL,NULL,NULL,NULL,NULL,NULL,NULL,NULL,NULL,NULL),(137,124,15,77565.60,0,1,1,1451313434,NULL,NULL,NULL,0,0,'dpd','','г.Челябинск, ул.Солнечная 12а-34','454014',NULL,NULL,NULL,NULL,NULL,NULL,NULL,NULL,NULL,NULL,NULL),(138,124,15,77565.60,0,1,1,1451313464,NULL,NULL,NULL,0,0,'dpd','','г.Челябинск, ул.Солнечная 12а-34','454014',NULL,NULL,NULL,NULL,NULL,NULL,NULL,NULL,NULL,NULL,NULL),(139,124,15,77565.60,0,1,1,1451313493,NULL,NULL,NULL,0,0,'dpd','','г.Челябинск, ул.Солнечная 12а-34','454014',NULL,NULL,NULL,NULL,NULL,NULL,NULL,NULL,NULL,NULL,NULL),(140,124,15,77565.60,0,1,1,1451313522,NULL,NULL,NULL,0,0,'dpd','','г.Челябинск, ул.Солнечная 12а-34','454014',NULL,NULL,NULL,NULL,NULL,NULL,NULL,NULL,NULL,NULL,NULL),(141,124,15,77565.60,0,1,1,1451313561,NULL,NULL,NULL,0,0,'dpd','','г.Челябинск, ул.Солнечная 12а-34','454014',NULL,NULL,NULL,NULL,NULL,NULL,NULL,NULL,NULL,NULL,NULL),(142,124,15,77565.60,0,1,1,1451313609,NULL,NULL,'',0,0,'dpd','','г.Челябинск, ул.Солнечная 12а-34','454014',NULL,NULL,NULL,NULL,NULL,NULL,NULL,NULL,NULL,NULL,NULL),(143,124,15,1410.80,0,2,1,1451313721,NULL,NULL,'',0,0,'dpd','','г.Челябинск, ул.Солнечная 12а-34','454014',100.00,NULL,4,'Одежда',4.00,1.00,NULL,NULL,NULL,NULL,NULL),(144,124,15,21267.80,0,2,1,1452594941,NULL,NULL,NULL,0,0,'dpd','','г.Челябинск, ул.Солнечная 12а-34','454014',NULL,NULL,1,'',1.00,2.00,NULL,NULL,NULL,NULL,NULL),(145,124,15,9972.00,0,2,1,1452595005,NULL,NULL,NULL,0,0,'dpd','','г.Челябинск, ул.Солнечная 12а-34','454014',NULL,NULL,1,'',1.00,2.00,NULL,NULL,NULL,NULL,NULL),(146,124,15,1479.60,0,2,1,1452595622,NULL,NULL,NULL,0,0,'dpd','','г.Челябинск, ул.Солнечная 12а-34','454014',NULL,NULL,1,'',0.00,0.00,NULL,NULL,NULL,NULL,NULL),(147,124,15,739.80,0,2,1,1452595746,NULL,NULL,'',0,0,'dpd','','г.Челябинск, ул.Солнечная 12а-34','454014',NULL,NULL,1,'Термосы',1.00,1.00,NULL,NULL,NULL,NULL,NULL),(148,124,15,739.80,0,2,1,1452599305,NULL,NULL,'',0,0,'dpd','','г.Челябинск, ул.Солнечная 12а-34','454014',NULL,NULL,1,'Термосы',0.00,0.00,'CEK',NULL,1452643201,NULL,NULL),(149,124,15,739.80,0,2,1,1452599619,NULL,NULL,'',0,0,'dpd','','г.Челябинск, ул.Солнечная 12а-34','454014',NULL,NULL,1,'Термосы',0.00,0.00,'CEK','Челябинск',1452643201,NULL,NULL),(150,124,15,9972.00,0,2,6,1453288655,NULL,NULL,NULL,0,0,'dpd','+7 (111) 111-1111','г.Челябинск, ул.Солнечная 12а-34','454014',NULL,NULL,1,'группа2',1.00,2.00,NULL,'Челябинск',NULL,NULL,NULL),(151,124,15,0.00,0,0,6,1453288728,NULL,NULL,NULL,1,0,'dpd','+7 (111) 111-1111','г.Челябинск, ул.Солнечная 12а-34','454014',NULL,NULL,1,'',1.00,2.00,NULL,'Челябинск',NULL,NULL,NULL),(454,21,15,10.00,0,2,3,1453366713,NULL,NULL,'',0,0,'dpd','7 111 111-11-11','454014 Челябинская обл Челябинск г Солнечная ул 12А   3','454014',NULL,'01210001SVX',1,'группа',1.00,1.00,'CEK','Челябинск',1453320001,'2016-01-21','Delivered');
/*!40000 ALTER TABLE `order` ENABLE KEYS */;
UNLOCK TABLES;

--
-- Table structure for table `orderdetail`
--

DROP TABLE IF EXISTS `orderdetail`;
/*!40101 SET @saved_cs_client     = @@character_set_client */;
/*!40101 SET character_set_client = utf8 */;
CREATE TABLE `orderdetail` (
  `id` int(11) NOT NULL AUTO_INCREMENT,
  `order_id` int(11) NOT NULL,
  `product_id` int(11) NOT NULL,
  `num` int(11) NOT NULL,
  `price` decimal(19,2) NOT NULL DEFAULT '0.00',
  `sum` decimal(19,2) NOT NULL DEFAULT '0.00',
  `shop_id` int(11) NOT NULL,
  `product_name` varchar(255) DEFAULT NULL,
  `currency_id` int(11) DEFAULT NULL,
  `person_id` int(11) DEFAULT NULL,
  `code` varchar(255) DEFAULT NULL,
  `photo_url` varchar(255) DEFAULT NULL,
  `char_id` int(11) DEFAULT NULL,
  PRIMARY KEY (`id`),
  KEY `order_id` (`order_id`,`product_id`),
  KEY `shop_id` (`shop_id`),
  KEY `currency_id` (`currency_id`),
  KEY `person_id` (`person_id`),
  KEY `code` (`code`),
  KEY `char_id` (`char_id`)
) ENGINE=MyISAM AUTO_INCREMENT=103 DEFAULT CHARSET=utf8;
/*!40101 SET character_set_client = @saved_cs_client */;

--
-- Dumping data for table `orderdetail`
--

LOCK TABLES `orderdetail` WRITE;
/*!40000 ALTER TABLE `orderdetail` DISABLE KEYS */;
INSERT INTO `orderdetail` VALUES (38,3,15,1,123.00,123.00,14,NULL,1,30,NULL,NULL,NULL),(39,3,20,2,0.00,0.00,14,NULL,2,30,NULL,NULL,NULL),(40,4,17,1,12.00,12.00,14,'цвфы вфыв фыв',2,30,NULL,NULL,NULL),(41,5,17,1,12.00,12.00,14,'цвфы вфыв фыв',2,30,NULL,NULL,NULL),(42,6,17,2,12.00,24.00,14,'цвфы вфыв фыв',2,30,NULL,NULL,NULL),(43,7,17,1,12.00,12.00,14,'цвфы вфыв фыв',2,30,NULL,NULL,NULL),(30,9,12,2,750000.00,1500000.00,13,'Модульный дом ДВА этажа - 4 секции',NULL,30,NULL,NULL,NULL),(31,9,13,1,500000.00,500000.00,13,'Дом супер',NULL,30,NULL,NULL,NULL),(46,11,15,1,123.00,123.00,14,'dfgdfgs dfgdsf gdfg',1,12,NULL,'/images/product/15.png',NULL),(47,81,18,1,123.00,123.00,14,'123',NULL,12,NULL,'/images/product/18.jpg',NULL),(48,82,45,1,287000.00,287000.00,14,'Беседка ПРЕЗИДЕНТ',2,12,NULL,'/images/product/45.jpg',NULL),(49,85,43,2,187000.00,374000.00,13,'Беседка ЗЕЛЕНАЯ ВОЛНА',2,15,NULL,'/images/product/43.jpg',NULL),(50,85,71,2,465.00,930.00,13,'Серебро',2,15,NULL,'/images/product/71.jpg',NULL),(51,85,73,2,1240.00,2480.00,13,'КГБ',2,15,NULL,'/images/product/73.jpg',NULL),(52,86,2497,2,392.00,784.00,13,'Термос 4 л / AHP-4005 /уп.6/',1,14,'587151','/images/product/2497.png',NULL),(53,87,2497,4,392.00,1568.00,13,'Термос 4 л / AHP-4005 /уп.6/',1,14,'587151','/images/product/2497.png',NULL),(54,88,2497,4,392.00,1568.00,13,'Термос 4 л / AHP-4005 /уп.6/',1,14,'587151','/images/product/2497.png',NULL),(55,89,45,2,287000.00,574000.00,14,'Беседка ПРЕЗИДЕНТ',2,15,NULL,'/images/product/45.jpg',NULL),(56,90,45,2,287000.00,574000.00,14,'Беседка ПРЕЗИДЕНТ',2,15,NULL,'/images/product/45.jpg',NULL),(57,91,45,2,287000.00,574000.00,14,'Беседка ПРЕЗИДЕНТ',2,15,NULL,'/images/product/45.jpg',NULL),(58,92,45,1,287000.00,287000.00,14,'Беседка ПРЕЗИДЕНТ',2,15,NULL,'/images/product/45.jpg',NULL),(59,93,45,1,287000.00,287000.00,14,'Беседка ПРЕЗИДЕНТ',2,15,NULL,'/images/product/45.jpg',NULL),(60,94,45,1,287000.00,287000.00,14,'Беседка ПРЕЗИДЕНТ',2,15,NULL,'/images/product/45.jpg',NULL),(61,95,45,2,287000.00,574000.00,14,'Беседка ПРЕЗИДЕНТ',2,15,NULL,'/images/product/45.jpg',NULL),(62,96,45,1,287000.00,287000.00,14,'Беседка ПРЕЗИДЕНТ',2,15,NULL,'/images/product/45.jpg',NULL),(63,97,45,1,287000.00,287000.00,14,'Беседка ПРЕЗИДЕНТ',2,15,NULL,'/images/product/45.jpg',NULL),(64,98,45,1,287000.00,287000.00,14,'Беседка ПРЕЗИДЕНТ',2,15,NULL,'/images/product/45.jpg',NULL),(65,99,71,1,465.00,465.00,13,'Серебро',2,15,NULL,'/images/product/71.jpg',NULL),(66,100,71,1,465.00,465.00,13,'Серебро',2,15,NULL,'/images/product/71.jpg',NULL),(67,101,123,1,140.00,140.00,18,'Браслетик Шамбала',2,15,NULL,'/images/product/123.jpg',NULL),(68,101,125,1,161.00,161.00,18,'Яркий браслет из синего хрусталя',2,15,NULL,'/images/product/125.jpg',NULL),(69,101,126,2,112.00,224.00,18,'Красивые серьги ',2,15,NULL,'/images/product/126.jpg',NULL),(70,102,1088,1,1.00,1.00,124,NULL,2,15,NULL,NULL,NULL),(71,102,1092,1,0.00,0.00,124,NULL,2,15,NULL,NULL,NULL),(72,102,2556,3,12312.00,36936.00,124,'1Термос для продуктов 2 предмета 17х14 см / S9-2PCS/S21-2PCS /уп.48/',2,15,'577203','/images/product/2556.png',NULL),(73,103,2556,1,12312.00,12312.00,124,'1Термос для продуктов 2 предмета 17х14 см / S9-2PCS/S21-2PCS /уп.48/',2,15,'577203','/images/product/2556.png',NULL),(74,104,2556,1,12312.00,12312.00,124,'1Термос для продуктов 2 предмета 17х14 см / S9-2PCS/S21-2PCS /уп.48/',2,15,'577203','/images/product/2556.png',NULL),(75,105,2556,1,12312.00,12312.00,124,'1Термос для продуктов 2 предмета 17х14 см / S9-2PCS/S21-2PCS /уп.48/',2,15,'577203','/images/product/2556.png',NULL),(76,107,2556,1,12312.00,12312.00,124,'1Термос для продуктов 2 предмета 17х14 см / S9-2PCS/S21-2PCS /уп.48/',2,15,'577203','/images/product/2556.png',NULL),(77,109,2556,1,12312.00,12312.00,124,'1Термос для продуктов 2 предмета 17х14 см / S9-2PCS/S21-2PCS /уп.48/',2,15,'577203','/images/product/2556.png',NULL),(78,110,2556,3,11080.80,33242.40,124,'1Термос для продуктов 2 предмета 17х14 см / S9-2PCS/S21-2PCS /уп.48/  ',2,15,'577203','/images/product/2556.png',0),(79,110,2567,2,100.00,200.00,124,'12Термос для продуктов 2 предмета 17х14 см / S9-2PCS/S21-2PCS /уп.48/ Пробка резиновая ',2,15,NULL,NULL,17),(80,111,1067,1,11.00,11.00,15,'тест  ',2,15,NULL,'/images/product/1067.jpeg',0),(81,111,1068,1,11.00,11.00,15,'тест2  ',2,15,NULL,'/images/product/1068.jpg',0),(82,114,74,1,750.00,750.00,13,'Роза  ',2,15,NULL,'/images/product/74.jpg',0),(83,114,2497,1,392.00,392.00,13,'Термос 4 л / AHP-4005 /уп.6/  ',1,15,'587151','/images/product/2497.png',0),(84,126,358,2,5.00,10.00,16,'жирафа-18cm  ',4,15,NULL,'/images/product/358.jpg',0),(85,126,360,1,6.50,6.50,16,' Мягкая игрушка Овечка-12cm  ',4,15,NULL,'/images/product/360.jpg',0),(86,126,363,800,17.00,13600.00,16,'Мягкая игрушка  \"Овечка-20cm  ',4,15,NULL,'/images/product/363.jpg',0),(87,142,2547,1,87.00,87.00,124,'Термос 1,5 л универсальный PENGUN / BK-12SA / (нерж) п/у+  ',2,15,'569225',NULL,0),(88,142,2550,1,584.00,584.00,124,'Термос 1 л узкое горло PENGUN / BK-36 / (нерж) рез/вст. п/у  ',2,15,'569229',NULL,0),(89,142,2553,2,739.80,1479.60,124,'Термос-судок 3 контейнера 1,5 л PENGUN / BK-66 / (нерж) п/у  ',2,15,'569233','/images/product/2553.jpg',0),(90,142,2556,7,11080.80,77565.60,124,'Термос для продуктов 2 предмета 17х14 см / S9-2PCS/S21-2PCS /уп.48/  ',1,15,'577203','/images/product/2556.png',0),(91,143,2547,1,87.00,87.00,124,'Термос 1,5 л универсальный PENGUN / BK-12SA / (нерж) п/у+  ',2,15,'569225',NULL,0),(92,143,2550,1,584.00,584.00,124,'Термос 1 л узкое горло PENGUN / BK-36 / (нерж) рез/вст. п/у  ',2,15,'569229',NULL,0),(93,143,2553,1,739.80,739.80,124,'Термос-судок 3 контейнера 1,5 л PENGUN / BK-66 / (нерж) п/у  ',2,15,'569233','/images/product/2553.jpg',0),(94,144,2550,1,584.00,584.00,124,'Термос 1 л узкое горло PENGUN / BK-36 / (нерж) рез/вст. п/у  ',2,15,'569229',NULL,0),(95,144,2553,1,739.80,739.80,124,'Термос-судок 3 контейнера 1,5 л PENGUN / BK-66 / (нерж) п/у  ',2,15,'569233','/images/product/2553.jpg',0),(96,144,2556,2,9972.00,19944.00,124,'Термос для продуктов 2 предмета 17х14 см / S9-2PCS/S21-2PCS /уп.48/  ',2,15,'577203','/images/product/2556.png',0),(97,145,2556,1,9972.00,9972.00,124,'Термос для продуктов 2 предмета 17х14 см / S9-2PCS/S21-2PCS /уп.48/  ',2,15,'577203','/images/product/2556.png',0),(98,146,2553,2,739.80,1479.60,124,'Термос-судок 3 контейнера 1,5 л PENGUN / BK-66 / (нерж) п/у  ',2,15,'569233','/images/product/2553.jpg',0),(99,147,2553,1,739.80,739.80,124,'Термос-судок 3 контейнера 1,5 л PENGUN / BK-66 / (нерж) п/у  ',2,15,'569233','/images/product/2553.jpg',0),(100,148,2553,1,739.80,739.80,124,'Термос-судок 3 контейнера 1,5 л PENGUN / BK-66 / (нерж) п/у  ',2,15,'569233','/images/product/2553.jpg',0),(101,149,2553,1,739.80,739.80,124,'Термос-судок 3 контейнера 1,5 л PENGUN / BK-66 / (нерж) п/у  ',2,15,'569233','/images/product/2553.jpg',0),(102,150,2556,1,9972.00,9972.00,124,'Термос для продуктов 2 предмета 17х14 см / S9-2PCS/S21-2PCS /уп.48/  ',2,15,'577203','/images/product/2556.png',0);
/*!40000 ALTER TABLE `orderdetail` ENABLE KEYS */;
UNLOCK TABLES;

--
-- Table structure for table `orderstatus`
--

DROP TABLE IF EXISTS `orderstatus`;
/*!40101 SET @saved_cs_client     = @@character_set_client */;
/*!40101 SET character_set_client = utf8 */;
CREATE TABLE `orderstatus` (
  `id` int(11) NOT NULL AUTO_INCREMENT,
  `ordr` int(11) DEFAULT NULL,
  `name` char(255) DEFAULT NULL,
  PRIMARY KEY (`id`),
  KEY `ordr` (`ordr`)
) ENGINE=MyISAM AUTO_INCREMENT=7 DEFAULT CHARSET=utf8;
/*!40101 SET character_set_client = @saved_cs_client */;

--
-- Dumping data for table `orderstatus`
--

LOCK TABLES `orderstatus` WRITE;
/*!40000 ALTER TABLE `orderstatus` DISABLE KEYS */;
INSERT INTO `orderstatus` VALUES (1,1,'order_status_new'),(2,2,'order_status_inprocess'),(3,4,'order_status_done'),(4,5,'order_status_denied'),(5,6,'order_status_user_denied'),(6,3,'order_status_delivery');
/*!40000 ALTER TABLE `orderstatus` ENABLE KEYS */;
UNLOCK TABLES;

--
-- Table structure for table `organization_address`
--

DROP TABLE IF EXISTS `organization_address`;
/*!40101 SET @saved_cs_client     = @@character_set_client */;
/*!40101 SET character_set_client = utf8 */;
CREATE TABLE `organization_address` (
  `organization_id` int(11) NOT NULL,
  `address_id` int(11) NOT NULL,
  `name` varchar(255) NOT NULL,
  KEY `organization_id` (`organization_id`,`address_id`,`name`)
) ENGINE=MyISAM DEFAULT CHARSET=utf8;
/*!40101 SET character_set_client = @saved_cs_client */;

--
-- Dumping data for table `organization_address`
--

LOCK TABLES `organization_address` WRITE;
/*!40000 ALTER TABLE `organization_address` DISABLE KEYS */;
/*!40000 ALTER TABLE `organization_address` ENABLE KEYS */;
UNLOCK TABLES;

--
-- Table structure for table `organization_category`
--

DROP TABLE IF EXISTS `organization_category`;
/*!40101 SET @saved_cs_client     = @@character_set_client */;
/*!40101 SET character_set_client = utf8 */;
CREATE TABLE `organization_category` (
  `id` int(11) NOT NULL AUTO_INCREMENT,
  `name_en` varchar(255) NOT NULL,
  `organizationcategory_id` int(11) DEFAULT NULL,
  `name_ch` varchar(250) DEFAULT NULL,
  `name_ru` varchar(250) DEFAULT NULL,
  `name_it` varchar(250) DEFAULT NULL,
  PRIMARY KEY (`id`),
  KEY `organizationcategory_id` (`organizationcategory_id`)
) ENGINE=MyISAM AUTO_INCREMENT=9 DEFAULT CHARSET=utf8;
/*!40101 SET character_set_client = @saved_cs_client */;

--
-- Dumping data for table `organization_category`
--

LOCK TABLES `organization_category` WRITE;
/*!40000 ALTER TABLE `organization_category` DISABLE KEYS */;
INSERT INTO `organization_category` VALUES (1,'Busness category1',0,'Busness category1','Busness category1','Busness category1'),(2,'Busness category2',0,'Busness category2','Busness category2','Busness category2');
/*!40000 ALTER TABLE `organization_category` ENABLE KEYS */;
UNLOCK TABLES;

--
-- Table structure for table `organizations`
--

DROP TABLE IF EXISTS `organizations`;
/*!40101 SET @saved_cs_client     = @@character_set_client */;
/*!40101 SET character_set_client = utf8 */;
CREATE TABLE `organizations` (
  `id` int(11) NOT NULL AUTO_INCREMENT,
  `address_id` int(11) DEFAULT NULL,
  `description` mediumtext,
  `end_date` int(11) DEFAULT NULL,
  `start_date` int(11) DEFAULT NULL,
  `person_id` int(11) NOT NULL,
  `thumbnail_url` varchar(255) DEFAULT NULL,
  `thumbnail_big_url` varchar(255) DEFAULT NULL,
  `fullname` varchar(255) DEFAULT NULL,
  `organizationcategory_id` int(11) DEFAULT NULL,
  `name` varchar(255) DEFAULT NULL,
  PRIMARY KEY (`id`),
  KEY `person_id` (`person_id`),
  KEY `organizationcategory_id` (`organizationcategory_id`)
) ENGINE=MyISAM AUTO_INCREMENT=125 DEFAULT CHARSET=utf8;
/*!40101 SET character_set_client = @saved_cs_client */;

--
-- Dumping data for table `organizations`
--

LOCK TABLES `organizations` WRITE;
/*!40000 ALTER TABLE `organizations` DISABLE KEYS */;
INSERT INTO `organizations` VALUES (21,NULL,'',NULL,-2147483648,13,NULL,NULL,'CYCLAND',0,'CYCLAND'),(22,NULL,'',NULL,1356984001,14,NULL,NULL,'ооо ',0,'Модульный Дом'),(23,NULL,'',NULL,1386025201,30,NULL,NULL,'shop name',1,'shop'),(24,NULL,'',NULL,1392663601,12,NULL,NULL,'Компания',1,'Компания'),(124,NULL,'',NULL,NULL,15,NULL,NULL,'тест',2,'тест');
/*!40000 ALTER TABLE `organizations` ENABLE KEYS */;
UNLOCK TABLES;

--
-- Table structure for table `person_activities`
--

DROP TABLE IF EXISTS `person_activities`;
/*!40101 SET @saved_cs_client     = @@character_set_client */;
/*!40101 SET character_set_client = utf8 */;
CREATE TABLE `person_activities` (
  `person_id` int(11) NOT NULL,
  `activity` char(128) NOT NULL,
  KEY `person_id` (`person_id`)
) ENGINE=MyISAM DEFAULT CHARSET=utf8;
/*!40101 SET character_set_client = @saved_cs_client */;

--
-- Dumping data for table `person_activities`
--

LOCK TABLES `person_activities` WRITE;
/*!40000 ALTER TABLE `person_activities` DISABLE KEYS */;
/*!40000 ALTER TABLE `person_activities` ENABLE KEYS */;
UNLOCK TABLES;

--
-- Table structure for table `person_addresses`
--

DROP TABLE IF EXISTS `person_addresses`;
/*!40101 SET @saved_cs_client     = @@character_set_client */;
/*!40101 SET character_set_client = utf8 */;
CREATE TABLE `person_addresses` (
  `person_id` int(11) NOT NULL,
  `address_id` int(11) NOT NULL,
  KEY `person_id` (`person_id`)
) ENGINE=MyISAM DEFAULT CHARSET=utf8;
/*!40101 SET character_set_client = @saved_cs_client */;

--
-- Dumping data for table `person_addresses`
--

LOCK TABLES `person_addresses` WRITE;
/*!40000 ALTER TABLE `person_addresses` DISABLE KEYS */;
/*!40000 ALTER TABLE `person_addresses` ENABLE KEYS */;
UNLOCK TABLES;

--
-- Table structure for table `person_applications`
--

DROP TABLE IF EXISTS `person_applications`;
/*!40101 SET @saved_cs_client     = @@character_set_client */;
/*!40101 SET character_set_client = utf8 */;
CREATE TABLE `person_applications` (
  `id` int(11) NOT NULL AUTO_INCREMENT,
  `person_id` int(11) NOT NULL,
  `application_id` int(11) NOT NULL,
  PRIMARY KEY (`id`),
  KEY `person_id` (`person_id`),
  KEY `application_id` (`application_id`)
) ENGINE=MyISAM DEFAULT CHARSET=utf8;
/*!40101 SET character_set_client = @saved_cs_client */;

--
-- Dumping data for table `person_applications`
--

LOCK TABLES `person_applications` WRITE;
/*!40000 ALTER TABLE `person_applications` DISABLE KEYS */;
/*!40000 ALTER TABLE `person_applications` ENABLE KEYS */;
UNLOCK TABLES;

--
-- Table structure for table `person_body_type`
--

DROP TABLE IF EXISTS `person_body_type`;
/*!40101 SET @saved_cs_client     = @@character_set_client */;
/*!40101 SET character_set_client = utf8 */;
CREATE TABLE `person_body_type` (
  `person_id` int(11) NOT NULL,
  `build` char(64) DEFAULT NULL,
  `eye_color` char(64) DEFAULT NULL,
  `hair_color` char(64) DEFAULT NULL,
  `height` int(11) DEFAULT NULL,
  `weight` int(11) DEFAULT NULL,
  KEY `person_id` (`person_id`)
) ENGINE=MyISAM DEFAULT CHARSET=utf8;
/*!40101 SET character_set_client = @saved_cs_client */;

--
-- Dumping data for table `person_body_type`
--

LOCK TABLES `person_body_type` WRITE;
/*!40000 ALTER TABLE `person_body_type` DISABLE KEYS */;
/*!40000 ALTER TABLE `person_body_type` ENABLE KEYS */;
UNLOCK TABLES;

--
-- Table structure for table `person_books`
--

DROP TABLE IF EXISTS `person_books`;
/*!40101 SET @saved_cs_client     = @@character_set_client */;
/*!40101 SET character_set_client = utf8 */;
CREATE TABLE `person_books` (
  `person_id` int(11) NOT NULL,
  `book` char(128) NOT NULL,
  KEY `person_id` (`person_id`)
) ENGINE=MyISAM DEFAULT CHARSET=utf8;
/*!40101 SET character_set_client = @saved_cs_client */;

--
-- Dumping data for table `person_books`
--

LOCK TABLES `person_books` WRITE;
/*!40000 ALTER TABLE `person_books` DISABLE KEYS */;
/*!40000 ALTER TABLE `person_books` ENABLE KEYS */;
UNLOCK TABLES;

--
-- Table structure for table `person_cars`
--

DROP TABLE IF EXISTS `person_cars`;
/*!40101 SET @saved_cs_client     = @@character_set_client */;
/*!40101 SET character_set_client = utf8 */;
CREATE TABLE `person_cars` (
  `person_id` int(11) NOT NULL,
  `car` char(128) NOT NULL,
  KEY `person_id` (`person_id`)
) ENGINE=MyISAM DEFAULT CHARSET=utf8;
/*!40101 SET character_set_client = @saved_cs_client */;

--
-- Dumping data for table `person_cars`
--

LOCK TABLES `person_cars` WRITE;
/*!40000 ALTER TABLE `person_cars` DISABLE KEYS */;
/*!40000 ALTER TABLE `person_cars` ENABLE KEYS */;
UNLOCK TABLES;

--
-- Table structure for table `person_current_location`
--

DROP TABLE IF EXISTS `person_current_location`;
/*!40101 SET @saved_cs_client     = @@character_set_client */;
/*!40101 SET character_set_client = utf8 */;
CREATE TABLE `person_current_location` (
  `person_id` int(11) NOT NULL,
  `address_id` int(11) NOT NULL,
  KEY `person_id` (`person_id`)
) ENGINE=MyISAM DEFAULT CHARSET=utf8;
/*!40101 SET character_set_client = @saved_cs_client */;

--
-- Dumping data for table `person_current_location`
--

LOCK TABLES `person_current_location` WRITE;
/*!40000 ALTER TABLE `person_current_location` DISABLE KEYS */;
/*!40000 ALTER TABLE `person_current_location` ENABLE KEYS */;
UNLOCK TABLES;

--
-- Table structure for table `person_education`
--

DROP TABLE IF EXISTS `person_education`;
/*!40101 SET @saved_cs_client     = @@character_set_client */;
/*!40101 SET character_set_client = utf8 */;
CREATE TABLE `person_education` (
  `id` int(11) NOT NULL AUTO_INCREMENT,
  `person_id` int(11) NOT NULL,
  `city` char(250) DEFAULT NULL,
  `country` char(250) DEFAULT NULL,
  `name` char(250) DEFAULT NULL,
  `class` char(250) DEFAULT NULL,
  `from` int(11) NOT NULL,
  `to` int(11) NOT NULL,
  `type` enum('1school','2college','3univer') DEFAULT NULL,
  KEY `id` (`id`),
  KEY `person_id` (`person_id`),
  KEY `to` (`to`),
  KEY `name` (`name`),
  KEY `class` (`class`),
  KEY `country` (`country`),
  KEY `city` (`city`)
) ENGINE=MyISAM AUTO_INCREMENT=12 DEFAULT CHARSET=utf8;
/*!40101 SET character_set_client = @saved_cs_client */;

--
-- Dumping data for table `person_education`
--

LOCK TABLES `person_education` WRITE;
/*!40000 ALTER TABLE `person_education` DISABLE KEYS */;
INSERT INTO `person_education` VALUES (11,15,'Челябинск','','93','',1991,2000,'1school');
/*!40000 ALTER TABLE `person_education` ENABLE KEYS */;
UNLOCK TABLES;

--
-- Table structure for table `person_emails`
--

DROP TABLE IF EXISTS `person_emails`;
/*!40101 SET @saved_cs_client     = @@character_set_client */;
/*!40101 SET character_set_client = utf8 */;
CREATE TABLE `person_emails` (
  `person_id` int(11) NOT NULL,
  `email` varchar(255) DEFAULT NULL,
  KEY `person_id` (`person_id`),
  KEY `email` (`email`)
) ENGINE=MyISAM DEFAULT CHARSET=utf8;
/*!40101 SET character_set_client = @saved_cs_client */;

--
-- Dumping data for table `person_emails`
--

LOCK TABLES `person_emails` WRITE;
/*!40000 ALTER TABLE `person_emails` DISABLE KEYS */;
INSERT INTO `person_emails` VALUES (14,'anton.galleon@gmail.com\r'),(12,'nastya@creograf.ru\r'),(15,'support@creograf.ru');
/*!40000 ALTER TABLE `person_emails` ENABLE KEYS */;
UNLOCK TABLES;

--
-- Table structure for table `person_food`
--

DROP TABLE IF EXISTS `person_food`;
/*!40101 SET @saved_cs_client     = @@character_set_client */;
/*!40101 SET character_set_client = utf8 */;
CREATE TABLE `person_food` (
  `person_id` int(11) NOT NULL,
  `food` char(128) NOT NULL,
  KEY `person_id` (`person_id`)
) ENGINE=MyISAM DEFAULT CHARSET=utf8;
/*!40101 SET character_set_client = @saved_cs_client */;

--
-- Dumping data for table `person_food`
--

LOCK TABLES `person_food` WRITE;
/*!40000 ALTER TABLE `person_food` DISABLE KEYS */;
/*!40000 ALTER TABLE `person_food` ENABLE KEYS */;
UNLOCK TABLES;

--
-- Table structure for table `person_heroes`
--

DROP TABLE IF EXISTS `person_heroes`;
/*!40101 SET @saved_cs_client     = @@character_set_client */;
/*!40101 SET character_set_client = utf8 */;
CREATE TABLE `person_heroes` (
  `person_id` int(11) NOT NULL,
  `hero` char(128) NOT NULL,
  KEY `person_id` (`person_id`)
) ENGINE=MyISAM DEFAULT CHARSET=utf8;
/*!40101 SET character_set_client = @saved_cs_client */;

--
-- Dumping data for table `person_heroes`
--

LOCK TABLES `person_heroes` WRITE;
/*!40000 ALTER TABLE `person_heroes` DISABLE KEYS */;
/*!40000 ALTER TABLE `person_heroes` ENABLE KEYS */;
UNLOCK TABLES;

--
-- Table structure for table `person_interests`
--

DROP TABLE IF EXISTS `person_interests`;
/*!40101 SET @saved_cs_client     = @@character_set_client */;
/*!40101 SET character_set_client = utf8 */;
CREATE TABLE `person_interests` (
  `person_id` int(11) NOT NULL,
  `intrest` char(128) NOT NULL,
  KEY `person_id` (`person_id`)
) ENGINE=MyISAM DEFAULT CHARSET=utf8;
/*!40101 SET character_set_client = @saved_cs_client */;

--
-- Dumping data for table `person_interests`
--

LOCK TABLES `person_interests` WRITE;
/*!40000 ALTER TABLE `person_interests` DISABLE KEYS */;
/*!40000 ALTER TABLE `person_interests` ENABLE KEYS */;
UNLOCK TABLES;

--
-- Table structure for table `person_jobs`
--

DROP TABLE IF EXISTS `person_jobs`;
/*!40101 SET @saved_cs_client     = @@character_set_client */;
/*!40101 SET character_set_client = utf8 */;
CREATE TABLE `person_jobs` (
  `person_id` int(11) NOT NULL,
  `organization_id` int(11) NOT NULL,
  `name` varchar(250) DEFAULT NULL,
  KEY `person_id` (`person_id`),
  KEY `name` (`name`)
) ENGINE=MyISAM DEFAULT CHARSET=utf8;
/*!40101 SET character_set_client = @saved_cs_client */;

--
-- Dumping data for table `person_jobs`
--

LOCK TABLES `person_jobs` WRITE;
/*!40000 ALTER TABLE `person_jobs` DISABLE KEYS */;
INSERT INTO `person_jobs` VALUES (12,0,'Креограф');
/*!40000 ALTER TABLE `person_jobs` ENABLE KEYS */;
UNLOCK TABLES;

--
-- Table structure for table `person_languages_spoken`
--

DROP TABLE IF EXISTS `person_languages_spoken`;
/*!40101 SET @saved_cs_client     = @@character_set_client */;
/*!40101 SET character_set_client = utf8 */;
CREATE TABLE `person_languages_spoken` (
  `person_id` int(11) NOT NULL,
  `language_id` int(11) NOT NULL,
  KEY `person_id` (`person_id`)
) ENGINE=MyISAM DEFAULT CHARSET=utf8;
/*!40101 SET character_set_client = @saved_cs_client */;

--
-- Dumping data for table `person_languages_spoken`
--

LOCK TABLES `person_languages_spoken` WRITE;
/*!40000 ALTER TABLE `person_languages_spoken` DISABLE KEYS */;
/*!40000 ALTER TABLE `person_languages_spoken` ENABLE KEYS */;
UNLOCK TABLES;

--
-- Table structure for table `person_movies`
--

DROP TABLE IF EXISTS `person_movies`;
/*!40101 SET @saved_cs_client     = @@character_set_client */;
/*!40101 SET character_set_client = utf8 */;
CREATE TABLE `person_movies` (
  `person_id` int(11) NOT NULL,
  `movie` char(128) DEFAULT NULL,
  KEY `person_id` (`person_id`)
) ENGINE=MyISAM DEFAULT CHARSET=utf8;
/*!40101 SET character_set_client = @saved_cs_client */;

--
-- Dumping data for table `person_movies`
--

LOCK TABLES `person_movies` WRITE;
/*!40000 ALTER TABLE `person_movies` DISABLE KEYS */;
/*!40000 ALTER TABLE `person_movies` ENABLE KEYS */;
UNLOCK TABLES;

--
-- Table structure for table `person_music`
--

DROP TABLE IF EXISTS `person_music`;
/*!40101 SET @saved_cs_client     = @@character_set_client */;
/*!40101 SET character_set_client = utf8 */;
CREATE TABLE `person_music` (
  `person_id` int(11) NOT NULL,
  `music` char(128) DEFAULT NULL,
  KEY `person_id` (`person_id`)
) ENGINE=MyISAM DEFAULT CHARSET=utf8;
/*!40101 SET character_set_client = @saved_cs_client */;

--
-- Dumping data for table `person_music`
--

LOCK TABLES `person_music` WRITE;
/*!40000 ALTER TABLE `person_music` DISABLE KEYS */;
/*!40000 ALTER TABLE `person_music` ENABLE KEYS */;
UNLOCK TABLES;

--
-- Table structure for table `person_organization`
--

DROP TABLE IF EXISTS `person_organization`;
/*!40101 SET @saved_cs_client     = @@character_set_client */;
/*!40101 SET character_set_client = utf8 */;
CREATE TABLE `person_organization` (
  `id` int(11) NOT NULL AUTO_INCREMENT,
  `person_id` int(11) NOT NULL,
  `organization_id` int(11) NOT NULL,
  `job` varchar(255) DEFAULT NULL,
  `shop_id` int(11) DEFAULT NULL,
  PRIMARY KEY (`id`),
  KEY `person_id` (`person_id`,`organization_id`),
  KEY `shop_id` (`shop_id`)
) ENGINE=MyISAM AUTO_INCREMENT=15 DEFAULT CHARSET=utf8;
/*!40101 SET character_set_client = @saved_cs_client */;

--
-- Dumping data for table `person_organization`
--

LOCK TABLES `person_organization` WRITE;
/*!40000 ALTER TABLE `person_organization` DISABLE KEYS */;
INSERT INTO `person_organization` VALUES (6,13,21,'',NULL),(7,14,22,'',13),(8,30,23,'',14),(9,12,24,'',15);
/*!40000 ALTER TABLE `person_organization` ENABLE KEYS */;
UNLOCK TABLES;

--
-- Table structure for table `person_phone_numbers`
--

DROP TABLE IF EXISTS `person_phone_numbers`;
/*!40101 SET @saved_cs_client     = @@character_set_client */;
/*!40101 SET character_set_client = utf8 */;
CREATE TABLE `person_phone_numbers` (
  `person_id` int(11) NOT NULL,
  `phone_number` char(64) DEFAULT NULL,
  `number_type` char(128) DEFAULT NULL,
  KEY `person_id` (`person_id`)
) ENGINE=MyISAM DEFAULT CHARSET=utf8;
/*!40101 SET character_set_client = @saved_cs_client */;

--
-- Dumping data for table `person_phone_numbers`
--

LOCK TABLES `person_phone_numbers` WRITE;
/*!40000 ALTER TABLE `person_phone_numbers` DISABLE KEYS */;
INSERT INTO `person_phone_numbers` VALUES (14,'8-909-088-74-50\r',NULL),(12,'123123 123123\r',NULL);
/*!40000 ALTER TABLE `person_phone_numbers` ENABLE KEYS */;
UNLOCK TABLES;

--
-- Table structure for table `person_quotes`
--

DROP TABLE IF EXISTS `person_quotes`;
/*!40101 SET @saved_cs_client     = @@character_set_client */;
/*!40101 SET character_set_client = utf8 */;
CREATE TABLE `person_quotes` (
  `person_id` int(11) NOT NULL,
  `quote` mediumtext,
  KEY `person_id` (`person_id`)
) ENGINE=MyISAM DEFAULT CHARSET=utf8;
/*!40101 SET character_set_client = @saved_cs_client */;

--
-- Dumping data for table `person_quotes`
--

LOCK TABLES `person_quotes` WRITE;
/*!40000 ALTER TABLE `person_quotes` DISABLE KEYS */;
/*!40000 ALTER TABLE `person_quotes` ENABLE KEYS */;
UNLOCK TABLES;

--
-- Table structure for table `person_schools`
--

DROP TABLE IF EXISTS `person_schools`;
/*!40101 SET @saved_cs_client     = @@character_set_client */;
/*!40101 SET character_set_client = utf8 */;
CREATE TABLE `person_schools` (
  `person_id` int(11) NOT NULL,
  `organization_id` int(11) NOT NULL,
  KEY `person_id` (`person_id`)
) ENGINE=MyISAM DEFAULT CHARSET=utf8;
/*!40101 SET character_set_client = @saved_cs_client */;

--
-- Dumping data for table `person_schools`
--

LOCK TABLES `person_schools` WRITE;
/*!40000 ALTER TABLE `person_schools` DISABLE KEYS */;
/*!40000 ALTER TABLE `person_schools` ENABLE KEYS */;
UNLOCK TABLES;

--
-- Table structure for table `person_sports`
--

DROP TABLE IF EXISTS `person_sports`;
/*!40101 SET @saved_cs_client     = @@character_set_client */;
/*!40101 SET character_set_client = utf8 */;
CREATE TABLE `person_sports` (
  `person_id` int(11) NOT NULL,
  `sport` char(128) DEFAULT NULL,
  KEY `person_id` (`person_id`)
) ENGINE=MyISAM DEFAULT CHARSET=utf8;
/*!40101 SET character_set_client = @saved_cs_client */;

--
-- Dumping data for table `person_sports`
--

LOCK TABLES `person_sports` WRITE;
/*!40000 ALTER TABLE `person_sports` DISABLE KEYS */;
/*!40000 ALTER TABLE `person_sports` ENABLE KEYS */;
UNLOCK TABLES;

--
-- Table structure for table `person_tags`
--

DROP TABLE IF EXISTS `person_tags`;
/*!40101 SET @saved_cs_client     = @@character_set_client */;
/*!40101 SET character_set_client = utf8 */;
CREATE TABLE `person_tags` (
  `person_id` int(11) NOT NULL,
  `tag` char(128) DEFAULT NULL,
  KEY `person_id` (`person_id`)
) ENGINE=MyISAM DEFAULT CHARSET=utf8;
/*!40101 SET character_set_client = @saved_cs_client */;

--
-- Dumping data for table `person_tags`
--

LOCK TABLES `person_tags` WRITE;
/*!40000 ALTER TABLE `person_tags` DISABLE KEYS */;
/*!40000 ALTER TABLE `person_tags` ENABLE KEYS */;
UNLOCK TABLES;

--
-- Table structure for table `person_turn_offs`
--

DROP TABLE IF EXISTS `person_turn_offs`;
/*!40101 SET @saved_cs_client     = @@character_set_client */;
/*!40101 SET character_set_client = utf8 */;
CREATE TABLE `person_turn_offs` (
  `person_id` int(11) NOT NULL,
  `turn_off` char(128) DEFAULT NULL,
  KEY `person_id` (`person_id`)
) ENGINE=MyISAM DEFAULT CHARSET=utf8;
/*!40101 SET character_set_client = @saved_cs_client */;

--
-- Dumping data for table `person_turn_offs`
--

LOCK TABLES `person_turn_offs` WRITE;
/*!40000 ALTER TABLE `person_turn_offs` DISABLE KEYS */;
/*!40000 ALTER TABLE `person_turn_offs` ENABLE KEYS */;
UNLOCK TABLES;

--
-- Table structure for table `person_turn_ons`
--

DROP TABLE IF EXISTS `person_turn_ons`;
/*!40101 SET @saved_cs_client     = @@character_set_client */;
/*!40101 SET character_set_client = utf8 */;
CREATE TABLE `person_turn_ons` (
  `person_id` int(11) NOT NULL,
  `turn_on` char(128) DEFAULT NULL,
  KEY `person_id` (`person_id`)
) ENGINE=MyISAM DEFAULT CHARSET=utf8;
/*!40101 SET character_set_client = @saved_cs_client */;

--
-- Dumping data for table `person_turn_ons`
--

LOCK TABLES `person_turn_ons` WRITE;
/*!40000 ALTER TABLE `person_turn_ons` DISABLE KEYS */;
/*!40000 ALTER TABLE `person_turn_ons` ENABLE KEYS */;
UNLOCK TABLES;

--
-- Table structure for table `person_tv_shows`
--

DROP TABLE IF EXISTS `person_tv_shows`;
/*!40101 SET @saved_cs_client     = @@character_set_client */;
/*!40101 SET character_set_client = utf8 */;
CREATE TABLE `person_tv_shows` (
  `person_id` int(11) NOT NULL,
  `tv_show` char(128) DEFAULT NULL,
  KEY `person_id` (`person_id`)
) ENGINE=MyISAM DEFAULT CHARSET=utf8;
/*!40101 SET character_set_client = @saved_cs_client */;

--
-- Dumping data for table `person_tv_shows`
--

LOCK TABLES `person_tv_shows` WRITE;
/*!40000 ALTER TABLE `person_tv_shows` DISABLE KEYS */;
/*!40000 ALTER TABLE `person_tv_shows` ENABLE KEYS */;
UNLOCK TABLES;

--
-- Table structure for table `person_urls`
--

DROP TABLE IF EXISTS `person_urls`;
/*!40101 SET @saved_cs_client     = @@character_set_client */;
/*!40101 SET character_set_client = utf8 */;
CREATE TABLE `person_urls` (
  `person_id` int(11) NOT NULL,
  `url` char(128) DEFAULT NULL,
  KEY `person_id` (`person_id`)
) ENGINE=MyISAM DEFAULT CHARSET=utf8;
/*!40101 SET character_set_client = @saved_cs_client */;

--
-- Dumping data for table `person_urls`
--

LOCK TABLES `person_urls` WRITE;
/*!40000 ALTER TABLE `person_urls` DISABLE KEYS */;
INSERT INTO `person_urls` VALUES (15,'creograf.ru');
/*!40000 ALTER TABLE `person_urls` ENABLE KEYS */;
UNLOCK TABLES;

--
-- Table structure for table `persons`
--

DROP TABLE IF EXISTS `persons`;
/*!40101 SET @saved_cs_client     = @@character_set_client */;
/*!40101 SET character_set_client = utf8 */;
CREATE TABLE `persons` (
  `id` int(11) NOT NULL AUTO_INCREMENT,
  `email` varchar(128) NOT NULL,
  `password` char(128) NOT NULL,
  `about_me` mediumtext,
  `age` int(11) DEFAULT NULL,
  `children` mediumtext,
  `date_of_birth` int(11) DEFAULT NULL,
  `gender` enum('MALE','FEMALE') DEFAULT NULL,
  `job_interests` mediumtext,
  `living_arrangement` mediumtext,
  `looking_for` mediumtext,
  `nickname` char(128) DEFAULT NULL,
  `pets` mediumtext,
  `political_views` mediumtext,
  `profile_song` char(128) DEFAULT NULL,
  `profile_url` char(128) DEFAULT NULL,
  `profile_video` char(128) DEFAULT NULL,
  `relationship_status` char(128) DEFAULT NULL,
  `smoker` enum('HEAVILY','NO','OCCASIONALLY','QUIT','QUITTING','REGULARLY','SOCIALLY','YES') DEFAULT NULL,
  `status` char(250) DEFAULT NULL,
  `thumbnail_url` char(128) DEFAULT NULL,
  `time_zone` int(11) DEFAULT NULL,
  `first_name` varchar(64) NOT NULL,
  `last_name` varchar(64) NOT NULL,
  `uploaded_size` int(11) DEFAULT '0',
  `thumbnail_url_big` varchar(255) DEFAULT NULL,
  `activity` varchar(255) DEFAULT NULL,
  `lang` varchar(3) DEFAULT NULL,
  `is_activated` int(11) NOT NULL DEFAULT '0',
  `activation_code` varchar(32) DEFAULT NULL,
  `country_content_code2` varchar(2) DEFAULT NULL,
  `password_code` varchar(32) DEFAULT NULL,
  `job` varchar(250) DEFAULT NULL,
  `drinker` enum('HEAVILY','NO','OCCASIONALLY','QUIT','QUITTING','REGULARLY','SOCIALLY','YES') DEFAULT NULL,
  `city` varchar(250) DEFAULT NULL,
  `country_code2` varchar(2) DEFAULT NULL,
  `street` varchar(255) DEFAULT NULL,
  `last_online` int(11) DEFAULT NULL,
  `isoffline` int(11) DEFAULT NULL,
  `phone` varchar(50) DEFAULT NULL,
  `currency_id` int(11) DEFAULT NULL,
  `doing` text,
  `interest` text,
  `music` text,
  `books` text,
  `tv` text,
  `quote` text,
  `about` text,
  PRIMARY KEY (`id`),
  KEY `nickname` (`nickname`),
  KEY `email` (`email`),
  KEY `activity` (`activity`),
  KEY `lang` (`lang`),
  KEY `is_activated` (`is_activated`,`activation_code`,`country_content_code2`),
  KEY `password_code` (`password_code`),
  KEY `city` (`city`),
  KEY `country_code2` (`country_code2`,`street`),
  KEY `last_online` (`last_online`),
  KEY `isoffline` (`isoffline`),
  KEY `phone` (`phone`),
  KEY `currency_id` (`currency_id`)
) ENGINE=MyISAM AUTO_INCREMENT=35 DEFAULT CHARSET=utf8;
/*!40101 SET character_set_client = @saved_cs_client */;

--
-- Dumping data for table `persons`
--

LOCK TABLES `persons` WRITE;
/*!40000 ALTER TABLE `persons` DISABLE KEYS */;
INSERT INTO `persons` VALUES (5,'sveta.galleon@gmail.com','*B201625302CDBA97C12F8854D71B8A28167524C6',NULL,NULL,NULL,573771601,'FEMALE',NULL,NULL,NULL,NULL,NULL,NULL,NULL,NULL,NULL,NULL,NULL,NULL,NULL,NULL,'Светлана','Миронова',0,NULL,NULL,NULL,1,'comiron513dd1125dc15513dd1125dc1','RU',NULL,NULL,NULL,NULL,NULL,NULL,NULL,NULL,NULL,NULL,NULL,NULL,NULL,NULL,NULL,NULL,NULL),(14,'anton.galleon@gmail.com','*8F5ACA32B98EE88607D17772C1B9E2383D710901','',NULL,NULL,581112001,'MALE','',NULL,NULL,'','','',NULL,NULL,NULL,'Married',NULL,NULL,'/images/people/14.205x205.gif',NULL,'Korben','Dallas',0,'/images/people/14.205x205.gif','','ru',1,'5b3304f59546c5a81fb9c04b6f85230c','RU',NULL,NULL,NULL,NULL,NULL,NULL,1440081569,1,NULL,NULL,NULL,NULL,NULL,NULL,NULL,NULL,NULL),(13,'cycland@mail.ru','*5FDCF0F2FF83DF088353DB1E0AEC2155ED103754','',NULL,NULL,525038401,'MALE','',NULL,NULL,'','','',NULL,NULL,NULL,'Married','NO',NULL,'/images/people/13.205x205.jpg',NULL,'Михаил','Николаев',0,'/images/people/13.205x205.jpg','',NULL,1,'675c5e5ca9487e2fdf168ceeaeb187a6','RU',NULL,NULL,NULL,NULL,NULL,NULL,NULL,NULL,NULL,NULL,NULL,NULL,NULL,NULL,NULL,NULL,NULL),(12,'support@creograf.ru','*A350F41CBC02FA953288C4BDE7CD10AE69DF6D4A','',NULL,'2',1391212801,'FEMALE','',NULL,NULL,'','','',NULL,NULL,NULL,'Married','NO','статус','/images/people/12.205x205.png',NULL,'Anastasiya','Deeva',0,'/images/people/12.205x205.png','','ru',1,'bd8b28404b5e2f5257589fa571c45b2e','RU','','креограф','OCCASIONALLY','Челябинск','RU','Солнечная 12а',1444125290,0,NULL,3,NULL,NULL,NULL,NULL,NULL,NULL,NULL),(15,'nastya@creograf.ru','*A350F41CBC02FA953288C4BDE7CD10AE69DF6D4A','',NULL,NULL,434592001,'FEMALE','',NULL,NULL,'sn','','',NULL,NULL,NULL,NULL,NULL,'статус','/images/people/15.205x205.png',NULL,'Анастасия','Деева',0,'/images/people/15.205x205.png',NULL,'ru',1,'6f65b1b9d1fbbbaf01227740b5f29221','RU',NULL,NULL,NULL,'Челябинск','RU','',1462510502,0,'+7 (111) 111-1111',2,NULL,NULL,NULL,NULL,NULL,NULL,NULL),(16,'spavlov.gt@gmail.com','*E1B158A79811EF2608BCF607CA6D1D4B7749837E',NULL,NULL,NULL,412894801,'MALE',NULL,NULL,NULL,NULL,NULL,NULL,NULL,NULL,NULL,NULL,NULL,NULL,NULL,NULL,'Sergey','Pavlov',0,NULL,NULL,NULL,1,'9f22f8a93e218efd6c279e62d966f7cc','RU',NULL,NULL,NULL,NULL,NULL,NULL,NULL,NULL,NULL,NULL,NULL,NULL,NULL,NULL,NULL,NULL,NULL),(17,'babichev.e@gmail.com','*8C989DAFBCEF1A662E0E25BB7DAAEECEB16FF095',NULL,NULL,NULL,490996801,'MALE',NULL,NULL,NULL,NULL,NULL,NULL,NULL,NULL,NULL,NULL,NULL,NULL,NULL,NULL,'Евгений','Бабичев',0,NULL,NULL,NULL,0,'a8556eae89036b793e9c32be518fa6b4','RU',NULL,NULL,NULL,NULL,NULL,NULL,NULL,NULL,NULL,NULL,NULL,NULL,NULL,NULL,NULL,NULL,NULL),(18,'ichabanenko@yandex.ru','*CFFBB2309C5457AA251A5EE459F12E4A01D54CA2','',NULL,NULL,936820801,'FEMALE','',NULL,NULL,'','','',NULL,NULL,NULL,NULL,NULL,NULL,NULL,NULL,'Ирина','Чабаненко',0,NULL,'',NULL,1,'522d4a23174f3cdecf21d113049c657a','RU',NULL,NULL,NULL,NULL,NULL,NULL,NULL,NULL,NULL,NULL,NULL,NULL,NULL,NULL,NULL,NULL,NULL),(19,'zakup.elena@gmail.com','*1F12D631ADD6F0F2C8E54A552DB9C0F445BD0B8D','',NULL,NULL,942181201,'FEMALE','',NULL,NULL,'','','',NULL,NULL,NULL,NULL,NULL,NULL,NULL,NULL,'Ел.','Гр.',0,NULL,'',NULL,0,'d98b7bcb3d4fb45cd9f8b79eefdc2af0','RU',NULL,NULL,NULL,NULL,NULL,NULL,NULL,NULL,NULL,NULL,NULL,NULL,NULL,NULL,NULL,NULL,NULL),(20,'kesainiya@gmail.com','*AE977E21C9C20F7F0EDBD80CBFD8C0298BA24F80','',NULL,NULL,716493601,'FEMALE','',NULL,NULL,'Kesainiya','','',NULL,NULL,NULL,NULL,NULL,NULL,'/images/people/20.205x205.jpg',NULL,'Ksenia','Mironova',0,'/images/people/20.205x205.jpg','',NULL,1,'7204587abd970f9e09cbf51cb201cdd0','RU','',NULL,NULL,NULL,NULL,NULL,NULL,NULL,NULL,NULL,NULL,NULL,NULL,NULL,NULL,NULL,NULL),(21,'galeontrade@gmail.com','*79CD53076F022A04BBAB0C59CAEC7D1E77E7B22E',NULL,NULL,NULL,-113713199,'MALE',NULL,NULL,NULL,NULL,NULL,NULL,NULL,NULL,NULL,NULL,NULL,NULL,NULL,NULL,'Вячеслав','Миронов',0,NULL,NULL,NULL,1,'f219ad4925b02568428ad26dcd520278','RU',NULL,NULL,NULL,NULL,NULL,NULL,NULL,NULL,NULL,NULL,NULL,NULL,NULL,NULL,NULL,NULL,NULL),(22,'forester2008@ya.ru','*A350F41CBC02FA953288C4BDE7CD10AE69DF6D4A',NULL,NULL,NULL,163364401,'MALE',NULL,NULL,NULL,NULL,NULL,NULL,NULL,NULL,NULL,NULL,NULL,NULL,NULL,NULL,'Vitaliy','Deev',0,NULL,NULL,NULL,0,'69827d2e128d6ebcc9d1e3b06bd36a96','RU',NULL,NULL,NULL,NULL,NULL,NULL,NULL,NULL,NULL,NULL,NULL,NULL,NULL,NULL,NULL,NULL,NULL),(23,'zeropatriot@mail.ru','*6964151931D3CC09DB945558273EBFC000276032',NULL,NULL,NULL,510008401,'MALE',NULL,NULL,NULL,NULL,NULL,NULL,NULL,NULL,NULL,NULL,NULL,NULL,NULL,NULL,'Андрей','Силаев',0,NULL,NULL,NULL,0,'c096152f54712aa8a5e80e4644aa6712','RU',NULL,NULL,NULL,NULL,NULL,NULL,NULL,NULL,NULL,NULL,NULL,NULL,NULL,NULL,NULL,NULL,NULL),(24,'oleggaleon@gmail.com','*39A7B5ADAFB175501154A7D7E0C27633E4A6DCE5',NULL,NULL,NULL,1369512001,'MALE',NULL,NULL,NULL,NULL,NULL,NULL,NULL,NULL,NULL,NULL,NULL,NULL,NULL,NULL,'Олег','Буталов',0,NULL,NULL,NULL,1,'4627a4d36d91b639880c698dacb30ea2','RU',NULL,NULL,NULL,NULL,NULL,NULL,NULL,NULL,NULL,NULL,NULL,NULL,NULL,NULL,NULL,NULL,NULL),(1,'support.ru@comiron.com','*A350F41CBC02FA953288C4BDE7CD10AE69DF6D4A','Пресс центр',20,NULL,943916401,NULL,'',NULL,NULL,'','','',NULL,NULL,NULL,NULL,NULL,'','/images/people/1.205x205.png',NULL,'Пресс-центр','',0,'/images/people/1.205x205.png',NULL,NULL,1,NULL,'RU',NULL,NULL,NULL,'','RU','',1378360766,1,NULL,NULL,NULL,NULL,NULL,NULL,NULL,NULL,NULL),(2,'support.en@comiron.com','*A350F41CBC02FA953288C4BDE7CD10AE69DF6D4A','technical support',NULL,NULL,-3599,NULL,NULL,NULL,NULL,'',NULL,NULL,NULL,NULL,NULL,NULL,NULL,NULL,'/images/people/2.205x205.png',NULL,'Press center','',0,'/images/people/2.205x205.png',NULL,NULL,1,NULL,'US',NULL,NULL,NULL,'','US','',1386878130,1,NULL,NULL,NULL,NULL,NULL,NULL,NULL,NULL,NULL),(3,'support.ch@comiron.com','*A350F41CBC02FA953288C4BDE7CD10AE69DF6D4A','China support',NULL,NULL,-3599,NULL,NULL,NULL,NULL,'',NULL,NULL,NULL,NULL,NULL,NULL,NULL,NULL,'/images/people/3.205x205.png',NULL,'Press center','',0,'/images/people/3.205x205.png',NULL,NULL,1,NULL,NULL,NULL,NULL,NULL,'','CN','',1378269472,1,NULL,NULL,NULL,NULL,NULL,NULL,NULL,NULL,NULL),(4,'support.it@comiron.com','*A350F41CBC02FA953288C4BDE7CD10AE69DF6D4A','Italian support',NULL,NULL,-3599,NULL,NULL,NULL,NULL,'',NULL,NULL,NULL,NULL,NULL,NULL,NULL,NULL,'/images/people/4.205x205.png',NULL,'Press center','',0,'/images/people/4.205x205.png',NULL,NULL,1,NULL,'IT',NULL,NULL,NULL,'','IT','',1378269502,1,NULL,NULL,NULL,NULL,NULL,NULL,NULL,NULL,NULL),(25,'lera@creograf.ru','*A350F41CBC02FA953288C4BDE7CD10AE69DF6D4A',NULL,NULL,NULL,-1114822799,'FEMALE',NULL,NULL,NULL,NULL,NULL,NULL,NULL,NULL,NULL,NULL,NULL,NULL,NULL,NULL,'123123','123123',0,NULL,NULL,NULL,0,'60bd19a405ab9b27af1ec0e9e968471f','RU',NULL,NULL,NULL,NULL,NULL,NULL,1380712414,0,NULL,NULL,NULL,NULL,NULL,NULL,NULL,NULL,NULL),(26,'lera2@creograf.ru','*A350F41CBC02FA953288C4BDE7CD10AE69DF6D4A',NULL,NULL,NULL,1378850401,'FEMALE',NULL,NULL,NULL,NULL,NULL,NULL,NULL,NULL,NULL,NULL,NULL,NULL,NULL,NULL,'123123','123123123',0,NULL,NULL,NULL,0,'7a5f204b57effcf20bda29fe0c9b460d','RU',NULL,NULL,NULL,NULL,NULL,NULL,1385668016,1,NULL,NULL,NULL,NULL,NULL,NULL,NULL,NULL,NULL),(27,'ler3@creograf.ru','*A350F41CBC02FA953288C4BDE7CD10AE69DF6D4A',NULL,NULL,NULL,1378159201,'FEMALE',NULL,NULL,NULL,NULL,NULL,NULL,NULL,NULL,NULL,NULL,NULL,NULL,NULL,NULL,'Qweqwe','Qweqwe',0,NULL,NULL,NULL,0,'37709c0c4aa11a9c79f0be3a012f814c','RU',NULL,NULL,NULL,NULL,NULL,NULL,1378369357,1,NULL,NULL,NULL,NULL,NULL,NULL,NULL,NULL,NULL),(28,'lera6@creograf.ru','*A350F41CBC02FA953288C4BDE7CD10AE69DF6D4A',NULL,NULL,NULL,1378159201,'MALE',NULL,NULL,NULL,NULL,NULL,NULL,NULL,NULL,NULL,NULL,NULL,NULL,NULL,NULL,'123123','123123',0,NULL,NULL,NULL,0,'fa7007cc4f7879981936bc46f8baaee5','RU',NULL,NULL,NULL,NULL,NULL,NULL,1378369943,1,NULL,NULL,NULL,NULL,NULL,NULL,NULL,NULL,NULL),(29,'anton.galleo2n@gmail.com','*A350F41CBC02FA953288C4BDE7CD10AE69DF6D4A',NULL,NULL,NULL,1386025201,'FEMALE',NULL,NULL,NULL,NULL,NULL,NULL,NULL,NULL,NULL,NULL,NULL,NULL,NULL,NULL,'123123','123123',0,NULL,NULL,NULL,0,'6d4d3afea2d5bb7d8429656c77a7e652','RU',NULL,NULL,NULL,NULL,NULL,NULL,1387361519,1,NULL,NULL,NULL,NULL,NULL,NULL,NULL,NULL,NULL),(30,'office@creograf.ru','*A350F41CBC02FA953288C4BDE7CD10AE69DF6D4A',NULL,NULL,NULL,434660401,'FEMALE',NULL,NULL,NULL,'',NULL,NULL,NULL,NULL,NULL,NULL,NULL,NULL,'/images/people/30.205x205.jpg',NULL,'Анастасия','Деева',0,'/images/people/30.205x205.jpg',NULL,'ru',1,'fcb78fc73d880018b85b74f5a3ca067b','RU',NULL,NULL,NULL,'','RU','',1411126847,0,NULL,NULL,NULL,NULL,NULL,NULL,NULL,NULL,NULL),(31,'support123@creograf.ru','*8DCDD69CE7D121DE8013062AEAEB2A148910D50E',NULL,NULL,NULL,-871534799,'FEMALE',NULL,NULL,NULL,NULL,NULL,NULL,NULL,NULL,NULL,NULL,NULL,NULL,NULL,NULL,'Name','Test',0,NULL,NULL,NULL,0,'f7f7c8c6f88a6baaa6c987339f8c0fe0','RU',NULL,NULL,NULL,NULL,NULL,NULL,1401187513,1,NULL,NULL,NULL,NULL,NULL,NULL,NULL,NULL,NULL),(32,'support1234@creograf.ru','*050376F3855A67F5E2C6514FD3130B31006C1276',NULL,NULL,NULL,-1030078799,'FEMALE',NULL,NULL,NULL,NULL,NULL,NULL,NULL,NULL,NULL,NULL,NULL,NULL,NULL,NULL,'Weqwe','Qweqwe',0,NULL,NULL,NULL,0,'8d146fcb47ca6578b3cb7665c6d5ec90','RU',NULL,NULL,NULL,NULL,NULL,NULL,1401187596,1,NULL,NULL,NULL,NULL,NULL,NULL,NULL,NULL,NULL),(33,'support1235@creograf.ru','*A350F41CBC02FA953288C4BDE7CD10AE69DF6D4A',NULL,NULL,NULL,1398880801,'FEMALE',NULL,NULL,NULL,NULL,NULL,NULL,NULL,NULL,NULL,NULL,NULL,NULL,NULL,NULL,'123','123',0,NULL,NULL,NULL,0,'da2e6902930242168bc4cf09c1959581','RU',NULL,NULL,NULL,NULL,NULL,NULL,1402379005,1,NULL,NULL,NULL,NULL,NULL,NULL,NULL,NULL,NULL),(34,'support123123@creograf.ru','*A350F41CBC02FA953288C4BDE7CD10AE69DF6D4A',NULL,NULL,NULL,NULL,NULL,NULL,NULL,NULL,NULL,NULL,NULL,NULL,NULL,NULL,NULL,NULL,NULL,NULL,NULL,'вася','петров',0,NULL,NULL,'ru',0,'c2638236b7dd72a32fa1cc8711c9cae8','',NULL,NULL,NULL,NULL,NULL,NULL,1459759027,1,NULL,NULL,NULL,NULL,NULL,NULL,NULL,NULL,NULL);
/*!40000 ALTER TABLE `persons` ENABLE KEYS */;
UNLOCK TABLES;

--
-- Table structure for table `product`
--

DROP TABLE IF EXISTS `product`;
/*!40101 SET @saved_cs_client     = @@character_set_client */;
/*!40101 SET character_set_client = utf8 */;
CREATE TABLE `product` (
  `id` int(11) NOT NULL AUTO_INCREMENT,
  `shop_id` int(11) NOT NULL,
  `name` varchar(250) DEFAULT NULL,
  `price` decimal(19,2) DEFAULT NULL,
  `currency_id` int(11) DEFAULT NULL,
  `thumbnail_url` varchar(250) DEFAULT NULL,
  `ordr` int(11) DEFAULT NULL,
  `visible` int(11) NOT NULL DEFAULT '0',
  `isspecial` int(11) NOT NULL DEFAULT '0',
  `likes_num` int(11) NOT NULL DEFAULT '0',
  `comment_num` int(11) NOT NULL DEFAULT '0',
  `shares_num` int(11) NOT NULL DEFAULT '0',
  `photo_url` varchar(255) DEFAULT NULL,
  `code` varchar(255) DEFAULT NULL,
  `package` int(11) DEFAULT NULL,
  `box` int(1) NOT NULL DEFAULT '0',
  `edizm` varchar(20) DEFAULT NULL,
  `name_ru` varchar(255) DEFAULT NULL,
  `name_en` varchar(255) DEFAULT NULL,
  `name_ch` varchar(255) DEFAULT NULL,
  `name_it` varchar(255) DEFAULT NULL,
  `descr` mediumtext,
  `name_es` varchar(255) DEFAULT NULL,
  `isveryspecial` int(1) NOT NULL DEFAULT '0',
  `weight` float DEFAULT '0',
  `volume` float DEFAULT '0',
  `w` float DEFAULT '0',
  `h` float DEFAULT '0',
  `d` float DEFAULT '0',
  `sklad` float DEFAULT '0',
  `discount` int(11) NOT NULL DEFAULT '0',
  `primarykey` varchar(255) DEFAULT NULL,
  PRIMARY KEY (`id`),
  KEY `shop_id` (`shop_id`,`currency_id`),
  KEY `ordr` (`ordr`,`visible`),
  KEY `isspecial` (`isspecial`),
  KEY `likes_num` (`likes_num`),
  KEY `comment_num` (`comment_num`,`shares_num`),
  KEY `code` (`code`),
  KEY `isveryspecial` (`isveryspecial`),
  KEY `sklad` (`sklad`),
  KEY `sklad_2` (`sklad`),
  KEY `primarykey` (`primarykey`)
) ENGINE=MyISAM AUTO_INCREMENT=4819 DEFAULT CHARSET=utf8;
/*!40101 SET character_set_client = @saved_cs_client */;

--
-- Dumping data for table `product`
--

LOCK TABLES `product` WRITE;
/*!40000 ALTER TABLE `product` DISABLE KEYS */;
INSERT INTO `product` VALUES (31,13,NULL,NULL,NULL,NULL,6,-1,0,0,0,0,NULL,NULL,NULL,0,NULL,NULL,NULL,NULL,NULL,NULL,NULL,0,0,0,0,0,0,0,0,NULL),(32,13,NULL,NULL,NULL,'/images/product/32.205x205.',7,-1,0,0,0,0,'/images/product/32.',NULL,NULL,0,NULL,NULL,NULL,NULL,NULL,NULL,NULL,0,0,0,0,0,0,0,0,NULL),(33,13,'Светильник',210.00,2,'/images/product/33.205x205.jpg',8,0,0,1,0,0,'/images/product/33.jpg',NULL,24,0,'','','','','','',NULL,0,0,0,0,0,0,0,0,NULL),(18,14,'123',123.00,NULL,'/images/product/18.205x205.jpg',1,1,1,0,0,0,'/images/product/18.jpg',NULL,NULL,0,NULL,NULL,NULL,NULL,NULL,NULL,NULL,0,0,0,0,0,0,0,0,NULL),(360,16,' Мягкая игрушка Овечка-12cm',6.50,4,'/images/product/360.205x205.jpg',15,5,1,0,0,0,'/images/product/360.jpg',NULL,800,0,'штук',' Мягкая игрушка Овечка','',' Мягкая игрушка Овечка-12cm','','',NULL,0,0,0,0,0,0,0,0,NULL),(359,16,NULL,NULL,NULL,NULL,14,-1,0,0,0,0,NULL,NULL,NULL,0,NULL,NULL,NULL,NULL,NULL,NULL,NULL,0,0,0,0,0,0,0,0,NULL),(358,16,'жирафа-18cm',5.00,4,'/images/product/358.205x205.jpg',13,0,1,0,0,0,'/images/product/358.jpg',NULL,1200,0,'штук','жирафа','','жирафа-18cm','','',NULL,0,0,0,0,0,0,0,0,NULL),(30,13,NULL,NULL,NULL,NULL,5,-1,0,0,0,0,NULL,NULL,NULL,0,NULL,NULL,NULL,NULL,NULL,NULL,NULL,0,0,0,0,0,0,0,0,NULL),(34,13,'Светильник ',1231.00,2,'/images/product/34.205x205.jpg',9,5,0,0,0,0,'/images/product/34.jpg',NULL,0,0,'','','','','','',NULL,0,0,0,0,0,0,0,0,NULL),(35,13,NULL,NULL,NULL,NULL,10,-1,0,0,0,0,NULL,NULL,NULL,0,NULL,NULL,NULL,NULL,NULL,NULL,NULL,0,0,0,0,0,0,0,0,NULL),(36,21,'Футболка Angry Birds',300.00,2,'/images/product/36.205x205.png',1,5,0,0,0,0,'/images/product/36.png',NULL,NULL,0,NULL,NULL,NULL,NULL,NULL,NULL,NULL,0,0,0,0,0,0,0,0,NULL),(40,13,'Коврик с ежиками',250.00,2,'/images/product/40.205x205.jpg',12,5,0,0,0,0,'/images/product/40.jpg',NULL,NULL,0,NULL,NULL,NULL,NULL,NULL,NULL,NULL,0,0,0,0,0,0,0,0,NULL),(39,13,'Коврик',200.00,2,'/images/product/39.205x205.jpg',11,5,0,0,0,0,'/images/product/39.jpg',NULL,NULL,0,NULL,NULL,NULL,NULL,NULL,NULL,NULL,0,0,0,0,0,0,0,0,NULL),(41,13,'Коврик с приколами',470.00,2,'/images/product/41.205x205.jpg',13,5,0,0,0,0,'/images/product/41.jpg',NULL,NULL,0,NULL,NULL,NULL,NULL,NULL,NULL,NULL,0,0,0,0,0,0,0,0,NULL),(42,13,'Беседка VIP C',247000.00,2,'/images/product/42.205x205.jpg',14,5,0,0,0,0,'/images/product/42.jpg',NULL,NULL,0,NULL,NULL,NULL,NULL,NULL,NULL,NULL,0,0,0,0,0,0,0,0,NULL),(43,13,'Беседка ЗЕЛЕНАЯ ВОЛНА',187000.00,2,'/images/product/43.205x205.jpg',15,5,1,0,0,0,'/images/product/43.jpg',NULL,0,0,'','Беседка ЗЕЛЕНАЯ ВОЛНА','','','','',NULL,0,0,0,0,0,0,0,0,NULL),(44,13,'Беседка ТЕНЁК',194000.00,2,'/images/product/44.205x205.jpg',16,5,0,0,0,0,'/images/product/44.jpg',NULL,NULL,0,NULL,NULL,NULL,NULL,NULL,NULL,NULL,0,0,0,0,0,0,0,0,NULL),(45,14,'Беседка ПРЕЗИДЕНТ',287000.00,2,'/images/product/45.205x205.jpg',17,0,0,0,1,0,'/images/product/45.jpg',NULL,NULL,0,NULL,NULL,NULL,NULL,NULL,NULL,NULL,0,0,0,0,0,0,0,0,NULL),(46,13,'Беседка СТИЛЬ ВЕНГИ',289000.00,2,'/images/product/46.205x205.jpg',18,5,0,0,0,0,'/images/product/46.jpg',NULL,NULL,0,NULL,NULL,NULL,NULL,NULL,NULL,NULL,0,0,0,0,0,0,0,0,NULL),(47,13,'Беседка УЮТ',315000.00,2,'/images/product/47.205x205.jpg',19,5,0,0,0,0,'/images/product/47.jpg',NULL,NULL,0,NULL,NULL,NULL,NULL,NULL,NULL,NULL,0,0,0,0,0,0,0,0,NULL),(48,13,'Беседка ТАЙЛАНД',183500.00,2,'/images/product/48.205x205.jpg',20,5,0,0,0,0,'/images/product/48.jpg',NULL,NULL,0,NULL,NULL,NULL,NULL,NULL,NULL,NULL,0,0,0,0,0,0,0,0,NULL),(49,13,'Беседка ПРАЙМ ЛАЙН',436000.00,2,'/images/product/49.205x205.jpg',21,5,0,0,0,0,'/images/product/49.jpg',NULL,NULL,0,NULL,NULL,NULL,NULL,NULL,NULL,NULL,0,0,0,0,0,0,0,0,NULL),(50,13,NULL,NULL,NULL,NULL,22,-1,0,0,0,0,NULL,NULL,NULL,0,NULL,NULL,NULL,NULL,NULL,NULL,NULL,0,0,0,0,0,0,0,0,NULL),(51,13,NULL,NULL,NULL,NULL,23,-1,0,0,0,0,NULL,NULL,NULL,0,NULL,NULL,NULL,NULL,NULL,NULL,NULL,0,0,0,0,0,0,0,0,NULL),(52,13,'Лексус',4500000.00,2,'/images/product/52.205x205.jpg',24,5,0,0,0,0,'/images/product/52.jpg',NULL,NULL,0,NULL,NULL,NULL,NULL,NULL,NULL,NULL,0,0,0,0,0,0,0,0,NULL),(53,22,'maomi',4.00,1,'/images/product/53.205x205.jpg',1,5,0,0,0,0,'/images/product/53.jpg',NULL,0,0,'','','','','','',NULL,0,0,0,0,0,0,0,0,NULL),(54,23,'автоматика для распашных ворот    ПКМ-C01 (24VDC)',13950.00,2,'/images/product/54.205x205.png',1,5,0,1,0,0,'/images/product/54.png',NULL,NULL,0,NULL,NULL,NULL,NULL,NULL,NULL,NULL,0,0,0,0,0,0,0,0,NULL),(56,23,'автоматика для распашных ворот  ПКМ-C02 (24VDC)',17100.00,2,'/images/product/56.205x205.png',2,5,0,0,0,0,'/images/product/56.png',NULL,NULL,0,NULL,NULL,NULL,NULL,NULL,NULL,NULL,0,0,0,0,0,0,0,0,NULL),(57,23,NULL,NULL,NULL,NULL,3,-1,0,0,0,0,NULL,NULL,NULL,0,NULL,NULL,NULL,NULL,NULL,NULL,NULL,0,0,0,0,0,0,0,0,NULL),(58,23,'автоматика для раздвижных ворот   ОДМ-A01   (220VAC / 24VDC)',10350.00,2,'/images/product/58.205x205.png',4,5,0,0,0,0,'/images/product/58.png',NULL,NULL,0,NULL,NULL,NULL,NULL,NULL,NULL,NULL,0,0,0,0,0,0,0,0,NULL),(59,23,NULL,NULL,NULL,NULL,5,-1,0,0,0,0,NULL,NULL,NULL,0,NULL,NULL,NULL,NULL,NULL,NULL,NULL,0,0,0,0,0,0,0,0,NULL),(60,23,NULL,NULL,NULL,NULL,6,-1,0,0,0,0,NULL,NULL,NULL,0,NULL,NULL,NULL,NULL,NULL,NULL,NULL,0,0,0,0,0,0,0,0,NULL),(61,23,'Усиленный режим.  Автоматика для распашных ворот  ПКМ-А01',23400.00,2,'/images/product/61.205x205.png',7,5,0,0,0,0,'/images/product/61.png',NULL,NULL,0,NULL,NULL,NULL,NULL,NULL,NULL,NULL,0,0,0,0,0,0,0,0,NULL),(64,23,'Шлагбаум с одной прямой стрелой ДЗ-2281 220VAC 50 Гц',22950.00,2,'/images/product/64.205x205.png',10,5,0,0,0,0,'/images/product/64.png',NULL,NULL,0,NULL,NULL,NULL,NULL,NULL,NULL,NULL,0,0,0,0,0,0,0,0,NULL),(65,23,'Шлагбаум с двумя прямыми стрелами Барьер   DZ-2282   220VAC 50 Гц',22950.00,2,'/images/product/65.205x205.png',11,5,0,0,0,0,'/images/product/65.png',NULL,NULL,0,NULL,NULL,NULL,NULL,NULL,NULL,NULL,0,0,0,0,0,0,0,0,NULL),(66,23,'Шлагбаум со складной стрелой Барьер   DZ-2283   220VAC 50 Гц',29250.00,2,'/images/product/66.205x205.png',12,5,0,0,0,0,'/images/product/66.png',NULL,NULL,0,NULL,NULL,NULL,NULL,NULL,NULL,NULL,0,0,0,0,0,0,0,0,NULL),(67,23,'Солнечная система',0.00,2,'/images/product/67.205x205.jpg',13,5,0,0,0,0,'/images/product/67.jpg',NULL,NULL,0,NULL,NULL,NULL,NULL,NULL,NULL,NULL,0,0,0,0,0,0,0,0,NULL),(68,23,NULL,NULL,NULL,NULL,14,-1,0,0,0,0,NULL,NULL,NULL,0,NULL,NULL,NULL,NULL,NULL,NULL,NULL,0,0,0,0,0,0,0,0,NULL),(70,13,'Класика 2',545.00,2,'/images/product/70.205x205.jpg',26,5,0,0,0,0,'/images/product/70.jpg',NULL,NULL,0,NULL,NULL,NULL,NULL,NULL,NULL,NULL,0,0,0,0,0,0,0,0,NULL),(69,13,'Класика',540.00,2,'/images/product/69.205x205.jpg',25,5,0,0,0,0,'/images/product/69.jpg',NULL,NULL,0,NULL,NULL,NULL,NULL,NULL,NULL,NULL,0,0,0,0,0,0,0,0,NULL),(71,13,'Серебро',465.00,2,'/images/product/71.205x205.jpg',27,5,1,0,0,0,'/images/product/71.jpg',NULL,NULL,0,NULL,NULL,NULL,NULL,NULL,NULL,NULL,0,0,0,0,0,0,0,0,NULL),(72,13,'Металика',750.00,2,'/images/product/72.205x205.jpg',28,5,0,0,0,0,'/images/product/72.jpg',NULL,NULL,0,NULL,NULL,NULL,NULL,NULL,NULL,NULL,0,0,0,0,0,0,0,0,NULL),(73,13,'КГБ',1240.00,2,'/images/product/73.205x205.jpg',29,5,1,0,0,0,'/images/product/73.jpg',NULL,NULL,0,NULL,NULL,NULL,NULL,NULL,NULL,NULL,0,0,0,0,0,0,0,0,NULL),(74,13,'Роза',750.00,2,'/images/product/74.205x205.jpg',30,5,1,0,0,0,'/images/product/74.jpg',NULL,NULL,0,NULL,NULL,NULL,NULL,NULL,NULL,NULL,0,0,0,0,0,0,0,0,NULL),(75,13,'Прокат автомобиля 1 день',5000.00,2,'/images/product/75.205x205.jpg',31,5,0,0,0,0,'/images/product/75.jpg',NULL,NULL,0,NULL,NULL,NULL,NULL,NULL,NULL,NULL,0,0,0,0,0,0,0,0,NULL),(76,13,NULL,NULL,NULL,NULL,32,-1,0,0,0,0,NULL,NULL,NULL,0,NULL,NULL,NULL,NULL,NULL,NULL,NULL,0,0,0,0,0,0,0,0,NULL),(295,62,'HY8399 100%防水透气创口贴',0.50,1,'/images/product/295.205x205.jpg',3,5,1,0,0,0,'/images/product/295.jpg',NULL,288,0,'盒',' Группа','plaster / bandage / band','HY8399 100%防水透气创口贴','Banda','<p>HY8339 100%防水透气PU创口贴，也适用于足部护理</p>\r\n<p>材料为：PU+水胶体敷心</p>\r\n<p>规格：69*44mm</p>\r\n<p>包装：3片/盒，288盒/箱，67.5*23*46cm</p>\r\n<p></p>',NULL,0,0,0,0,0,0,0,0,NULL),(78,20,NULL,NULL,NULL,NULL,2,-1,0,0,0,0,NULL,NULL,NULL,0,NULL,NULL,NULL,NULL,NULL,NULL,NULL,0,0,0,0,0,0,0,0,NULL),(79,20,NULL,NULL,NULL,NULL,3,-1,0,0,0,0,NULL,NULL,NULL,0,NULL,NULL,NULL,NULL,NULL,NULL,NULL,0,0,0,0,0,0,0,0,NULL),(80,20,NULL,NULL,NULL,NULL,4,-1,0,0,0,0,NULL,NULL,NULL,0,NULL,NULL,NULL,NULL,NULL,NULL,NULL,0,0,0,0,0,0,0,0,NULL),(286,20,NULL,NULL,NULL,NULL,5,-1,0,0,0,0,NULL,NULL,NULL,0,NULL,NULL,NULL,NULL,NULL,NULL,NULL,0,0,0,0,0,0,0,0,NULL),(287,20,NULL,NULL,NULL,NULL,6,-1,0,0,0,0,NULL,NULL,NULL,0,NULL,NULL,NULL,NULL,NULL,NULL,NULL,0,0,0,0,0,0,0,0,NULL),(82,24,NULL,NULL,NULL,NULL,1,-1,0,0,0,0,NULL,NULL,NULL,0,NULL,NULL,NULL,NULL,NULL,NULL,NULL,0,0,0,0,0,0,0,0,NULL),(586,39,NULL,NULL,NULL,NULL,13,-1,0,0,0,0,NULL,NULL,NULL,0,NULL,NULL,NULL,NULL,NULL,NULL,NULL,0,0,0,0,0,0,0,0,NULL),(587,39,'沙画',3.00,4,'/images/product/587.205x205.jpg',14,5,0,0,0,0,'/images/product/587.jpg',NULL,0,0,'','','','沙画','','',NULL,0,0,0,0,0,0,0,0,NULL),(584,83,NULL,NULL,NULL,NULL,1,-1,0,0,0,0,NULL,NULL,NULL,0,NULL,NULL,NULL,NULL,NULL,NULL,NULL,0,0,0,0,0,0,0,0,NULL),(85,23,NULL,NULL,NULL,NULL,15,-1,0,0,0,0,NULL,NULL,NULL,0,NULL,NULL,NULL,NULL,NULL,NULL,NULL,0,0,0,0,0,0,0,0,NULL),(160,27,'Экструзионный пенополистирол \" СТИРЕКС \" 30 Г4 СТ 1200х600х50мм (8шт,0,288м3, 5,6м2',1295.00,2,'/images/product/160.205x205.png',41,5,1,0,0,0,'/images/product/160.png',NULL,0,0,'','','','','','',NULL,0,0,0,0,0,0,0,0,NULL),(87,25,'Задний переключатель',500.00,2,'/images/product/87.205x205.png',1,5,1,0,0,0,'/images/product/87.png',NULL,NULL,0,NULL,NULL,NULL,NULL,NULL,NULL,NULL,0,0,0,0,0,0,0,0,NULL),(88,25,'Передний переключатель',450.00,2,'/images/product/88.205x205.png',2,5,0,0,0,0,'/images/product/88.png',NULL,NULL,0,NULL,NULL,NULL,NULL,NULL,NULL,NULL,0,0,0,0,0,0,0,0,NULL),(89,25,'Система super record',800.00,2,'/images/product/89.205x205.png',3,5,1,0,0,0,'/images/product/89.png',NULL,NULL,0,NULL,NULL,NULL,NULL,NULL,NULL,NULL,0,0,0,0,0,0,0,0,NULL),(90,25,'Система Chorus',500.00,2,'/images/product/90.205x205.png',4,5,0,0,0,0,'/images/product/90.png',NULL,NULL,0,NULL,NULL,NULL,NULL,NULL,NULL,NULL,0,0,0,0,0,0,0,0,NULL),(91,25,'cambi post.atena',500.00,3,'/images/product/91.205x205.png',5,5,1,0,0,0,'/images/product/91.png',NULL,NULL,0,NULL,NULL,NULL,NULL,NULL,NULL,NULL,0,0,0,0,0,0,0,0,NULL),(92,26,'Системный блок 2 ядра, 2 гига',3990.00,2,'/images/product/92.205x205.jpg',1,5,1,0,0,0,'/images/product/92.jpg',NULL,NULL,0,NULL,NULL,NULL,NULL,NULL,NULL,NULL,0,0,0,0,0,0,0,0,NULL),(93,26,'Системный блок 4 ядра, 4 гига',5990.00,2,'/images/product/93.205x205.jpg',2,5,1,0,0,0,'/images/product/93.jpg',NULL,NULL,0,NULL,NULL,NULL,NULL,NULL,NULL,NULL,0,0,0,0,0,0,0,0,NULL),(94,26,'Компьютерная помощь',300.00,2,'/images/product/94.205x205.jpg',3,5,0,0,0,0,'/images/product/94.jpg',NULL,NULL,0,NULL,NULL,NULL,NULL,NULL,NULL,NULL,0,0,0,0,0,0,0,0,NULL),(95,26,'Сборка компьютера по вашему заказу',1499.00,2,'/images/product/95.205x205.jpg',4,5,0,0,0,0,'/images/product/95.jpg',NULL,NULL,0,NULL,NULL,NULL,NULL,NULL,NULL,NULL,0,0,0,0,0,0,0,0,NULL),(96,26,'Монитор 19*',1590.00,1,'/images/product/96.205x205.jpg',5,5,0,0,0,0,'/images/product/96.jpg',NULL,NULL,0,NULL,NULL,NULL,NULL,NULL,NULL,NULL,0,0,0,0,0,0,0,0,NULL),(121,18,'Серьги ',106.00,2,'/images/product/121.205x205.jpg',1,5,1,0,0,0,'/images/product/121.jpg',NULL,NULL,0,NULL,NULL,NULL,NULL,NULL,NULL,NULL,0,0,0,0,0,0,0,0,NULL),(98,13,'Прокат лексуса',8400.00,2,'/images/product/98.205x205.jpg',34,5,0,0,0,0,'/images/product/98.jpg',NULL,NULL,0,NULL,NULL,NULL,NULL,NULL,NULL,NULL,0,0,0,0,0,0,0,0,NULL),(100,13,NULL,NULL,NULL,NULL,35,-1,0,0,0,0,NULL,NULL,NULL,0,NULL,NULL,NULL,NULL,NULL,NULL,NULL,0,0,0,0,0,0,0,0,NULL),(102,27,'Стол овальный/массив сосны',5350.00,2,'/images/product/102.205x205.jpg',1,5,1,0,0,0,'/images/product/102.jpg',NULL,NULL,0,NULL,NULL,NULL,NULL,NULL,NULL,NULL,0,0,0,0,0,0,0,0,NULL),(103,27,NULL,NULL,NULL,NULL,2,-1,0,0,0,0,NULL,NULL,NULL,0,NULL,NULL,NULL,NULL,NULL,NULL,NULL,0,0,0,0,0,0,0,0,NULL),(104,27,'Душевой угол / ',8499.00,2,'/images/product/104.205x205.jpg',3,5,1,0,0,0,'/images/product/104.jpg',NULL,NULL,0,NULL,NULL,NULL,NULL,NULL,NULL,NULL,0,0,0,0,0,0,0,0,NULL),(105,27,'Насосная станция с расш. баком 24 л.TAIFU ATQB60 (370 Вт 35л/мин на 35 м) ',3950.00,2,'/images/product/105.205x205.jpg',4,5,1,0,0,0,'/images/product/105.jpg',NULL,0,0,'','','','','','',NULL,0,0,0,0,0,0,0,0,NULL),(106,27,'Рамка д/фотографии,  под Старину ( формат А4 )',1950.00,2,'/images/product/106.205x205.jpg',5,5,1,0,0,0,'/images/product/106.jpg',NULL,NULL,0,NULL,NULL,NULL,NULL,NULL,NULL,NULL,0,0,0,0,0,0,0,0,NULL),(107,27,'Пена монтажная-ПРОФ, Титан-65, 750мл, лето',225.00,2,'/images/product/107.205x205.gif',6,5,1,0,0,0,'/images/product/107.gif',NULL,0,0,'','','','','','',NULL,0,0,0,0,0,0,0,0,NULL),(108,27,'Клей  СМ11  Церезит  25кг д/керамической  плитки',245.00,2,'/images/product/108.205x205.jpg',7,5,0,0,0,0,'/images/product/108.jpg',NULL,NULL,0,NULL,NULL,NULL,NULL,NULL,NULL,NULL,0,0,0,0,0,0,0,0,NULL),(109,27,'Набор  шоферского  с квадратом  1/2, 1/4,  119предмета  Matrix Maste',7650.00,2,'/images/product/109.205x205.jpg',8,5,1,0,0,0,'/images/product/109.jpg',NULL,NULL,0,NULL,NULL,NULL,NULL,NULL,NULL,NULL,0,0,0,0,0,0,0,0,NULL),(110,27,'Клей Момент-Столяр, 250г',115.00,2,'/images/product/110.205x205.jpg',9,5,1,0,0,0,'/images/product/110.jpg',NULL,0,0,'','','','','','',NULL,0,0,0,0,0,0,0,0,NULL),(111,27,'Круг отрезной LUGA 400х4х32мм по металлу  ',125.00,2,'/images/product/111.205x205.jpg',10,5,1,0,0,0,'/images/product/111.jpg',NULL,NULL,0,NULL,NULL,NULL,NULL,NULL,NULL,NULL,0,0,0,0,0,0,0,0,NULL),(112,27,'Круг отрезной LUGA 230х2.5х22мм по металлу  ',32.40,2,'/images/product/112.205x205.jpg',11,5,1,0,0,0,'/images/product/112.jpg',NULL,NULL,0,NULL,NULL,NULL,NULL,NULL,NULL,NULL,0,0,0,0,0,0,0,0,NULL),(113,27,'Электроды   ОК-46, Д-3мм   5,3кг ЭСАБ  (Санк.-Петер.)',595.00,2,'/images/product/113.205x205.jpg',12,5,1,0,0,0,'/images/product/113.jpg',NULL,0,0,'','','','','','',NULL,0,0,0,0,0,0,0,0,NULL),(114,27,NULL,NULL,NULL,'/images/product/114.205x205.jpg',13,-1,0,0,0,0,'/images/product/114.jpg',NULL,NULL,0,NULL,NULL,NULL,NULL,NULL,NULL,NULL,0,0,0,0,0,0,0,0,NULL),(115,27,'Унитаз-компакт STYLE 1215  с микролифтом  Серый выпуск прямой',2940.00,2,'/images/product/115.205x205.jpg',14,5,1,0,0,0,'/images/product/115.jpg',NULL,NULL,0,NULL,NULL,NULL,NULL,NULL,NULL,NULL,0,0,0,0,0,0,0,0,NULL),(116,27,'Унитаз-компакт STYLE 1215  с микролифтом  Бежевый выпуск прямой',2940.00,2,'/images/product/116.205x205.jpg',15,5,1,0,0,0,'/images/product/116.jpg',NULL,NULL,0,NULL,NULL,NULL,NULL,NULL,NULL,NULL,0,0,0,0,0,0,0,0,NULL),(117,27,NULL,NULL,NULL,'/images/product/117.205x205.gif',16,-1,0,0,0,0,'/images/product/117.gif',NULL,NULL,0,NULL,NULL,NULL,NULL,NULL,NULL,NULL,0,0,0,0,0,0,0,0,NULL),(118,27,'Петля  приварная капля  25*160',110.00,2,'/images/product/118.205x205.jpeg',17,5,1,0,0,0,'/images/product/118.jpeg',NULL,NULL,0,NULL,NULL,NULL,NULL,NULL,NULL,NULL,0,0,0,0,0,0,0,0,NULL),(119,13,NULL,NULL,NULL,NULL,37,-1,0,0,0,0,NULL,NULL,NULL,0,NULL,NULL,NULL,NULL,NULL,NULL,NULL,0,0,0,0,0,0,0,0,NULL),(120,27,'ЭВ 17-1/1 эк.,под ванну 1,7м \"ОРИОН\" (Белый гл.)',540.00,2,'/images/product/120.205x205.jpg',18,5,1,0,0,0,'/images/product/120.jpg',NULL,NULL,0,NULL,NULL,NULL,NULL,NULL,NULL,NULL,0,0,0,0,0,0,0,0,NULL),(122,18,'Браслетик Пандора',117.00,2,'/images/product/122.205x205.jpg',2,5,1,0,0,0,'/images/product/122.jpg',NULL,NULL,0,NULL,NULL,NULL,NULL,NULL,NULL,NULL,0,0,0,0,0,0,0,0,NULL),(123,18,'Браслетик Шамбала',140.00,2,'/images/product/123.205x205.jpg',3,5,1,0,0,0,'/images/product/123.jpg',NULL,NULL,0,NULL,NULL,NULL,NULL,NULL,NULL,NULL,0,0,0,0,0,0,0,0,NULL),(124,18,'Колье',124.00,2,'/images/product/124.205x205.jpg',4,5,1,0,0,0,'/images/product/124.jpg',NULL,NULL,0,NULL,NULL,NULL,NULL,NULL,NULL,NULL,0,0,0,0,0,0,0,0,NULL),(125,18,'Яркий браслет из синего хрусталя',161.00,2,'/images/product/125.205x205.jpg',5,5,1,0,0,0,'/images/product/125.jpg',NULL,NULL,0,NULL,NULL,NULL,NULL,NULL,NULL,NULL,0,0,0,0,0,0,0,0,NULL),(126,18,'Красивые серьги ',112.00,2,'/images/product/126.205x205.jpg',6,5,1,0,0,0,'/images/product/126.jpg',NULL,NULL,0,NULL,NULL,NULL,NULL,NULL,NULL,NULL,0,0,0,0,0,0,0,0,NULL),(127,18,'Хрустальный браслет',167.00,2,'/images/product/127.205x205.jpg',7,5,1,0,0,0,'/images/product/127.jpg',NULL,NULL,0,NULL,NULL,NULL,NULL,NULL,NULL,NULL,0,0,0,0,0,0,0,0,NULL),(128,18,NULL,NULL,NULL,NULL,8,-1,0,0,0,0,NULL,NULL,NULL,0,NULL,NULL,NULL,NULL,NULL,NULL,NULL,0,0,0,0,0,0,0,0,NULL),(129,18,'Подсвечник ',120.00,2,'/images/product/129.205x205.jpg',9,5,1,0,0,0,'/images/product/129.jpg',NULL,NULL,0,NULL,NULL,NULL,NULL,NULL,NULL,NULL,0,0,0,0,0,0,0,0,NULL),(130,18,'Подсвечник со статуэткой Хоттея ',270.00,2,'/images/product/130.205x205.jpg',10,5,1,0,0,0,'/images/product/130.jpg',NULL,NULL,0,NULL,NULL,NULL,NULL,NULL,NULL,NULL,0,0,0,0,0,0,0,0,NULL),(131,18,'Колье ',111.00,2,'/images/product/131.205x205.jpg',11,5,0,0,0,0,'/images/product/131.jpg',NULL,NULL,0,NULL,NULL,NULL,NULL,NULL,NULL,NULL,0,0,0,0,0,0,0,0,NULL),(132,28,'Товар №1',2003.00,2,'/images/product/132.205x205.jpg',1,5,1,0,0,0,'/images/product/132.jpg',NULL,10,1,'','Товар №1','','','','',NULL,0,0,0,0,0,0,0,0,NULL),(133,27,'Комплект 7210-31R ',14000.00,2,'/images/product/133.205x205.jpg',19,5,1,0,0,0,'/images/product/133.jpg',NULL,NULL,0,NULL,NULL,NULL,NULL,NULL,NULL,NULL,0,0,0,0,0,0,0,0,NULL),(134,27,NULL,NULL,NULL,'/images/product/134.205x205.jpg',20,-1,0,0,0,0,'/images/product/134.jpg',NULL,NULL,0,NULL,NULL,NULL,NULL,NULL,NULL,NULL,0,0,0,0,0,0,0,0,NULL),(135,27,'EASTWOOD Ultra 8 л ср-во  для защиты древ. Тик',2150.00,2,'/images/product/135.205x205.jpg',21,5,1,0,0,0,'/images/product/135.jpg',NULL,NULL,0,NULL,NULL,NULL,NULL,NULL,NULL,NULL,0,0,0,0,0,0,0,0,NULL),(136,27,'Лак, ал.ур., Елан, паркетный п.мат., 10л',3500.00,2,'/images/product/136.205x205.jpg',22,5,1,0,0,0,'/images/product/136.jpg',NULL,NULL,0,NULL,NULL,NULL,NULL,NULL,NULL,NULL,0,0,0,0,0,0,0,0,NULL),(137,27,'Бензогенератор  Wilmar  WPG 1500 ДВС 4-х так.,1 цил.,бак 5,5л 1,3 - 1,5 кВт',7950.00,2,'/images/product/137.205x205.jpg',23,5,1,0,0,0,'/images/product/137.jpg',NULL,NULL,0,NULL,NULL,NULL,NULL,NULL,NULL,NULL,0,0,0,0,0,0,0,0,NULL),(138,27,'Диск отрез. твёрдосплавн. АТАКА 500х60Тх4,1х50мм по дереву',3500.00,2,'/images/product/138.205x205.jpg',24,5,1,0,0,0,'/images/product/138.jpg',NULL,NULL,0,NULL,NULL,NULL,NULL,NULL,NULL,NULL,0,0,0,0,0,0,0,0,NULL),(139,27,'Круг отрезной LUGA 400х4х32мм по металлу',135.00,2,'/images/product/139.205x205.jpg',25,5,1,0,0,0,'/images/product/139.jpg',NULL,NULL,0,NULL,NULL,NULL,NULL,NULL,NULL,NULL,0,0,0,0,0,0,0,0,NULL),(140,27,'Сварочный аппарат пластиковых труб  TW7215 Х, 1500Вт,  BauMaster',1385.00,2,'/images/product/140.205x205.jpg',26,5,1,0,0,0,'/images/product/140.jpg',NULL,NULL,0,NULL,NULL,NULL,NULL,NULL,NULL,NULL,0,0,0,0,0,0,0,0,NULL),(141,27,NULL,NULL,NULL,NULL,27,-1,0,0,0,0,NULL,NULL,NULL,0,NULL,NULL,NULL,NULL,NULL,NULL,NULL,0,0,0,0,0,0,0,0,NULL),(142,27,'Насос циркуляционный СТК 15/40 с гайками',1545.00,2,'/images/product/142.205x205.jpg',28,5,1,0,0,0,'/images/product/142.jpg',NULL,NULL,0,NULL,NULL,NULL,NULL,NULL,NULL,NULL,0,0,0,0,0,0,0,0,NULL),(143,27,NULL,NULL,NULL,NULL,29,-1,0,0,0,0,NULL,NULL,NULL,0,NULL,NULL,NULL,NULL,NULL,NULL,NULL,0,0,0,0,0,0,0,0,NULL),(144,27,NULL,NULL,NULL,NULL,30,-1,0,0,0,0,NULL,NULL,NULL,0,NULL,NULL,NULL,NULL,NULL,NULL,NULL,0,0,0,0,0,0,0,0,NULL),(145,27,'Насос циркуляционный Vortex HZ401 DN25 + Гайки ( Германия )',3000.00,2,'/images/product/145.205x205.jpeg',31,5,0,0,0,0,'/images/product/145.jpeg',NULL,NULL,0,NULL,NULL,NULL,NULL,NULL,NULL,NULL,0,0,0,0,0,0,0,0,NULL),(146,27,'Сетевой фильтр 3,1м. х 5Евророз Gembird',214.00,2,'/images/product/146.205x205.jpg',32,5,1,0,0,0,'/images/product/146.jpg',NULL,NULL,0,NULL,NULL,NULL,NULL,NULL,NULL,NULL,0,0,0,0,0,0,0,0,NULL),(147,27,'Удлинитель Электрический на Рамке 1гнездо  2 х 0,75 ( мак. 2500 В)  50мет',760.00,2,'/images/product/147.205x205.jpg',33,5,1,0,0,0,'/images/product/147.jpg',NULL,NULL,0,NULL,NULL,NULL,NULL,NULL,NULL,NULL,0,0,0,0,0,0,0,0,NULL),(148,27,'Удлинитель силовой на кабельной катушке, 3*1,5мм*25м, 4 розетки с крышкой, 16A, IP44, STERN',2100.00,2,'/images/product/148.205x205.png',34,5,1,0,0,0,'/images/product/148.png',NULL,0,0,'','','Удлинитель силовой на кабельной катушке, 3*1,5мм*25м, 4 розетки с крышкой, 16A, IP44, STERN','','','',NULL,0,0,0,0,0,0,0,0,NULL),(149,27,'Удлинитель STERN  с выключателем 3розетки 16А  2м ',265.00,2,'/images/product/149.205x205.png',35,5,1,0,0,0,'/images/product/149.png',NULL,0,0,'','','Удлинитель STERN  с выключателем 3розетки 16А  2м ','','','',NULL,0,0,0,0,0,0,0,0,NULL),(150,27,'Удлинитель бытовой с заземлением 16А  2м ',170.00,2,'/images/product/150.205x205.png',36,5,1,0,0,0,'/images/product/150.png',NULL,0,0,'','','Удлинитель бытовой с заземлением 16А  2м ','','','',NULL,0,0,0,0,0,0,0,0,NULL),(151,27,'Радиатор Масляный KS-1507AF ( 7 cекций )  KingStone ',1760.00,2,'/images/product/151.205x205.jpg',37,5,1,0,0,0,'/images/product/151.jpg',NULL,0,0,'','','Радиатор Масляный KS-1507AF ( 7 cекций )  KingStone ','','','',NULL,0,0,0,0,0,0,0,0,NULL),(152,27,'Радиатор Масляный KS-2511AF ( 11 cекций )  KingStone  ',2450.00,2,'/images/product/152.205x205.jpg',38,0,1,0,0,0,'/images/product/152.jpg',NULL,0,0,'','','Радиатор Масляный KS-2511AF ( 11 cекций )  KingStone  ','','','',NULL,0,0,0,0,0,0,0,0,NULL),(153,13,NULL,NULL,NULL,NULL,38,-1,0,0,0,0,NULL,NULL,NULL,0,NULL,NULL,NULL,NULL,NULL,NULL,NULL,0,0,0,0,0,0,0,0,NULL),(155,13,NULL,NULL,NULL,NULL,40,-1,0,0,0,0,NULL,NULL,NULL,0,NULL,NULL,NULL,NULL,NULL,NULL,NULL,0,0,0,0,0,0,0,0,NULL),(156,13,NULL,NULL,NULL,NULL,41,-1,0,0,0,0,NULL,NULL,NULL,0,NULL,NULL,NULL,NULL,NULL,NULL,NULL,0,0,0,0,0,0,0,0,NULL),(157,27,'Оголовок для герметизации обсадной трубы ф125-32',1905.00,2,'/images/product/157.205x205.jpg',39,5,1,0,0,0,'/images/product/157.jpg',NULL,NULL,0,NULL,NULL,NULL,NULL,NULL,NULL,NULL,0,0,0,0,0,0,0,0,NULL),(158,27,'Бикрост ХКП-4,0   1х10м ТЕХНОНИКОЛЬ   гранулят-серый  ',745.00,2,'/images/product/158.205x205.jpg',40,5,1,0,0,0,'/images/product/158.jpg',NULL,NULL,0,NULL,NULL,NULL,NULL,NULL,NULL,NULL,0,0,0,0,0,0,0,0,NULL),(159,22,NULL,NULL,NULL,NULL,2,-1,0,0,0,0,NULL,NULL,NULL,0,NULL,NULL,NULL,NULL,NULL,NULL,NULL,0,0,0,0,0,0,0,0,NULL),(161,27,'Экструзионный пенополистирол \" СТИРЕКС \" 30 Г4 СТ 1200х600х30мм (14шт, 0,302м3, 10,08м2,',1415.00,2,'/images/product/161.205x205.png',42,5,0,0,0,0,'/images/product/161.png',NULL,0,0,'','','','','','<p>Плиты пенополистирольные экструзионные <br />Толщина:<br />30 мм<br />Кол-во листов в упаковке:<br />14 шт<br />Площадь упаковки:<br />10,08 м2<br />Объем упаковки:<br />0,3024 м3<br />Плотность:<br />28,0-38,0 кг/м3<br />Модуль упругости:<br />15 МПа<br />Прочности при изгибе:<br />0,4-0,7 МПа<br />Класс горючести:<br />Г4<br />Плотность на сжатие:<br />0,25 МПа<br />Производитель:<br />Стирекс</p>',NULL,0,0,0,0,0,0,0,0,NULL),(162,27,'Ванна акрил ',9995.00,2,'/images/product/162.205x205.jpg',43,5,1,0,0,0,'/images/product/162.jpg',NULL,0,0,'','','Ванна акрил ','','','<p>Общие характеристики<br />Тип отдельно стоящая<br />Материал акрил<br />Количество человек 1<br />Форма прямоугольная<br />Функциональные возможности<br />Дезинфекция нет<br />Озонирование нет<br />Подводная подсветка нет<br />Многоцветная подсветка нет<br />Особенности съемная фронтальная панель<br />Габариты, объем и вес<br />Объем 290 л<br />Размеры (ДхШхВ) 170х80х47 см</p>',NULL,0,0,0,0,0,0,0,0,NULL),(236,44,'棕雕 画框 +金粉',34.00,4,'/images/product/236.205x205.jpg',15,5,1,0,0,0,'/images/product/236.jpg',NULL,24,0,'个','','Brown carved frame','棕雕 画框 +金粉','','',NULL,0,0,0,0,0,0,0,0,NULL),(163,27,'Умывальник  ( Рукомойник )  15лит.      с терморегулятором Россия',1050.00,2,'/images/product/163.205x205.jpg',44,5,0,0,0,0,'/images/product/163.jpg',NULL,0,0,'','','','','','<p>Тип - наливной<br /> Высота, мм - 550 <br /> Ширина, мм - 360 <br /> Длина, мм - 150 <br /> Объем, л - 15 <br /> Вес, кг - 6,5 <br /> Напряжение сети, В - 220 <br /> Частота, Гц - 50 <br /> Потребляемая мощность, кВт – 1,25<br /><br /> <br /><br />Время нагрева 50 град. - за 30-40 мин.</p>\n<p>Электрический водонагреватель \"Весна\" емкостью 15 л идеально подходит для мест, где отсутствует центральное водоснабжение. Водонагреватель предназначен для использования в сельской местности, на дачах и в гаражах.<br /><br />Водонагреватель \"Весна\" имеет привлекательный внешний вид: корпус покрыт полимерным покрытием белого цвета, предотвращающего действие коррозии. Корпус состоит из стальной емкости, куда встроен трубчатый нагреватель из нержавеющей стали, датчик аварийного отключения ТЭНа. На лицевой стороне водонагревателя находится кран для слива воды и ручка терморегулятора для установки необходимой температуры воды. Имеет провод для подключения к однофазной сети с евровилкой.</p>',NULL,0,0,0,0,0,0,0,0,NULL),(164,27,'Водонагреватель накопит. DE LUXE W50V Classic (50л, бак из биостеклоэмали, 1,5кВт)  	',4275.00,2,'/images/product/164.205x205.jpeg',45,5,0,0,0,0,'/images/product/164.jpeg',NULL,0,0,'','Водонагреватель накопит. DE LUXE W50V Classic (50л, бак из биостеклоэмали, 1,5кВт)  	','','','','<p>Тип водонагревателя - накопительный <br />Объем - 30л <br />Минимальное давление воды - 0.5 Бар <br />Максимальное давление воды - 8 Бар <br />Управление - гидравлическое <br /> Регулировка температуры воды <br />Внутреннее покрытие водонагревателя - Эмаль</p>\n<p></p>\n<p>Объём ? <br />30 л <br />Тип водонагревателя ? <br />накопительный <br />Минимальное давление воды <br />0.5 бар <br />Максимальное давление воды <br />8 бар <br />Высота <br />416 мм <br />Ширина <br />430 мм <br />Глубина <br />430 мм <br />Максимальная потребляемая мощность ? <br />1.5 кВт <br />Магниевый анод <br />Да <br />Установка <br />вертикальная/горизонтальная <br />Способ нагрева ? <br />электрический <br />Функция ускоренного нагрева <br />Нет <br />Управление <br />гидравлическое <br />Газ-контроль <br />Нет <br />Автоподжиг <br />Нет <br />Фильтр для воды <br />Нет <br />Кран ? <br />Нет <br />Душевая насадка ? <br />Нет <br />Регулировка температуры воды ? <br />Да <br />Защита от перегрева <br />Нет <br />Термометр <br />Да <br />Дисплей <br />Нет <br />Внутреннее покрытие водонагревателя <br />Эмаль <br />Цвет <br />белый <br />Вес <br />17 к</p>',NULL,0,0,0,0,0,0,0,0,NULL),(165,27,NULL,NULL,NULL,NULL,46,-1,0,0,0,0,NULL,NULL,NULL,0,NULL,NULL,NULL,NULL,NULL,NULL,NULL,0,0,0,0,0,0,0,0,NULL),(166,27,'ЛАЙНРОК \" ЛАЙТ ЭФЕКТ \"   1200 х 600 х 50мм ( 8шт,5 м2 .,0,2м3 ) 2-30плотн.,',430.00,2,'/images/product/166.205x205.jpg',47,5,1,0,0,0,'/images/product/166.jpg',NULL,0,0,'','','','','','<p>Лёгкий базальтовый утеплитель. Применяется в качестве ненагружаемой тепло- и звукоизоляции в конструкциях скатных кровель и мансардных помещений, перегородках и других каркасных конструкций</p>\n<p><br />Размер плиты, мм1 1200 х 600 <br />Плотность, кг/м.куб1 30 <br />Теплопроводность ( &lambda;10 ), Вт/(м*K)1 0,038 <br />Площадь материала в 1 упаковке, м.кв.&nbsp; 5,76</p>',NULL,0,0,0,0,0,0,0,0,NULL),(167,36,'новый товар',0.00,1,NULL,1,5,0,0,0,0,NULL,NULL,0,0,'','','','','','<p>описание</p>',NULL,0,0,0,0,0,0,0,0,NULL),(168,36,'Контакты Мос Аптека',0.00,1,NULL,2,5,0,0,0,0,NULL,NULL,0,0,'','','','','','вапвапавпвввввввввв',NULL,0,0,0,0,0,0,0,0,NULL),(169,28,'First group',0.00,2,NULL,2,5,1,0,0,0,NULL,NULL,0,0,'','First group','','','','<p>fdgdfgfdg</p>',NULL,0,0,0,0,0,0,0,0,NULL),(170,28,'товар',0.00,2,NULL,3,5,1,0,0,0,NULL,NULL,0,0,'','товар','','','','<p>sdfsdfdsfsdf</p>',NULL,0,0,0,0,0,0,0,0,NULL),(171,21,'Товар с описанием',123.00,2,NULL,2,5,0,0,0,0,NULL,NULL,0,0,'','','','','','<p>описание1</p>',NULL,0,0,0,0,0,0,0,0,NULL),(172,28,'reeeeeeeee',0.00,2,NULL,4,5,1,0,0,0,NULL,NULL,0,0,'','reeeeeeeee','','','','<p>gfhgfhfghgfh</p>',NULL,0,0,0,0,0,0,0,0,NULL),(173,37,'灯',20.00,1,'/images/product/173.205x205.jpg',1,2,1,0,0,0,'/images/product/173.jpg',NULL,0,0,'','','','','','',NULL,0,0,0,0,0,0,0,0,NULL),(174,37,NULL,NULL,NULL,NULL,2,-1,0,0,0,0,NULL,NULL,NULL,0,NULL,NULL,NULL,NULL,NULL,NULL,NULL,0,0,0,0,0,0,0,0,NULL),(175,37,NULL,NULL,NULL,NULL,3,-1,0,0,0,0,NULL,NULL,NULL,0,NULL,NULL,NULL,NULL,NULL,NULL,NULL,0,0,0,0,0,0,0,0,NULL),(176,13,NULL,NULL,NULL,NULL,42,-1,0,0,0,0,NULL,NULL,NULL,0,NULL,NULL,NULL,NULL,NULL,NULL,NULL,0,0,0,0,0,0,0,0,NULL),(177,37,NULL,NULL,NULL,NULL,4,-1,0,0,0,0,NULL,NULL,NULL,0,NULL,NULL,NULL,NULL,NULL,NULL,NULL,0,0,0,0,0,0,0,0,NULL),(178,37,'大灯具',965.00,1,'/images/product/178.205x205.jpg',5,5,0,0,0,0,'/images/product/178.jpg',NULL,0,0,'','','','','','猫头鹰 新款 大号',NULL,0,0,0,0,0,0,0,0,NULL),(179,39,NULL,NULL,NULL,'/images/product/179.205x205.jpg',1,-1,0,0,0,0,'/images/product/179.jpg',NULL,NULL,0,NULL,NULL,NULL,NULL,NULL,NULL,NULL,0,0,0,0,0,0,0,0,NULL),(180,39,NULL,NULL,NULL,NULL,2,-1,0,0,0,0,NULL,NULL,NULL,0,NULL,NULL,NULL,NULL,NULL,NULL,NULL,0,0,0,0,0,0,0,0,NULL),(181,39,NULL,NULL,NULL,'/images/product/181.205x205.jpg',3,-1,0,0,0,0,'/images/product/181.jpg',NULL,NULL,0,NULL,NULL,NULL,NULL,NULL,NULL,NULL,0,0,0,0,0,0,0,0,NULL),(182,39,'花',10.00,4,'/images/product/182.205x205.jpg',4,0,0,0,0,0,'/images/product/182.jpg',NULL,0,0,'','','','花','','<p><strong>盆栽。仿真花</strong></p>',NULL,0,0,0,0,0,0,0,0,NULL),(183,39,NULL,NULL,NULL,NULL,5,-1,0,0,0,0,NULL,NULL,NULL,0,NULL,NULL,NULL,NULL,NULL,NULL,NULL,0,0,0,0,0,0,0,0,NULL),(184,39,NULL,NULL,NULL,'/images/product/184.205x205.jpg',6,-1,0,0,0,0,'/images/product/184.jpg',NULL,NULL,0,NULL,NULL,NULL,NULL,NULL,NULL,NULL,0,0,0,0,0,0,0,0,NULL),(185,39,'盆栽',20.00,4,'/images/product/185.205x205.jpg',7,0,0,0,0,0,'/images/product/185.jpg',NULL,10,1,'个','','','盆栽','','<p>仿真，塑料</p>',NULL,0,0,0,0,0,0,0,0,NULL),(186,40,'花',25.00,4,'/images/product/186.205x205.jpg',1,5,0,0,0,0,'/images/product/186.jpg',NULL,0,0,'','','','花','','',NULL,0,0,0,0,0,0,0,0,NULL),(187,28,NULL,NULL,NULL,NULL,5,-1,0,0,0,0,NULL,NULL,NULL,0,NULL,NULL,NULL,NULL,NULL,NULL,NULL,0,0,0,0,0,0,0,0,NULL),(188,28,NULL,NULL,NULL,NULL,6,-1,0,0,0,0,NULL,NULL,NULL,0,NULL,NULL,NULL,NULL,NULL,NULL,NULL,0,0,0,0,0,0,0,0,NULL),(189,41,'dsgfds',0.00,1,'/images/product/189.205x205.jpg',1,5,0,0,0,0,'/images/product/189.jpg',NULL,0,0,'re5','','','dsgfds','','<p>fggfdg</p>',NULL,0,0,0,0,0,0,0,0,NULL),(190,42,NULL,NULL,NULL,NULL,1,-1,0,0,0,0,NULL,NULL,NULL,0,NULL,NULL,NULL,NULL,NULL,NULL,NULL,0,0,0,0,0,0,0,0,NULL),(191,43,'sdfsdf',0.00,1,'/images/product/191.205x205.jpg',1,5,0,0,0,0,'/images/product/191.jpg',NULL,0,0,'','sdfsdf','','','','<p>dfsdf</p>',NULL,0,0,0,0,0,0,0,0,NULL),(192,44,'棕雕花 画框',25.00,4,'/images/product/192.205x205.jpg',1,2,1,0,0,0,'/images/product/192.jpg',NULL,30,0,'个','','Brown carved frame','棕雕花 画框','','',NULL,0,0,0,0,0,0,0,0,NULL),(193,44,'棕雕花 画框',34.00,4,'/images/product/193.205x205.jpg',2,2,1,0,0,0,'/images/product/193.jpg',NULL,24,0,'个','','','棕雕花 画框','','CT-266',NULL,0,0,0,0,0,0,0,0,NULL),(197,44,NULL,NULL,NULL,NULL,6,-1,0,0,0,0,NULL,NULL,NULL,0,NULL,NULL,NULL,NULL,NULL,NULL,NULL,0,0,0,0,0,0,0,0,NULL),(198,44,'手绘框',27.50,4,'/images/product/198.205x205.jpg',7,5,1,0,0,0,'/images/product/198.jpg',NULL,20,0,'个','','Hand-painted frame','手绘框','','',NULL,0,0,0,0,0,0,0,0,NULL),(195,44,'条纹画框',33.50,4,'/images/product/195.205x205.jpg',4,5,1,0,0,0,'/images/product/195.jpg',NULL,20,0,'个','','stripe frame','条纹画框','','CT1806',NULL,0,0,0,0,0,0,0,0,NULL),(196,44,'银边画框',27.00,4,'/images/product/196.205x205.jpg',5,5,1,0,0,0,'/images/product/196.jpg',NULL,24,0,'个','','','银边画框','','',NULL,0,0,0,0,0,0,0,0,NULL),(199,44,'手绘框',45.00,4,'/images/product/199.205x205.jpg',8,5,1,0,0,0,'/images/product/199.jpg',NULL,12,0,'个','','Hand-painted frame','手绘框','','',NULL,0,0,0,0,0,0,0,0,NULL),(200,44,'半圆框',25.00,4,'/images/product/200.205x205.jpg',9,5,1,0,0,0,'/images/product/200.jpg',NULL,30,0,'个','','','半圆框','','',NULL,0,0,0,0,0,0,0,0,NULL),(201,44,'金边 画框',28.50,4,'/images/product/201.205x205.jpg',10,5,1,0,0,0,'/images/product/201.jpg',NULL,24,0,'个','','','金边 画框','','',NULL,0,0,0,0,0,0,0,0,NULL),(202,44,'古三框',40.00,4,'/images/product/202.205x205.jpg',11,5,1,0,0,0,'/images/product/202.jpg',NULL,12,0,'个','','','古三框','','',NULL,0,0,0,0,0,0,0,0,NULL),(203,44,NULL,NULL,NULL,NULL,12,-1,0,0,0,0,NULL,NULL,NULL,0,NULL,NULL,NULL,NULL,NULL,NULL,NULL,0,0,0,0,0,0,0,0,NULL),(204,44,'手绘框',18.50,4,'/images/product/204.205x205.jpg',13,5,1,0,0,0,'/images/product/204.jpg',NULL,30,0,'个','','Hand-painted frame','手绘框','','',NULL,0,0,0,0,0,0,0,0,NULL),(205,45,'43X48',36.00,4,'/images/product/205.205x205.jpg',1,2,1,0,0,0,'/images/product/205.jpg',NULL,20,0,'个','','','43X48','','',NULL,0,0,0,0,0,0,0,0,NULL),(206,44,NULL,NULL,NULL,NULL,14,-1,0,0,0,0,NULL,NULL,NULL,0,NULL,NULL,NULL,NULL,NULL,NULL,NULL,0,0,0,0,0,0,0,0,NULL),(207,45,'41X41',36.00,4,'/images/product/207.205x205.jpg',2,2,0,0,0,0,'/images/product/207.jpg',NULL,20,0,'个','','','41X41','','',NULL,0,0,0,0,0,0,0,0,NULL),(208,45,'冰晶画',78.00,4,'/images/product/208.205x205.jpg',3,0,0,0,0,0,'/images/product/208.jpg',NULL,6,0,'套','','','冰晶画','','',NULL,0,0,0,0,0,0,0,0,NULL),(209,46,'8210-145121',4.50,4,'/images/product/209.205x205.jpg',1,2,1,0,0,0,'/images/product/209.jpg',NULL,144,0,'米','','','8210-145121','','',NULL,0,0,0,0,0,0,0,0,NULL),(210,46,'8210-15622',4.50,4,'/images/product/210.205x205.jpg',2,5,1,0,0,0,'/images/product/210.jpg',NULL,144,0,'米','','','8210-15622','','',NULL,0,0,0,0,0,0,0,0,NULL),(211,46,NULL,NULL,NULL,'/images/product/211.205x205.jpg',3,-1,0,0,0,0,'/images/product/211.jpg',NULL,NULL,0,NULL,NULL,NULL,NULL,NULL,NULL,NULL,0,0,0,0,0,0,0,0,NULL),(212,40,'hua',11.00,4,'/images/product/212.205x205.png',2,5,0,0,0,0,'/images/product/212.png',NULL,0,0,'','','','hua','','',NULL,0,0,0,0,0,0,0,0,NULL),(213,28,'новый товар №74',2304.00,2,NULL,7,5,1,0,0,0,NULL,NULL,0,0,'','новый товар №74','','','','<p>описание</p>',NULL,0,0,0,0,0,0,0,0,NULL),(214,28,'Новый товар №98',9982.00,2,NULL,8,5,1,0,0,0,NULL,NULL,0,0,'','Новый товар №98','','','','<p>правлпдавп</p>',NULL,0,0,0,0,0,0,0,0,NULL),(215,28,'Новый товар №84',2546.00,2,'/images/product/215.205x205.jpg',9,5,1,0,0,0,'/images/product/215.jpg',NULL,0,0,'','Новый товар №84','','','','<p>вапавпавп</p>',NULL,0,0,0,0,0,0,0,0,NULL),(216,49,NULL,NULL,NULL,NULL,1,-1,0,0,0,0,NULL,NULL,NULL,0,NULL,NULL,NULL,NULL,NULL,NULL,NULL,0,0,0,0,0,0,0,0,NULL),(217,49,'手机皮套 手机套 ',4.50,4,'/images/product/217.205x205.jpg',2,0,0,0,0,0,'/images/product/217.jpg',NULL,500,0,'个','CD0005','CD0005','手机皮套 手机套 ','CD0005','<p>彩印手机皮套，带插卡功能，款式时尚。</p>',NULL,0,0,0,0,0,0,0,0,NULL),(218,49,NULL,NULL,NULL,NULL,3,-1,0,0,0,0,NULL,NULL,NULL,0,NULL,NULL,NULL,NULL,NULL,NULL,NULL,0,0,0,0,0,0,0,0,NULL),(219,49,'苹果5背夹电池',35.00,4,'/images/product/219.205x205.jpg',4,5,0,0,0,0,'/images/product/219.jpg',NULL,0,0,'','','','苹果5背夹电池','','十足1800毫安电芯，带支架功能。',NULL,0,0,0,0,0,0,0,0,NULL),(220,50,'27*30梅花扳手04020127',13.60,4,'/images/product/220.205x205.jpg',1,2,0,2,0,0,'/images/product/220.jpg',NULL,240,0,'个','','tap','27*30梅花扳手04020127','','<p>款式新颖</p>',NULL,0,0,0,0,0,0,0,0,NULL),(221,50,'L型镀铬扳手04010110',6.10,4,'/images/product/221.205x205.jpg',2,2,0,0,0,0,'/images/product/221.jpg',NULL,48,0,'个','','','L型镀铬扳手04010110','','',NULL,0,0,0,0,0,0,0,0,NULL),(261,51,'天地盖手提袋',83.00,4,'/images/product/261.205x205.jpg',1,5,1,0,0,0,'/images/product/261.jpg',NULL,12,0,'个','','','天地盖手提袋','','',NULL,0,0,0,0,0,0,0,0,NULL),(262,51,'高档珍珠六件套',300.00,4,'/images/product/262.205x205.jpg',2,5,1,0,0,0,'/images/product/262.jpg',NULL,0,0,'','','','高档珍珠六件套','','',NULL,0,0,0,0,0,0,0,0,NULL),(224,52,NULL,NULL,NULL,NULL,1,-1,0,0,0,0,NULL,NULL,NULL,0,NULL,NULL,NULL,NULL,NULL,NULL,NULL,0,0,0,0,0,0,0,0,NULL),(225,52,'男士真皮皮带',20.00,4,'/images/product/225.205x205.jpg',2,0,1,0,0,0,'/images/product/225.jpg',NULL,600,0,'个','','','男士真皮皮带','','<p>女士皮带</p>',NULL,0,0,0,0,0,0,0,0,NULL),(226,52,'女士皮带',20.00,4,'/images/product/226.205x205.jpg',3,2,1,0,0,0,'/images/product/226.jpg',NULL,0,0,'','','','女士皮带','','<p>糖果色女士皮带</p>',NULL,0,0,0,0,0,0,0,0,NULL),(234,53,NULL,NULL,NULL,NULL,5,-1,0,0,0,0,NULL,NULL,NULL,0,NULL,NULL,NULL,NULL,NULL,NULL,NULL,0,0,0,0,0,0,0,0,NULL),(235,53,'Ladies Solid Color Chiffon Scarf',0.85,1,'/images/product/235.205x205.jpg',6,0,0,0,0,0,'/images/product/235.jpg',NULL,500,0,'个','','Ladies Solid Color Chiffon Scarf','Ladies Solid Color Chiffon Scarf','','',NULL,0,0,0,0,0,0,0,0,NULL),(230,54,'新坦洋天然花果茶',158.00,4,'/images/product/230.205x205.jpg',1,0,0,0,0,0,'/images/product/230.jpg',NULL,50,0,'1盒','','','新坦洋天然花果茶','','<p>有机茶叶</p>',NULL,0,0,0,0,0,0,0,0,NULL),(231,54,'新坦洋黑金茶',68.00,4,'/images/product/231.205x205.jpg',2,5,0,0,0,0,'/images/product/231.jpg',NULL,20,0,'1盒','','','新坦洋黑金茶','','<p>有机红茶</p>',NULL,0,0,0,0,0,0,0,0,NULL),(232,54,'新坦洋坦洋工夫',2600.00,4,'/images/product/232.205x205.jpg',3,0,0,0,0,0,'/images/product/232.jpg',NULL,2,0,'1盒','','','新坦洋坦洋工夫','','<p>回甘持久，福建三大坦洋工夫之首。</p>',NULL,0,0,0,0,0,0,0,0,NULL),(233,53,NULL,NULL,NULL,NULL,4,-1,0,0,0,0,NULL,NULL,NULL,0,NULL,NULL,NULL,NULL,NULL,NULL,NULL,0,0,0,0,0,0,0,0,NULL),(237,44,'棕雕花 画框 +金粉',34.00,4,'/images/product/237.205x205.jpg',16,5,1,0,0,0,'/images/product/237.jpg',NULL,24,0,'个','','Brown carved frame','棕雕花 画框 +金粉','','',NULL,0,0,0,0,0,0,0,0,NULL),(238,44,'银边',25.00,4,'/images/product/238.205x205.jpg',17,5,1,0,0,0,'/images/product/238.jpg',NULL,24,0,'个','','','银边','','',NULL,0,0,0,0,0,0,0,0,NULL),(239,44,'金边',25.00,4,'/images/product/239.205x205.jpg',18,5,1,0,0,0,'/images/product/239.jpg',NULL,24,0,'个','','','金边','','',NULL,0,0,0,0,0,0,0,0,NULL),(240,44,'条纹 画框',32.00,4,'/images/product/240.205x205.jpg',19,5,1,0,0,0,'/images/product/240.jpg',NULL,20,0,'个','','stripe frame','条纹 画框','','',NULL,0,0,0,0,0,0,0,0,NULL),(241,44,'棕雕花 画框 +金粉',34.00,4,'/images/product/241.205x205.jpg',20,5,1,0,0,0,'/images/product/241.jpg',NULL,20,0,'个','','Brown carved frame','棕雕花 画框 +金粉','','',NULL,0,0,0,0,0,0,0,0,NULL),(242,55,'LED灯',18.00,4,'/images/product/242.205x205.jpg',1,5,0,0,0,0,'/images/product/242.jpg',NULL,20,0,'个','','','LED灯','','<p>天花板灯</p>',NULL,0,0,0,0,0,0,0,0,NULL),(243,44,'棕雕花 画框 +金粉',26.00,4,'/images/product/243.205x205.jpg',21,5,1,0,0,0,'/images/product/243.jpg',NULL,30,0,'个','','Brown carved frame','棕雕花 画框 +金粉','','',NULL,0,0,0,0,0,0,0,0,NULL),(244,55,'LED',10.00,4,'/images/product/244.205x205.jpg',2,0,0,0,0,0,'/images/product/244.jpg',NULL,20,0,'个','','','LED','','<p>天花灯</p>',NULL,0,0,0,0,0,0,0,0,NULL),(245,44,'棕雕花 画框 +金粉',34.00,4,'/images/product/245.205x205.jpg',22,5,1,0,0,0,'/images/product/245.jpg',NULL,24,0,'个','','Brown carved frame','棕雕花 画框 +金粉','','',NULL,0,0,0,0,0,0,0,0,NULL),(246,55,'水晶吊灯',490.00,4,'/images/product/246.205x205.jpg',3,2,0,0,0,0,'/images/product/246.jpg',NULL,1,0,'个','','','水晶吊灯','','<p>水晶</p>',NULL,0,0,0,0,0,0,0,0,NULL),(247,55,'LED',5.50,4,NULL,4,2,0,0,0,0,NULL,NULL,0,0,'','','','LED','','',NULL,0,0,0,0,0,0,0,0,NULL),(248,56,'LED多面灯',17.50,4,'/images/product/248.205x205.jpg',1,2,0,0,0,0,'/images/product/248.jpg',NULL,0,0,'','','','LED多面灯','','',NULL,0,0,0,0,0,0,0,0,NULL),(249,56,'LED灯杯',15.00,4,'/images/product/249.205x205.jpg',2,0,0,0,0,0,'/images/product/249.jpg',NULL,0,0,'','','','LED灯杯','','',NULL,0,0,0,0,0,0,0,0,NULL),(250,57,'led灯',150.00,4,'/images/product/250.205x205.jpg',1,2,0,0,0,0,'/images/product/250.jpg',NULL,10,0,'个','','','led灯','','<p>LED灯</p>',NULL,0,0,0,0,0,0,0,0,NULL),(251,57,'led灯',140.00,4,'/images/product/251.205x205.jpg',2,0,0,0,0,0,'/images/product/251.jpg',NULL,20,0,'个','','','led灯','','',NULL,0,0,0,0,0,0,0,0,NULL),(252,58,'树脂豹子',10.00,4,'/images/product/252.205x205.jpg',1,2,1,0,0,0,'/images/product/252.jpg',NULL,240,0,'个','','','树脂豹子','','<p>价格优惠</p>',NULL,0,0,0,0,0,0,0,0,NULL),(253,58,NULL,NULL,NULL,NULL,2,-1,0,0,0,0,NULL,NULL,NULL,0,NULL,NULL,NULL,NULL,NULL,NULL,NULL,0,0,0,0,0,0,0,0,NULL),(254,58,'等离子切割机',10.00,1,'/images/product/254.205x205.jpg',3,5,1,0,0,0,'/images/product/254.jpg',NULL,0,0,'','','','等离子切割机','','',NULL,0,0,0,0,0,0,0,0,NULL),(255,40,'塑料仿真花',11.30,4,'/images/product/255.205x205.jpg',3,5,0,0,0,0,'/images/product/255.jpg',NULL,200,0,'个','','','塑料仿真花','','<p>新款，价格便宜</p>',NULL,0,0,0,0,0,0,0,0,NULL),(256,58,'台灯',25.00,4,'/images/product/256.205x205.jpg',4,2,0,0,0,0,'/images/product/256.jpg',NULL,24,0,'个','','','台灯','','<p>漂亮</p>',NULL,0,0,0,0,0,0,0,0,NULL),(257,39,'台灯',15.00,4,'/images/product/257.205x205.jpg',8,0,0,0,0,0,'/images/product/257.jpg',NULL,120,1,'','','','台灯','','',NULL,0,0,0,0,0,0,0,0,NULL),(258,40,'仿真花',25.00,4,'/images/product/258.205x205.jpg',4,0,0,0,0,0,'/images/product/258.jpg',NULL,200,0,'个','','','仿真花','','<p>漂亮</p>',NULL,0,0,0,0,0,0,0,0,NULL),(259,58,'台灯',25.00,4,'/images/product/259.205x205.jpg',5,2,0,0,0,0,'/images/product/259.jpg',NULL,0,0,'','','','台灯','','',NULL,0,0,0,0,0,0,0,0,NULL),(260,59,NULL,NULL,NULL,NULL,1,-1,0,0,0,0,NULL,NULL,NULL,0,NULL,NULL,NULL,NULL,NULL,NULL,NULL,0,0,0,0,0,0,0,0,NULL),(272,51,'卡拉列娜四件套',155.00,4,'/images/product/272.205x205.jpg',5,5,0,0,0,0,'/images/product/272.jpg',NULL,6,0,'个','','','卡拉列娜四件套','','',NULL,0,0,0,0,0,0,0,0,NULL),(296,62,'HY8368 100%防水透气创口贴',0.50,1,'/images/product/296.205x205.jpg',4,1,1,0,0,0,'/images/product/296.jpg',NULL,288,0,'盒','Группа','100% waterproof plaster；band;bandages','HY8368 100%防水透气创口贴','Banda','<p>HY8368 100%防水透气PU创口贴</p>\r\n<p>材料：100%防水超薄PU+水胶体敷心</p>\r\n<p>规格：72*19mm</p>\r\n<p>包装：8片/盒，288盒/箱，67.5*23*46cm</p>\r\n<p></p>',NULL,0,0,0,0,0,0,0,0,NULL),(297,13,NULL,NULL,NULL,NULL,43,-1,0,0,0,0,NULL,NULL,NULL,0,NULL,NULL,NULL,NULL,NULL,NULL,NULL,0,0,0,0,0,0,0,0,NULL),(298,13,NULL,NULL,NULL,NULL,44,-1,0,0,0,0,NULL,NULL,NULL,0,NULL,NULL,NULL,NULL,NULL,NULL,NULL,0,0,0,0,0,0,0,0,NULL),(299,64,'First aid cartoon washproof bandage,cartoon wound plaster,cartoon bandaid',0.29,1,'/images/product/299.205x205.jpg',1,5,0,0,0,0,'/images/product/299.jpg',NULL,288,0,'','','','First aid cartoon washproof bandage,cartoon wound plaster,cartoon bandaid','','<p>Product details</p>\r\n<p>1,Quick details</p>\r\n<p><strong>Brand name:</strong> Smileplus</p>\r\n<p><strong>Model Number:</strong>HY8153C-1</p>\r\n<p><strong>Place of Origin:</strong>Zhejiang China(mainland)</p>\r\n<p><strong>MOQ:</strong>20000box/boxes</p>\r\n<p><strong>Supply Ability:</strong>2000000piece/pieces per day</p>\r\n<p><strong>Payment Term:</strong>T/T L/C</p>\r\n<p><strong>Package:</strong>20pcs/box 288boxes/ctn Ctn Meas.:67*30.5*54cm</p>\r\n<p><strong>Specification:</strong>76*19mm(3\'\'*3/4\'\')</p>\r\n<p><strong>Material:</strong>PE,PVC</p>\r\n<p><strong>Certificate:</strong>CE,FDA,ISO13485:2003</p>\r\n<p>2,Product show</p>\r\n<p><img /><img />http://ywhongyu.en.alibaba.com/product/60036426383-0/First_aid_cartoon_washproof_bandage_cartoon_wound_plaster_cartoon_bandaid_.html</p>\r\n<p> <img /></p>\r\n<p></p>',NULL,0,0,0,0,0,0,0,0,NULL),(300,65,NULL,NULL,NULL,NULL,1,-1,0,0,0,0,NULL,NULL,NULL,0,NULL,NULL,NULL,NULL,NULL,NULL,NULL,0,0,0,0,0,0,0,0,NULL),(301,65,NULL,NULL,NULL,NULL,2,-1,0,0,0,0,NULL,NULL,NULL,0,NULL,NULL,NULL,NULL,NULL,NULL,NULL,0,0,0,0,0,0,0,0,NULL),(302,65,NULL,NULL,NULL,NULL,3,-1,0,0,0,0,NULL,NULL,NULL,0,NULL,NULL,NULL,NULL,NULL,NULL,NULL,0,0,0,0,0,0,0,0,NULL),(303,65,NULL,NULL,NULL,NULL,4,-1,0,0,0,0,NULL,NULL,NULL,0,NULL,NULL,NULL,NULL,NULL,NULL,NULL,0,0,0,0,0,0,0,0,NULL),(304,50,NULL,NULL,NULL,'/images/product/304.205x205.jpg',12,-1,0,0,0,0,'/images/product/304.jpg',NULL,NULL,0,NULL,NULL,NULL,NULL,NULL,NULL,NULL,0,0,0,0,0,0,0,0,NULL),(305,50,'黄色直角尺06020210-A63',2.90,4,'/images/product/305.205x205.jpg',13,0,0,0,0,0,'/images/product/305.jpg',NULL,0,0,'','','','黄色直角尺06020210-A63','','',NULL,0,0,0,0,0,0,0,0,NULL),(306,50,'车用胎压表06030100',21.00,4,'/images/product/306.205x205.jpg',14,5,0,0,0,0,'/images/product/306.jpg',NULL,0,0,'','','','车用胎压表06030100','','',NULL,0,0,0,0,0,0,0,0,NULL),(307,67,'太阳镜',12.00,4,'/images/product/307.205x205.jpg',1,0,1,0,0,0,'/images/product/307.jpg',NULL,300,0,'个','','','太阳镜','','<p>流行</p>',NULL,0,0,0,0,0,0,0,0,NULL),(308,67,'太阳镜',12.00,4,'/images/product/308.205x205.jpg',2,2,0,0,0,0,'/images/product/308.jpg',NULL,0,0,'','','','太阳镜','','<p>流行</p>',NULL,0,0,0,0,0,0,0,0,NULL),(309,67,'流行太阳镜',12.00,4,'/images/product/309.205x205.jpg',3,0,0,0,0,0,'/images/product/309.jpg',NULL,0,0,'','','','流行太阳镜','','',NULL,0,0,0,0,0,0,0,0,NULL),(310,64,NULL,NULL,NULL,'/images/product/310.205x205.jpg',2,-1,0,0,0,0,'/images/product/310.jpg',NULL,NULL,0,NULL,NULL,NULL,NULL,NULL,NULL,NULL,0,0,0,0,0,0,0,0,NULL),(420,39,NULL,NULL,NULL,NULL,10,-1,0,0,0,0,NULL,NULL,NULL,0,NULL,NULL,NULL,NULL,NULL,NULL,NULL,0,0,0,0,0,0,0,0,NULL),(421,39,NULL,NULL,NULL,NULL,11,-1,0,0,0,0,NULL,NULL,NULL,0,NULL,NULL,NULL,NULL,NULL,NULL,NULL,0,0,0,0,0,0,0,0,NULL),(422,68,NULL,NULL,NULL,NULL,1,-1,0,0,0,0,NULL,NULL,NULL,0,NULL,NULL,NULL,NULL,NULL,NULL,NULL,0,0,0,0,0,0,0,0,NULL),(423,27,'Шпаклевка гипсовая GIFAS UNIVERSAL 25кг',310.00,2,'/images/product/423.205x205.jpg',48,5,1,0,0,0,'/images/product/423.jpg',NULL,0,0,'','','Шпаклевка гипсовая GIFAS UNIVERSAL 25кг','','','<p>ШПАКЛЕВКА ГИПСОВАЯ GIFAS UNIVERSAL Универсальная для любых типов поверхностей Пластичная Безусадочная Толщина слоя от 0,5 до 5 мм за одно нанесение Высокоадгезионная сухая шпаклевочная смесь на высокопрочном гипсовом вяжущем, модифицирована специальными минеральными и химическими добавками, обеспечивающими высокую водоудерживающую способность и легкость приготовления. Для внутренних работ в сухих помещениях с нормальной влажностью. Предназначена для финишного выравнивания поверхностей стен и потолков, заделки трещин и других неглубоких повреждений гипсокартонных листов (ГКЛ) и гипсоволокнистых плит (ГВЛ), заделки стыков и швов между гипсокартонными и гипсоволокнистыми листами с утонённой кромкой с использованием армирующей ленты, монтажа и заделки стыков гипсовых пазогребневых плит. очистить поверхность от грязи, пыли, отслоений и следов краски. Большие неровности устранить, отверстия и углубления предварительно заполнить приготовленным раствором. Обработать основание грунтовкой глубокого проникновения, не допускать запыления загрунтованной поверхности. Температура основания и воздуха в помещении не должна быть не ниже +5 и не выше +30&ordm;С. в емкость с чистой водой комнатной температуры, в пропорции 1 кг смеси на 0,35-0,4 литра воды, постепенно высыпать смесь, постоянно перемешивая вручную или с помощью строительного миксера до получения однородной сметанообразной массы. Выдержать раствор 2-5 минут и снова перемешать. заделка швов ГКЛ и ГВЛ: - полученный раствор нанести металлическим шпателем на стыки листов шириной чуть больше армирующей ленты;</p>',NULL,0,0,0,0,0,0,0,0,NULL),(424,27,'   Шпатлевочная смесь \"Волма - Финиш\" гипсовая, 25кг.',395.00,2,'/images/product/424.205x205.jpg',49,5,1,0,0,0,'/images/product/424.jpg',NULL,0,0,'','','   Шпатлевочная смесь \"Волма - Финиш\" гипсовая, 25кг.','','','<p>&nbsp; &laquo;ВОЛМА-Финиш&raquo; - это шпаклевочная, безусадочная сухая смесь на основе гипса тонкого помола с размером частиц не более 0,1мм, минеральных наполнителей, импортных добавок, обеспечивающих повышенную трещиностойкость и хорошую адгезию. Виды оснований: Бетонные, гипсовые, пено- и газобетонные оштукатуренные поверхности, гипсокартонные и гипсоволокнистые листы, пазогребневые гипсовые плиты. Назначение: для финишной (окончательной) отделки стен и потолков внутри помещений любого назначения с целью получения высококачественной поверхности под покраску, оклейку обоями и других видов декоративной отделки; для тонкого выравнивания новых поверхностей, обработанных смесями &laquo;Волма-Слой&raquo;, &laquo;Волма-Слой МН&raquo;, &laquo;Волма-Шов&raquo;; для подготовки гипсокартонных, гипсоволокнистых листов, пазогребневых гипсовых плит к последующей окраске, оклейке обоями; для подготовки оштукатуренных бетонных, пено- и газобетонных поверхностей к последующей окраске и нанесению декоративных покрытий. Требования к основаниям: Основание должно быть сухим, тщательно очищенным от пыли, грязи, масляных и битумных пятен. Малярные покрытия должны быть удалены. Для предотвращения снижения прочности сцепления шпаклевочной смеси, сильновпитывающее основание необходимо прогрунтовать грунтовкой &laquo;ВОЛМА-Универсал&raquo;. Слабовпитывающие основания необходимо обработать грунтовкой &laquo;ВОЛМА-Контакт&raquo;. Гарантийный срок хранения в фирменной упаковке в сухих помещениях 12 месяцев со дня изготовления. Преимущества: финишная подготовка стен и потолков имеет высокую степень белизны: на основе природного гипса - 82% белизны - позволяет избегать колеровок стен для последующего декорирования; дает при нанесении глянцевую, ровную поверхность, готовую для декорирования не мелется при окончательной обработке экологически чистая: помимо экологических сертификатов, смесь обладает экологическим штампом &ldquo;ECOSTAMP&rdquo;; обладает свойством регулировать микроклимат внутри помещений (дышит). обладает исключительной пластичностью, дающую легкость при шпаклевании безусадочная, быстро сохнет</p>',NULL,0,0,0,0,0,0,0,0,NULL),(265,60,NULL,NULL,NULL,NULL,3,-1,0,0,0,0,NULL,NULL,NULL,0,NULL,NULL,NULL,NULL,NULL,NULL,NULL,0,0,0,0,0,0,0,0,NULL),(278,40,NULL,NULL,NULL,NULL,5,-1,0,0,0,0,NULL,NULL,NULL,0,NULL,NULL,NULL,NULL,NULL,NULL,NULL,0,0,0,0,0,0,0,0,NULL),(279,39,'本子',2.50,4,'/images/product/279.205x205.jpg',9,5,1,0,0,0,'/images/product/279.jpg',NULL,120,1,'个','блокнот','notebook','本子','','',NULL,0,0,0,0,0,0,0,0,NULL),(280,58,'灯',20.00,4,'/images/product/280.205x205.jpg',6,0,1,0,0,0,'/images/product/280.jpg',NULL,24,0,'个','','','灯','','',NULL,0,0,0,0,0,0,0,0,NULL),(281,40,'仿真花',20.00,4,'/images/product/281.205x205.jpg',6,2,1,0,0,0,'/images/product/281.jpg',NULL,500,0,'个','','','仿真花','','<p>花</p>',NULL,0,0,0,0,0,0,0,0,NULL),(282,62,NULL,NULL,NULL,NULL,1,-1,0,0,0,0,NULL,NULL,NULL,0,NULL,NULL,NULL,NULL,NULL,NULL,NULL,0,0,0,0,0,0,0,0,NULL),(283,62,'HY1896急救包',5.00,1,'/images/product/283.205x205.jpg',2,1,1,0,0,0,'/images/product/283.jpg',NULL,144,0,'套','Аптечка первой помощи','First-aid kit','HY1896急救包','Kit di pronto soccorso','<p>HY1896 急救包，</p>\r\n<p>急救箱急救包用途越是在关键的时刻越能体现出来，家庭生活中的大小事故，比如做饭切到手、下楼崴了脚等，都需要一些应急的药物和工具。在很多国家，急救箱都被用作家庭必需品。急救箱是你最紧急情况下的救护小助手，并不是在日常情况下使用的箱子，请不要随意拿走箱体中的药品，紧急时刻取用后及时归还。防治一切安全事故的发生。在美国红十字协会网站上，就向大家介绍了很多不同类型的急救包。比如便携急救箱、家用急救箱、地震急救箱等。</p>\r\n<p>急救药箱24小时开放，不配锁，方便紧急时刻取用，当遇到紧急情况时，员工可以使用急救箱中的急救物品，取走药品时请自觉登记所取药品的名称、数量，佳康时代医疗器械急救箱为你服务，时时刻刻做你的守护神。这些急救箱里，不仅有用于家庭日常和应急用的药品，还有一些用于大灾害后提供帮助、食物、饮用水和简单生活的必需品。</p>',NULL,0,0,0,0,0,0,0,0,NULL),(284,50,'6“活动扳手04020306-204',6.50,4,'/images/product/284.205x205.jpg',4,5,0,0,0,0,'/images/product/284.jpg',NULL,60,0,'','','','6“活动扳手04020306-204','','',NULL,0,0,0,0,0,0,0,0,NULL),(285,50,'发黑活动扳手04020308b',15.20,4,'/images/product/285.205x205.jpg',5,5,0,0,0,0,'/images/product/285.jpg',NULL,60,0,'','','','发黑活动扳手04020308b','','',NULL,0,0,0,0,0,0,0,0,NULL),(291,50,'卷尺06010275',11.60,4,'/images/product/291.205x205.jpg',8,5,0,0,0,0,'/images/product/291.jpg',NULL,120,0,'','','','卷尺06010275','','',NULL,0,0,0,0,0,0,0,0,NULL),(289,50,'卷尺06010110',11.20,4,'/images/product/289.205x205.jpg',7,5,0,0,0,0,'/images/product/289.jpg',NULL,0,0,'','','','卷尺06010110','','',NULL,0,0,0,0,0,0,0,0,NULL),(290,60,'G390携手一生',0.00,1,'/images/product/290.205x205.jpg',8,5,0,0,0,0,'/images/product/290.jpg',NULL,0,0,'','','','G390携手一生','','',NULL,0,0,0,0,0,0,0,0,NULL),(292,50,NULL,NULL,NULL,NULL,9,-1,0,0,0,0,NULL,NULL,NULL,0,NULL,NULL,NULL,NULL,NULL,NULL,NULL,0,0,0,0,0,0,0,0,NULL),(293,50,'卷尺06010301-A54',10.00,4,'/images/product/293.205x205.jpg',10,5,0,0,0,0,'/images/product/293.jpg',NULL,0,0,'','','','卷尺06010301-A54','','',NULL,0,0,0,0,0,0,0,0,NULL),(294,50,'90°角尺06020110',3.30,4,'/images/product/294.205x205.jpg',11,5,0,0,0,0,'/images/product/294.jpg',NULL,0,0,'','','','90°角尺06020110','','',NULL,0,0,0,0,0,0,0,0,NULL),(269,60,'GX6006',0.00,1,'/images/product/269.205x205.jpg',7,5,0,0,0,0,'/images/product/269.jpg',NULL,30,0,'PCS','рисование  по номерам','Painting By Numbers','GX6006','','<p>Packaging &amp; DeliveryPackaging Detail:each pcs/shriking polybag/ color box, box size,:41*51*2.5cm 40*50cm, 30pcs/ctn, ctn size 75*52*43cm, ctn weight 25kg 20fts container - 5000pcs, 40fts - 11000pcsDelivery Detail:</p>\r\n<p></p>\r\n<p>depend on your number</p>\r\n<p></p>\r\n<p></p>\r\n<p></p>\r\n<p>Specifications</p>\r\n<p></p>\r\n<p>2014 Hot selling(40*50)diy painting by number&nbsp;</p>\r\n<p>1.safe and non-taxic;&nbsp;</p>\r\n<p>2.solid wood,painting brushes,Hook,sarew;&nbsp;</p>\r\n<p>3.high qualit;</p>\r\n<p></p>\r\n<p></p>\r\n<p></p>\r\n<p>2014 Hot selling(40*50)diy painting by number</p>\r\n<p></p>\r\n<p>1.Factory &nbsp;direct;</p>\r\n<p></p>\r\n<p>2.quality assarance;</p>\r\n<p></p>\r\n<p>3.good price;</p>\r\n<p></p>\r\n<p>4.through the SGS;</p>\r\n<p></p>\r\n<p>5.the most professiond;</p>\r\n<p></p>\r\n<p>&nbsp; &nbsp; &nbsp; &nbsp; &nbsp; &nbsp; &nbsp;&nbsp;</p>\r\n<p></p>\r\n<p>painting by yourself or with others</p>\r\n<p>different style painting for choosing</p>\r\n<p>environmental oil to pain</p>\r\n<p></p>\r\n<p>Paint by number,paint yourself with lovers,friends and family ,enjoy the fun painting process,everyone is artist .</p>\r\n<p></p>\r\n<p>&nbsp;</p>\r\n<p></p>\r\n<p>&nbsp;</p>\r\n<p></p>\r\n<p>&nbsp;</p>\r\n<p></p>\r\n<p>&nbsp;</p>\r\n<p></p>\r\n<p>We provided :</p>\r\n<p></p>\r\n<p>&nbsp;</p>\r\n<p></p>\r\n<p>&nbsp;</p>\r\n<p></p>\r\n<p>&nbsp;</p>\r\n<p></p>\r\n<p>1. Sizes:Different sizes are available. Customized dimensions welocmed.</p>\r\n<p></p>\r\n<p>&nbsp;</p>\r\n<p></p>\r\n<p>&nbsp;</p>\r\n<p></p>\r\n<p>&nbsp;</p>\r\n<p></p>\r\n<p>2. Material :Environmental acrylic Oil materail,, Paint Brush,linen Canvas with Stretcher .</p>\r\n<p></p>\r\n<p>&nbsp;</p>\r\n<p></p>\r\n<p>&nbsp;</p>\r\n<p></p>\r\n<p>&nbsp;</p>\r\n<p></p>\r\n<p>3. Frame :With or Without Frame both are acceptable.</p>\r\n<p></p>\r\n<p>&nbsp;</p>\r\n<p></p>\r\n<p>&nbsp;</p>\r\n<p></p>\r\n<p>&nbsp;</p>\r\n<p></p>\r\n<p>4. Packing :a) Wrap- shrink : oil ink + paint brush + canvas with stretched wood &nbsp;then Paper+ export carton; &nbsp;b) customized packing way is welcome.</p>\r\n<p></p>\r\n<p>&nbsp;</p>\r\n<p></p>\r\n<p>&nbsp;</p>\r\n<p></p>\r\n<p>&nbsp;</p>\r\n<p></p>\r\n<p>5.OEM&amp;ODM : Customized color label or Logo is available . We have more designs and subjects are ready for you &nbsp;to choose, and also can makeoil painting from your photo or designs</p>\r\n<p></p>\r\n<p>&nbsp;</p>\r\n<p></p>\r\n<p>&nbsp;</p>\r\n<p></p>\r\n<p>&nbsp;</p>\r\n<p></p>\r\n<p>6.Advantage :Competitive wholesale prices + professional trading services ,no MOQ desired ,supper quality controlling . fast delivery.</p>\r\n<p></p>\r\n<p>&nbsp;</p>\r\n<p></p>\r\n<p>&nbsp;</p>\r\n<p></p>\r\n<p>&nbsp;</p>\r\n<p></p>\r\n<p>7.Payment: Paypal, West Union, T/T or L/C acceptable.</p>\r\n<p></p>\r\n<p>&nbsp;</p>\r\n<p></p>\r\n<p>&nbsp;</p>\r\n<p></p>\r\n<p>&nbsp;</p>\r\n<p></p>\r\n<p>8.Delivery : Express, air ,EMS or Sea freight all is OK .</p>\r\n<p></p>\r\n<p>&nbsp;</p>\r\n<p></p>\r\n<p>&nbsp;</p>\r\n<p></p>\r\n<p>&nbsp;</p>\r\n<p></p>\r\n<p>9.Stocked ready all the time ,make you have widely choice from all of stock available</p>\r\n<p></p>\r\n<p></p>\r\n<p></p>',NULL,0,0,0,0,0,0,0,0,NULL),(270,51,'高档黄礼盒五件套',280.00,4,'/images/product/270.205x205.jpg',3,5,0,0,0,0,'/images/product/270.jpg',NULL,4,0,'个','','','高档黄礼盒五件套','','',NULL,0,0,0,0,0,0,0,0,NULL),(271,51,'高档蓝礼盒五件套',265.00,4,'/images/product/271.205x205.jpg',4,5,1,0,0,0,'/images/product/271.jpg',NULL,4,0,'个','','','高档蓝礼盒五件套','','',NULL,0,0,0,0,0,0,0,0,NULL),(273,44,NULL,NULL,NULL,NULL,23,-1,0,0,0,0,NULL,NULL,NULL,0,NULL,NULL,NULL,NULL,NULL,NULL,NULL,0,0,0,0,0,0,0,0,NULL),(274,44,'棕雕花 画框+金粉',34.00,4,'/images/product/274.205x205.jpg',24,5,1,0,0,0,'/images/product/274.jpg',NULL,20,0,'个','','Brown carved frame','棕雕花 画框+金粉','','<p>YX-8971</p>',NULL,0,0,0,0,0,0,0,0,NULL),(275,44,'棕雕花画框+金粉',34.00,4,'/images/product/275.205x205.jpg',25,5,1,0,0,0,'/images/product/275.jpg',NULL,20,0,'个','','Brown carved frame','棕雕花画框+金粉','','',NULL,0,0,0,0,0,0,0,0,NULL),(276,50,'平头内六角扳手01010104',5.20,4,'/images/product/276.205x205.jpg',3,0,0,0,0,0,'/images/product/276.jpg',NULL,60,0,'套','','wrench','平头内六角扳手01010104','','',NULL,0,0,0,0,0,0,0,0,NULL),(315,69,'',0.00,4,'/images/product/315.205x205.jpg',1,5,1,0,0,0,'/images/product/315.jpg',NULL,0,0,'','','','','','<p>we are a factory which produce the security doors in China, we always export the doors to Russian country. We can garantee the quality of the doors and we will offer the most competitive price for you. We have a lot of style for your choice. I am here waiting for you all!</p>',NULL,0,0,0,0,0,0,0,0,NULL),(312,64,'Plastic Twist flower cotton buds Box of 100',0.17,1,'/images/product/312.205x205.jpg',3,5,0,0,0,0,'/images/product/312.jpg',NULL,120,0,'pcs','Пластик крутить цветы соскобов, 100 единиц заряд','Plastic Twist flower cotton buds Box of 100','Plastic Twist flower cotton buds Box of 100','','<p><strong>Brand name:</strong>Smileplus</p>\r\n<p><strong>Model number:</strong>HY6401</p>\r\n<p><strong>Place of Origin:</strong>Zhejiang China(mainland)</p>\r\n<p><strong>FOB Price:</strong>$0.169/box FOB Ningbo</p>\r\n<p><strong>Weight:</strong>13g/100pcs</p>\r\n<p><strong>Length:</strong>7.3cm(about 3\'\')</p>\r\n<p><strong>Certificates:</strong>CE,FDA,ISO13485:2003</p>\r\n<p><strong>Packaging:</strong>100pcs/box</p>\r\n<p>--------------------------------------------------------------------------------</p>\r\n<p></p>\r\n<p>Eric Zhou<br />ZHEJIANG Hongyu Medical Commodity Co.,LTD<strong><br /></strong>ADD:NO.668 Chanhua Road,Yi\'Nan industrial Area,Yiwu City,Zhejiang Province,China (Turn right at the end of Chaoyang East Road) Zip Code：322002<br />Tel: 0086-579-83822530  0086-15805669913   Fax:0086-579-85582308  Skype: z1721160204          MSN: eric2045@outlook.com<br />Email: hy@cnhongyu.cn          Website:www.cnhongyu.cn</p>',NULL,0,0,0,0,0,0,0,0,NULL),(313,50,'19\"多功能工具箱02010117',49.00,4,'/images/product/313.205x205.jpg',15,5,0,0,0,0,'/images/product/313.jpg',NULL,0,0,'个','','','19\"多功能工具箱02010117','','',NULL,0,0,0,0,0,0,0,0,NULL),(332,64,NULL,NULL,NULL,NULL,13,-1,0,0,0,0,NULL,NULL,NULL,0,NULL,NULL,NULL,NULL,NULL,NULL,NULL,0,0,0,0,0,0,0,0,NULL),(314,64,'Colorful plastic cotton buds in PP bag of 100',0.10,1,'/images/product/314.205x205.jpg',4,5,1,0,0,0,'/images/product/314.jpg',NULL,480,0,'box','','','Colorful plastic cotton buds in PP bag of 100','','<p><strong>Brand name:</strong>Smileplus</p>\r\n<p><strong>Place of Origin:</strong>Zhejiang China(mainland)</p>\r\n<p><strong>FOB Price:</strong>$0.1/bag FOB Ningbo</p>\r\n<p><strong>MOQ:</strong>30000bags</p>\r\n<p><strong>material:</strong>plastic cotton buds</p>\r\n<p><strong>Certificate:</strong>CE,FDA,ISO13485:2003</p>\r\n<p><strong>Packaging:</strong>100bags/box 480boxes/ctn Ctn Meas.:57.5*33*40.5cm(23\'\'*13\'\'*16\'\')</p>\r\n<p><strong>Weight:</strong>21mg/piece</p>\r\n<p>-----------------------------------------------------------------------</p>\r\n<p></p>\r\n<p>Eric Zhou<br />ZHEJIANG Hongyu Medical Commodity Co.,LTD<strong><br /></strong>ADD:NO.668 Chanhua Road,Yi\'Nan industrial Area,Yiwu City,Zhejiang Province,China (Turn right at the end of Chaoyang East Road) Zip Code：322002<br />Tel: 0086-579-83822530   0086-15805669913 Fax:0086-579-85582308  Skype: z1721160204          MSN: eric2045@outlook.com<br />Email: hy@cnhongyu.cn          Website:www.cnhongyu.cn</p>',NULL,0,0,0,0,0,0,0,0,NULL),(329,50,'10寸美式航空左剪05010110',8.80,4,'/images/product/329.205x205.jpg',18,5,0,0,0,0,'/images/product/329.jpg',NULL,0,0,'','','','10寸美式航空左剪05010110','','',NULL,0,0,0,0,0,0,0,0,NULL),(316,50,NULL,NULL,NULL,NULL,16,-1,0,0,0,0,NULL,NULL,NULL,0,NULL,NULL,NULL,NULL,NULL,NULL,NULL,0,0,0,0,0,0,0,0,NULL),(317,50,'车载便携手提工具箱02010213',53.20,4,'/images/product/317.205x205.jpg',17,5,0,0,0,0,'/images/product/317.jpg',NULL,0,0,'','','','车载便携手提工具箱02010213','','good',NULL,0,0,0,0,0,0,0,0,NULL),(318,62,'G1001U I.V. Cannula Dressing留置针贴',4.00,1,'/images/product/318.205x205.jpg',5,5,1,0,0,0,'/images/product/318.jpg',NULL,100,0,'盒','Внутривенный катетер отделочные','G1001U I.V. Cannula Dressing','G1001U I.V. Cannula Dressing留置针贴','Cannula I.V. medicazione','<p>G1001U I.V. Cannula Dressing</p>\r\n<p>For fixing I.V., especially for infants and premature babies, and for fixing butterfly and drug kettle catheter</p>\r\n<p>G1001U留置针贴</p>\r\n<p>适用于：静脉注射，婴儿、早产儿专用，蝶翼型货带药壶留置针</p>\r\n<p>规格：1-3/4\"*1-3/4\"(4.4*4.4cm)</p>\r\n<p>包装：单片独立包装，40片/盒，100盒/箱</p>',NULL,0,0,0,0,0,0,0,0,NULL),(319,62,'G1001F I.V.Cannula Dressing 留置针贴',4.00,1,'/images/product/319.205x205.jpg',6,1,1,0,0,0,'/images/product/319.jpg',NULL,100,0,'盒','Внутривенный катетер отделочные','G1001F I.V.Cannula Dressing ','G1001F I.V.Cannula Dressing 留置针贴','Cannula I.V. medicazione','<p>G1001F I.V. Cannula Dressing</p>\r\n<p>For fixing I.V., especially for infants and premature babies, while there\'s some liquid</p>\r\n<p>G1001F留置针贴</p>\r\n<p>适用于：静脉注射，婴儿、早产儿专用，针孔有少量渗液</p>\r\n<p>规格：1-3/4\"*1-3/4\"(4.4*4.4cm)</p>\r\n<p>包装：单片独立包装，40片/盒，100盒/箱</p>',NULL,0,0,0,0,0,0,0,0,NULL),(320,62,'G1002U  I.V. Cannula Dressing留置针贴',4.00,1,'/images/product/320.205x205.jpg',7,1,1,0,0,0,'/images/product/320.jpg',NULL,50,0,'盒','Внутривенный катетер отделочные','I.V. Cannula Dressing','G1002U  I.V. Cannula Dressing留置针贴','Cannula I.V. medicazione','<p>G1002U I.V. Cannula Dressing</p>\r\n<p>For fixing child PICC(basic)</p>\r\n<p>G1002U留置针贴</p>\r\n<p>适用于：儿童外周静脉导管（基本型）</p>\r\n<p>规格：2-3/8\"*2-3/8\"(6*6cm)</p>\r\n<p>包装：单片独立包装，40片/盒，50盒/箱</p>',NULL,0,0,0,0,0,0,0,0,NULL),(321,64,'Water-resistant skin PE dressing strip,3\'\'x40\'\',Box of 1 ',0.21,1,'/images/product/321.205x205.jpg',5,5,1,0,0,0,'/images/product/321.jpg',NULL,288,0,'盒','Водостойкая кожа PE Туалетная газа, 3\'\' x 40\'\', поле 1','Water-resistant skin PE dressing strip,3\'\'x40\'\',Box of 1','Water-resistant skin PE dressing strip,3\'\'x40\'\',Box of 1 ','Pelle resistente all\'acqua PE medicazione striscia, 3 \' x 40 \', Box 1','<p><strong>Brand name:</strong>Smileplus</p>\r\n<p><strong>Place of Origin:</strong>Zhejiang China(mainland)</p>\r\n<p><strong>FOB Price:</strong>$0.21/box FOB Ningbo </p>\r\n<p><strong>Port:</strong>Ningbo or Shanghai</p>\r\n<p><strong>MOQ:</strong>20000boxes/box</p>\r\n<p><strong>Specification:</strong>6cm*1m(3\'\'*40\'\')</p>\r\n<p><strong>Packaging:</strong>1pcs/box 288boxes/ctn Ctn Meas.:67.5*23*46cm(27\'\'*9\'\'*18\'\')</p>\r\n<p><strong>material:</strong>Skin PE</p>\r\n<p><strong>Features:</strong>Water-resisitant,breathable,cut as needed,extra large size.</p>\r\n<p>--------------------------------------------------------------------------------</p>\r\n<p><strong>Eric Zhou</strong></p>\r\n<p>ZHEJIANG Hongyu Medical Commodity Co.,LTD<strong><br /></strong>ADD:NO.668 Chanhua Road,Yi\'Nan industrial Area,Yiwu City,Zhejiang Province,China (Turn right at the end of Chaoyang East Road) Zip Code：322002<br />Tel: 0086-579-83822530   0086-15805669913 Fax:0086-579-85582308  Skype: z1721160204          MSN: eric2045@outlook.com<br />Email: hy@cnhongyu.cn          Website:www.cnhongyu.cn</p>',NULL,0,0,0,0,0,0,0,0,NULL),(322,64,NULL,NULL,NULL,NULL,6,-1,0,0,0,0,NULL,NULL,NULL,0,NULL,NULL,NULL,NULL,NULL,NULL,NULL,0,0,0,0,0,0,0,0,NULL),(323,64,NULL,NULL,NULL,NULL,7,-1,0,0,0,0,NULL,NULL,NULL,0,NULL,NULL,NULL,NULL,NULL,NULL,NULL,0,0,0,0,0,0,0,0,NULL),(324,64,NULL,NULL,NULL,NULL,8,-1,0,0,0,0,NULL,NULL,NULL,0,NULL,NULL,NULL,NULL,NULL,NULL,NULL,0,0,0,0,0,0,0,0,NULL),(325,64,NULL,NULL,NULL,NULL,9,-1,0,0,0,0,NULL,NULL,NULL,0,NULL,NULL,NULL,NULL,NULL,NULL,NULL,0,0,0,0,0,0,0,0,NULL),(326,64,NULL,NULL,NULL,NULL,10,-1,0,0,0,0,NULL,NULL,NULL,0,NULL,NULL,NULL,NULL,NULL,NULL,NULL,0,0,0,0,0,0,0,0,NULL),(327,13,NULL,NULL,NULL,NULL,45,-1,0,0,0,0,NULL,NULL,NULL,0,NULL,NULL,NULL,NULL,NULL,NULL,NULL,0,0,0,0,0,0,0,0,NULL),(328,40,'',26.00,4,'/images/product/328.205x205.jpg',7,5,1,0,0,0,'/images/product/328.jpg',NULL,0,0,'','','','','','',NULL,0,0,0,0,0,0,0,0,NULL),(330,64,NULL,NULL,NULL,NULL,11,-1,0,0,0,0,NULL,NULL,NULL,0,NULL,NULL,NULL,NULL,NULL,NULL,NULL,0,0,0,0,0,0,0,0,NULL),(331,64,NULL,NULL,NULL,NULL,12,-1,0,0,0,0,NULL,NULL,NULL,0,NULL,NULL,NULL,NULL,NULL,NULL,NULL,0,0,0,0,0,0,0,0,NULL),(333,50,NULL,NULL,NULL,NULL,19,-1,0,0,0,0,NULL,NULL,NULL,0,NULL,NULL,NULL,NULL,NULL,NULL,NULL,0,0,0,0,0,0,0,0,NULL),(334,50,'8\"美式铁皮剪05020108',10.40,4,'/images/product/334.205x205.jpg',20,5,0,0,0,0,'/images/product/334.jpg',NULL,0,0,'','','','8\"美式铁皮剪05020108','','',NULL,0,0,0,0,0,0,0,0,NULL),(335,50,NULL,NULL,NULL,NULL,21,-1,0,0,0,0,NULL,NULL,NULL,0,NULL,NULL,NULL,NULL,NULL,NULL,NULL,0,0,0,0,0,0,0,0,NULL),(336,50,'7\"园林剪05030107',11.00,4,'/images/product/336.205x205.jpg',22,5,0,0,0,0,'/images/product/336.jpg',NULL,0,0,'','','','7\"园林剪05030107','','',NULL,0,0,0,0,0,0,0,0,NULL),(337,50,'8\"园林剪05030208',12.00,4,'/images/product/337.205x205.jpg',23,5,0,0,0,0,'/images/product/337.jpg',NULL,0,0,'','','','8\"园林剪05030208','','',NULL,0,0,0,0,0,0,0,0,NULL),(338,13,'Ежик керамический',250.00,2,'/images/product/338.205x205.jpg',46,5,1,0,0,0,'/images/product/338.jpg',NULL,36,0,'шт.','Ежик керамический','','','','<p>Ежик керамика грубая, размер 20 сантиметров</p>',NULL,0,0,0,0,0,0,0,0,NULL),(340,13,NULL,NULL,NULL,NULL,47,-1,0,0,0,0,NULL,NULL,NULL,0,NULL,NULL,NULL,NULL,NULL,NULL,NULL,0,0,0,0,0,0,0,0,NULL),(341,13,NULL,NULL,NULL,NULL,48,-1,0,0,0,0,NULL,NULL,NULL,0,NULL,NULL,NULL,NULL,NULL,NULL,NULL,0,0,0,0,0,0,0,0,NULL),(342,65,'美丽的郁金香',15.00,1,'/images/product/342.205x205.jpg',5,0,0,0,0,0,'/images/product/342.jpg',NULL,20,0,'个','','flower','美丽的郁金香','','<p>beautiful</p>',NULL,0,0,0,0,0,0,0,0,NULL),(343,69,NULL,NULL,NULL,NULL,2,-1,0,0,0,0,NULL,NULL,NULL,0,NULL,NULL,NULL,NULL,NULL,NULL,NULL,0,0,0,0,0,0,0,0,NULL),(344,69,NULL,NULL,NULL,NULL,3,-1,0,0,0,0,NULL,NULL,NULL,0,NULL,NULL,NULL,NULL,NULL,NULL,NULL,0,0,0,0,0,0,0,0,NULL),(345,69,NULL,NULL,NULL,NULL,4,-1,0,0,0,0,NULL,NULL,NULL,0,NULL,NULL,NULL,NULL,NULL,NULL,NULL,0,0,0,0,0,0,0,0,NULL),(346,69,'TXS-780',0.00,4,'/images/product/346.205x205.jpg',5,5,0,0,0,0,'/images/product/346.jpg',NULL,0,0,'','','','TXS-780','','进户门 防盗门 铁质 ',NULL,0,0,0,0,0,0,0,0,NULL),(347,69,'TXS-777',0.00,4,'/images/product/347.205x205.jpg',6,5,0,0,0,0,'/images/product/347.jpg',NULL,0,0,'','','','TXS-777','','',NULL,0,0,0,0,0,0,0,0,NULL),(348,72,NULL,NULL,NULL,NULL,1,-1,0,0,0,0,NULL,NULL,NULL,0,NULL,NULL,NULL,NULL,NULL,NULL,NULL,0,0,0,0,0,0,0,0,NULL),(349,73,'комплект выживания землетрясения Утверждено CE, FDA, ISO',9.30,1,'/images/product/349.205x205.jpg',1,0,0,0,0,0,'/images/product/349.jpg',NULL,20,0,'шт','комплект выживания землетрясения Утверждено CE, FDA, ISO','earthquake survival kit Approved CE,FDA,ISO ','комплект выживания землетрясения Утверждено CE, FDA, ISO','','<p></p>\r\n<p>Краткие сведения <br />Свойства: Медицинский Клей и шовные <br />&nbsp; Тип материала: Медицинский клей <br />Фирменное наименование: Smileplus <br />&nbsp; Номер модели: HY2949 <br />Место происхождения: Чжэцзян, Китай (материк) <br />название товара: землетрясение выживание комплект Размер: 21 * 18,5 * 10,5 см Применение: Аварийный Использование: для путешествий, дома, офиса цвета: красный пакет: 20sets / CTN.  Технические характеристики <br />1.First аптечка для путешествия все продукты <br />2.Have CE и FDA сертифицирована <br />3.Various ЦВЕТА ВЫБРАТЬ <br />4.Low &amp; OEM</p>',NULL,0,0,0,0,0,0,0,0,NULL),(350,14,NULL,NULL,NULL,NULL,2,-1,0,0,0,0,NULL,NULL,NULL,0,NULL,NULL,NULL,NULL,NULL,NULL,NULL,0,0,0,0,0,0,0,0,NULL),(351,73,'Hot sale emergency survival first aid kit bag HY2011 CE& FDA factory ',5.65,1,'/images/product/351.205x205.jpg',2,5,0,0,0,0,'/images/product/351.jpg',NULL,12,0,'шт','Горячая аварийного выживание продажа аптечка мешок HY2011 CE & FDA завод','Hot sale emergency survival first aid kit bag HY2011 CE& FDA factory ','Hot sale emergency survival first aid kit bag HY2011 CE& FDA factory ','','<p></p>\r\n<p>Фирменное наименование: Аптечка <br />&nbsp; Номер модели: HY2011 <br />&nbsp; Место происхождения: Чжэцзян, Китай (материк) <br />Применение: Универсальный комплект <br />Сортировать: Авто / Travel Kit <br />размер: 30sets / CTN CTN: 61.5 * 55.5 * 62см мешок: 1680D материал мешок.Упаковка &amp; Доставка <br />Упаковка Подробности: Упаковка: кор Место измерения: 61,5 * 55,5 * 62см Наборы / кор: 12 GW / NW: 12,8 / 12,0 Kgs <br />Деталь поставки: 30 дней </p>',NULL,0,0,0,0,0,0,0,0,NULL),(352,16,NULL,NULL,NULL,NULL,7,-1,0,0,0,0,NULL,NULL,NULL,0,NULL,NULL,NULL,NULL,NULL,NULL,NULL,0,0,0,0,0,0,0,0,NULL),(353,16,NULL,NULL,NULL,'/images/product/353.205x205.jpg',8,-1,0,0,0,0,'/images/product/353.jpg',NULL,NULL,0,NULL,NULL,NULL,NULL,NULL,NULL,NULL,0,0,0,0,0,0,0,0,NULL),(354,16,NULL,NULL,NULL,'/images/product/354.205x205.jpg',9,-1,0,0,0,0,'/images/product/354.jpg',NULL,NULL,0,NULL,NULL,NULL,NULL,NULL,NULL,NULL,0,0,0,0,0,0,0,0,NULL),(355,16,NULL,NULL,NULL,NULL,10,-1,0,0,0,0,NULL,NULL,NULL,0,NULL,NULL,NULL,NULL,NULL,NULL,NULL,0,0,0,0,0,0,0,0,NULL),(356,16,NULL,NULL,NULL,NULL,11,-1,0,0,0,0,NULL,NULL,NULL,0,NULL,NULL,NULL,NULL,NULL,NULL,NULL,0,0,0,0,0,0,0,0,NULL),(357,16,'Hello Kittу Hello Kitty ::: Мягкая игрушка Китти-22см',11.50,4,'/images/product/357.205x205.jpg',12,5,1,0,0,0,'/images/product/357.jpg',NULL,300,1,'штук','Мягкая игрушка Китти-22см','Hello Kittу Hello Kitty-22см ','Hello Kittу Hello Kitty ::: Мягкая игрушка Китти-22см','','',NULL,0,0,0,0,0,0,0,0,NULL),(361,16,'жираф-16см',4.50,4,'/images/product/361.205x205.jpg',16,5,0,0,0,0,'/images/product/361.jpg',NULL,500,0,'штук','жираф','','жираф-16см','','',NULL,0,0,0,0,0,0,0,0,NULL),(362,16,NULL,NULL,NULL,NULL,17,-1,0,0,0,0,NULL,NULL,NULL,0,NULL,NULL,NULL,NULL,NULL,NULL,NULL,0,0,0,0,0,0,0,0,NULL),(363,16,'Мягкая игрушка  \"Овечка-20cm',17.00,4,'/images/product/363.205x205.jpg',18,5,1,0,0,0,'/images/product/363.jpg',NULL,800,1,'штук','Мягкая игрушка','','Мягкая игрушка  \"Овечка-20cm','','',NULL,0,0,0,0,0,0,0,0,NULL),(364,13,NULL,NULL,NULL,NULL,49,-1,0,0,0,0,NULL,NULL,NULL,0,NULL,NULL,NULL,NULL,NULL,NULL,NULL,0,0,0,0,0,0,0,0,NULL),(365,50,'8\"园林剪05030308',25.70,4,'/images/product/365.205x205.jpg',24,5,0,0,0,0,'/images/product/365.jpg',NULL,0,0,'','','','8\"园林剪05030308','','',NULL,0,0,0,0,0,0,0,0,NULL),(366,50,'可伸缩花卉剪 ',24.00,4,'/images/product/366.205x205.jpg',25,5,0,0,0,0,'/images/product/366.jpg',NULL,0,0,'','','','可伸缩花卉剪 ','','',NULL,0,0,0,0,0,0,0,0,NULL),(367,50,'园林剪05030508',22.30,4,'/images/product/367.205x205.jpg',26,5,0,0,0,0,'/images/product/367.jpg',NULL,0,0,'','','','园林剪05030508','','',NULL,0,0,0,0,0,0,0,0,NULL),(368,50,NULL,NULL,NULL,NULL,27,-1,0,0,0,0,NULL,NULL,NULL,0,NULL,NULL,NULL,NULL,NULL,NULL,NULL,0,0,0,0,0,0,0,0,NULL),(369,50,'园林剪05030608',25.00,4,'/images/product/369.205x205.jpg',28,5,0,0,0,0,'/images/product/369.jpg',NULL,0,0,'','','','园林剪05030608','','',NULL,0,0,0,0,0,0,0,0,NULL),(370,50,'园林剪05030708',16.20,4,'/images/product/370.205x205.jpg',29,5,0,0,0,0,'/images/product/370.jpg',NULL,0,0,'','','','园林剪05030708','','',NULL,0,0,0,0,0,0,0,0,NULL),(371,50,'可伸缩园林剪05030801-216',40.60,4,'/images/product/371.205x205.jpg',30,5,0,0,0,0,'/images/product/371.jpg',NULL,0,0,'','','','可伸缩园林剪05030801-216','','',NULL,0,0,0,0,0,0,0,0,NULL),(372,50,NULL,NULL,NULL,NULL,31,-1,0,0,0,0,NULL,NULL,NULL,0,NULL,NULL,NULL,NULL,NULL,NULL,NULL,0,0,0,0,0,0,0,0,NULL),(373,50,NULL,NULL,NULL,NULL,32,-1,0,0,0,0,NULL,NULL,NULL,0,NULL,NULL,NULL,NULL,NULL,NULL,NULL,0,0,0,0,0,0,0,0,NULL),(374,50,NULL,NULL,NULL,NULL,33,-1,0,0,0,0,NULL,NULL,NULL,0,NULL,NULL,NULL,NULL,NULL,NULL,NULL,0,0,0,0,0,0,0,0,NULL),(375,50,'园艺绿化剪05030901-217',28.00,4,'/images/product/375.205x205.jpg',34,5,0,0,0,0,'/images/product/375.jpg',NULL,0,0,'','','','园艺绿化剪05030901-217','','',NULL,0,0,0,0,0,0,0,0,NULL),(376,50,'7pc（26-63mm）木工开孔器08030507',4.60,4,'/images/product/376.205x205.jpg',35,5,0,0,0,0,'/images/product/376.jpg',NULL,0,0,'','','','7pc（26-63mm）木工开孔器08030507','','',NULL,0,0,0,0,0,0,0,0,NULL),(377,50,'5PC (60-95mm)木工开孔器08030507',11.10,4,'/images/product/377.205x205.jpg',36,5,0,0,0,0,'/images/product/377.jpg',NULL,0,0,'','','','5PC (60-95mm)木工开孔器08030507','','',NULL,0,0,0,0,0,0,0,0,NULL),(378,50,'安全链 门栓锁扣11010100-110',9.40,4,'/images/product/378.205x205.jpg',37,5,0,0,0,0,'/images/product/378.jpg',NULL,0,0,'','','','安全链 门栓锁扣11010100-110','','',NULL,0,0,0,0,0,0,0,0,NULL),(379,50,NULL,NULL,NULL,NULL,38,-1,0,0,0,0,NULL,NULL,NULL,0,NULL,NULL,NULL,NULL,NULL,NULL,NULL,0,0,0,0,0,0,0,0,NULL),(380,71,'Люстра Акрил C4630',309.00,4,NULL,1,5,0,0,0,0,NULL,NULL,1,0,'шт','Люстра Акрил C4630','','','','<p>Люстра акриловая, тип цоколя Е-27, 1 лампочка</p>',NULL,0,0,0,0,0,0,0,0,NULL),(381,71,'Люстра акриловая С3641',309.00,4,'/images/product/381.205x205.png',2,5,0,0,0,0,'/images/product/381.png',NULL,0,0,'','Люстра акриловая С3641','','','','<p>Люстра акриловая, тип цоколя Е-27, 1 лампочка, цвет белый</p>',NULL,0,0,0,0,0,0,0,0,NULL),(382,71,'Люстра H7901-6H',612.00,4,'/images/product/382.205x205.png',3,5,0,0,0,0,'/images/product/382.png',NULL,0,0,'','Люстра H7901-6H','','','','<p>Люстра подвесная, класическая, 6 ламп, материал медь.</p>',NULL,0,0,0,0,0,0,0,0,NULL),(383,50,' 530新式管道疏通器11010253',4.80,4,'/images/product/383.205x205.jpg',39,5,0,0,0,0,'/images/product/383.jpg',NULL,0,0,'','','',' 530新式管道疏通器11010253','','',NULL,0,0,0,0,0,0,0,0,NULL),(384,50,NULL,NULL,NULL,NULL,40,-1,0,0,0,0,NULL,NULL,NULL,0,NULL,NULL,NULL,NULL,NULL,NULL,NULL,0,0,0,0,0,0,0,0,NULL),(385,50,'830管道疏通器11010283',10.00,4,'/images/product/385.205x205.jpg',41,5,0,0,0,0,'/images/product/385.jpg',NULL,0,0,'','','','830管道疏通器11010283','','',NULL,0,0,0,0,0,0,0,0,NULL),(386,50,'吸油泵11010300-18',47.00,4,'/images/product/386.205x205.jpg',42,5,0,0,0,0,'/images/product/386.jpg',NULL,0,0,'','','','吸油泵11010300-18','','',NULL,0,0,0,0,0,0,0,0,NULL),(387,50,'塑料吸油器11010400-20',6.30,4,'/images/product/387.205x205.jpg',43,5,0,0,0,0,'/images/product/387.jpg',NULL,0,0,'','','','塑料吸油器11010400-20','','',NULL,0,0,0,0,0,0,0,0,NULL),(388,71,'Люстра H4807-15',1392.00,4,'/images/product/388.205x205.png',4,5,0,0,0,0,'/images/product/388.png',NULL,0,0,'','Люстра H4807-15','','','','<p>Люстра материал медь, количество источников света 15, LED</p>',NULL,0,0,0,0,0,0,0,0,NULL),(389,50,'食品袋封口机11010500',49.00,4,'/images/product/389.205x205.jpg',44,5,0,0,0,0,'/images/product/389.jpg',NULL,0,0,'','','','食品袋封口机11010500','','',NULL,0,0,0,0,0,0,0,0,NULL),(390,50,NULL,NULL,NULL,NULL,45,-1,0,0,0,0,NULL,NULL,NULL,0,NULL,NULL,NULL,NULL,NULL,NULL,NULL,0,0,0,0,0,0,0,0,NULL),(391,13,NULL,NULL,NULL,NULL,50,-1,0,0,0,0,NULL,NULL,NULL,0,NULL,NULL,NULL,NULL,NULL,NULL,NULL,0,0,0,0,0,0,0,0,NULL),(392,74,'儿童本子',0.00,1,'/images/product/392.205x205.jpg',1,5,0,0,0,0,'/images/product/392.jpg',NULL,0,0,'','','','儿童本子','','',NULL,0,0,0,0,0,0,0,0,NULL),(393,13,NULL,NULL,NULL,NULL,51,-1,0,0,0,0,NULL,NULL,NULL,0,NULL,NULL,NULL,NULL,NULL,NULL,NULL,0,0,0,0,0,0,0,0,NULL),(394,61,'仿真水果',0.02,1,'/images/product/394.205x205.jpg',1,0,0,0,0,0,'/images/product/394.jpg',NULL,1000,1,'pcs/g','поддельный фруктовый','Artificial fruits','仿真水果','Frutta di simulazione','<p>item no.: YZC2-0002</p>\r\n<p>description: artificial fruits</p>\r\n<p>packing:1000pcs/carton</p>\r\n<p>carton size:0.028cbm</p>\r\n<p>sample: free if our stocks, need receive sample fee if your design</p>\r\n<p>sample time: usually 3days</p>\r\n<p>payment terms: T/T, L/C, western union, paypal</p>\r\n<p>shipping term: by sea, by air, by express</p>\r\n<p>delivery time:7-20days as per the  quantity</p>\r\n<p><img /></p>',NULL,0,0,0,0,0,0,0,0,NULL),(395,50,'劳保雨鞋11010645',42.00,4,'/images/product/395.205x205.jpg',46,5,0,0,0,0,'/images/product/395.jpg',NULL,0,0,'','','','劳保雨鞋11010645','','',NULL,0,0,0,0,0,0,0,0,NULL),(396,50,'手动抽芯拉柳枪11010700',97.00,4,'/images/product/396.205x205.jpg',47,5,0,0,0,0,'/images/product/396.jpg',NULL,0,0,'','','','手动抽芯拉柳枪11010700','','',NULL,0,0,0,0,0,0,0,0,NULL),(397,50,' 塑料洗衣机龙头11010800',2.00,4,'/images/product/397.205x205.jpg',48,5,0,0,0,0,'/images/product/397.jpg',NULL,0,0,'','','',' 塑料洗衣机龙头11010800','','',NULL,0,0,0,0,0,0,0,0,NULL),(398,50,'60w热熔胶枪11011540  ',36.40,4,'/images/product/398.205x205.jpg',49,5,0,0,0,0,'/images/product/398.jpg',NULL,0,0,'','','','60w热熔胶枪11011540  ','','',NULL,0,0,0,0,0,0,0,0,NULL),(399,50,'60W-100W胶枪11011560  ',24.70,4,'/images/product/399.205x205.jpg',50,5,0,0,0,0,'/images/product/399.jpg',NULL,0,0,'','','','60W-100W胶枪11011560  ','','',NULL,0,0,0,0,0,0,0,0,NULL),(400,50,'1T起重滑轮110111801-A16',22.40,4,'/images/product/400.205x205.jpg',51,5,0,0,0,0,'/images/product/400.jpg',NULL,0,0,'','','','1T起重滑轮110111801-A16','','',NULL,0,0,0,0,0,0,0,0,NULL),(401,50,NULL,NULL,NULL,NULL,52,-1,0,0,0,0,NULL,NULL,NULL,0,NULL,NULL,NULL,NULL,NULL,NULL,NULL,0,0,0,0,0,0,0,0,NULL),(402,50,'0.3T起重滑轮滑车11011903',5.20,4,'/images/product/402.205x205.jpg',53,5,0,0,0,0,'/images/product/402.jpg',NULL,0,0,'','','','0.3T起重滑轮滑车11011903','','',NULL,0,0,0,0,0,0,0,0,NULL),(403,50,'150gV形线坠11012000-A24',3.36,4,'/images/product/403.205x205.jpg',54,5,0,0,0,0,'/images/product/403.jpg',NULL,0,0,'','','','150gV形线坠11012000-A24','','',NULL,0,0,0,0,0,0,0,0,NULL),(404,44,'棕雕花框 +金粉',34.00,4,'/images/product/404.205x205.jpg',26,5,1,0,0,0,'/images/product/404.jpg',NULL,24,0,'个','','Brown carved frame','棕雕花框 +金粉','','<p>YX-9322</p>',NULL,0,0,0,0,0,0,0,0,NULL),(405,44,'棕雕花框 +金粉',34.00,4,'/images/product/405.205x205.jpg',27,5,1,0,0,0,'/images/product/405.jpg',NULL,24,0,'个','','Brown carved frame','棕雕花框 +金粉','','<p>YX-9320</p>',NULL,0,0,0,0,0,0,0,0,NULL),(406,44,'棕雕花框 +金粉',34.00,4,'/images/product/406.205x205.jpg',28,5,1,0,0,0,'/images/product/406.jpg',NULL,24,0,'个','','Brown carved frame','棕雕花框 +金粉','','<p>YX-9257</p>',NULL,0,0,0,0,0,0,0,0,NULL),(407,44,'棕雕花框 +金粉',34.00,4,'/images/product/407.205x205.jpg',29,5,1,0,0,0,'/images/product/407.jpg',NULL,24,0,'个','','Brown carved frame','棕雕花框 +金粉','','<p>CT-265</p>',NULL,0,0,0,0,0,0,0,0,NULL),(408,44,'棕雕花框 +金粉',34.00,4,'/images/product/408.205x205.jpg',30,5,1,0,0,0,'/images/product/408.jpg',NULL,24,0,'个','','Brown carved frame','棕雕花框 +金粉','','<p>YX-9253</p>',NULL,0,0,0,0,0,0,0,0,NULL),(409,44,'棕雕花框+金粉',34.00,4,'/images/product/409.205x205.jpg',31,5,1,0,0,0,'/images/product/409.jpg',NULL,20,0,'个','','Brown carved frame','棕雕花框+金粉','','<p>YX-8975</p>',NULL,0,0,0,0,0,0,0,0,NULL),(410,44,'棕雕花框 +金粉',34.00,4,'/images/product/410.205x205.jpg',32,5,1,0,0,0,'/images/product/410.jpg',NULL,20,0,'个','','','棕雕花框 +金粉','','<p>YX-8977</p>',NULL,0,0,0,0,0,0,0,0,NULL),(411,44,'棕雕花框 +金粉',34.00,4,'/images/product/411.205x205.jpg',33,5,1,0,0,0,'/images/product/411.jpg',NULL,20,0,'个','','Brown carved frame','棕雕花框 +金粉','','<p>YX-8974</p>',NULL,0,0,0,0,0,0,0,0,NULL),(412,50,'10寸圆锉3件套11013000-A50',5.60,4,'/images/product/412.205x205.jpg',55,5,0,0,0,0,'/images/product/412.jpg',NULL,0,0,'','','','10寸圆锉3件套11013000-A50','','',NULL,0,0,0,0,0,0,0,0,NULL),(413,44,'棕雕花框 +金粉',34.00,4,'/images/product/413.205x205.jpg',34,5,1,0,0,0,'/images/product/413.jpg',NULL,20,0,'个','','Brown carved frame','棕雕花框 +金粉','','<p>YX-9621</p>',NULL,0,0,0,0,0,0,0,0,NULL),(414,44,NULL,NULL,NULL,NULL,35,-1,0,0,0,0,NULL,NULL,NULL,0,NULL,NULL,NULL,NULL,NULL,NULL,NULL,0,0,0,0,0,0,0,0,NULL),(415,50,'250mm三角锉11013001',1.33,4,'/images/product/415.205x205.jpg',56,5,0,0,0,0,'/images/product/415.jpg',NULL,0,0,'','','','250mm三角锉11013001','','',NULL,0,0,0,0,0,0,0,0,NULL),(416,44,NULL,NULL,NULL,'/images/product/416.205x205.jpg',36,-1,0,0,0,0,'/images/product/416.jpg',NULL,NULL,0,NULL,NULL,NULL,NULL,NULL,NULL,NULL,0,0,0,0,0,0,0,0,NULL),(417,50,'1.5米水平刮板11014015-A6061',38.50,4,'/images/product/417.205x205.jpg',57,5,0,0,0,0,'/images/product/417.jpg',NULL,0,0,'','','','1.5米水平刮板11014015-A6061','','',NULL,0,0,0,0,0,0,0,0,NULL),(418,40,'四件套',100.00,4,'/images/product/418.205x205.jpg',8,5,1,0,0,0,'/images/product/418.jpg',NULL,6,0,'个','','','四件套','','<p>纯棉</p>',NULL,0,0,0,0,0,0,0,0,NULL),(419,40,'儿童四件套',120.00,4,'/images/product/419.205x205.jpg',9,0,0,0,0,0,'/images/product/419.jpg',NULL,12,0,'套','','','儿童四件套','','<p>纯棉</p>',NULL,0,0,0,0,0,0,0,0,NULL),(425,27,'   Штукатурка гипсовая GIFAS START 30кг',245.00,2,'/images/product/425.205x205.jpg',50,5,1,0,0,0,'/images/product/425.jpg',NULL,0,0,'','','   Штукатурка гипсовая GIFAS START 30кг','','','<p>ГИФАС СТАРТ - это сухая штукатурная смесь на основе гипсового вяжущего с полимерными добавками, для оштукатуривания ручным способом стен с любым типом поверхности (кирпичной, бетонной, каменной, цементно-известковой штукатурки, ДСП и пр.) перед финишным шпаклеванием, наклейкой обоев, облицовкой керамической плиткой. Предназначена для внутренних работ в помещении с нормальным уровнем влажности. Так же возможно применение в помещениях с повышенной влажностью (кухнях и ванных комнатах), при условии обработки оштукатуренной поверхности гидроизоляционной грунтовкой перед дальнейшей отделкой. Технические характеристики : Наименование показателя Значение Внешний вид смеси Однородная, по цвету от белого до серого Расход воды на 1 кг сухой смеси, литр 0,47-0,53 Минимальная толщина нанесения, мм 5 Максимальная толщина нанесения, мм 50 Жизнеспособность готового раствора в открытой таре, мин., не менее 45 Предел прочности при сжатии, МПа, не менее 3,5 Прочность сцепления покрытия с бетонным основанием, МПа, не менее 0,3 Подготовка основания: Поверхность очистить от пыли, грязи, жировых или масляных пятен, отслоений и следов краски. Большие неровности устранить, обработать металлические элементы средством, предотвращающим коррозию. ВНИМАНИЕ! Перед нанесением штукатурки обработать основание соответствующей акриловой грунтовкой. Не допускать запыления загрунтованной поверхности! При необходимости установить маячковые профили. В процессе работы и в течении последующих 2-х дней температура основания и воздуха в помещении должна быть от +5 до +30 С. Приготовление раствора : Для работы использовать чистый инструмент и емкости из нержавеющей стали, алюминия или пластмассы. ВНИМАНИЕ! Загрязненный инструмент и емкости сокращают время использования растворной смеси. Смесь высыпать в емкость с чистой водой комнатной температуры в пропорции 1 кг сухой смеси на 0,47-0,53 л. воды и перемешать, желательно с помощью миксерной насадки (скорость вращения 140-400 об./мин.), до состояния однородной сметанообразной массы. Выдержать раствор 3-5 минут и снова перемешать. Полученный раствор в течении 45 минут от момента затворения водой нанести на поверхность слоем 5-50 мм. Порядок работ : - растворную смесь набросать на подготовленную поверхность кельмой или штукатурным соколом, после чего разровнять h-образным правилом зигзагообразными движениями; - после начала схватывания поверхность выровнять трапециевидным правилом, держа его перпендикулярно к основанию, срезая излишки и заполняя углубления; - при оштукатуривании в два слоя необходимо на первый, еще не затвердевший нанести насечку (можно с помощью зубчатого шпателя). После высыхания первый слой обработать грунтовкой, а затем нанести второй слой штукатурки; - после подрезки, когда нанесенный слой практически затвердеет, поверхность обильно смочить водой, после чего , дождавшись полного впитывания воды затереть кругообразными движениями жесткой губчатой или войлочной теркой и загладить штукатурку широким металлическим шпателем. Время высыхания штукатурки до последующей покраски или оклейки обоями состовляет 3-5 суток, в зависимости от толщины слоя, темпиратуры и влажности воздуха в помещении. Расход смеси: На 1м2 поверхности расходуется 9-11 кг сухой смеси при толщине слоя 10 мм. Хранение : Срок хранения в фирменной неповрежденной упаковке &ndash; 12 месяцев с момента даты изготовления. Мешки хранить на деревянных поддонах в сухих по</p>',NULL,0,0,0,0,0,0,0,0,NULL),(426,27,'Шпатлёвка \"Bergauf\" Finish Polymer полимерная 25кг',390.00,2,'/images/product/426.205x205.jpg',51,5,1,0,0,0,'/images/product/426.jpg',NULL,0,0,'','','Шпатлёвка \"Bergauf\" Finish Polymer полимерная 25кг','','','<p>Финишная шпаклевка Bergauf (&laquo;Вергауф&raquo;) Finish Polymer имеет полимерную основу, образует слой до 3 мм. Шпаклевка финишная &laquo;Вергауф&raquo; является белоснежной, сам раствор жизнеспособен 24 часа. В качестве оснований можно использовать: бетон, цементная штукатурка, цементная штукатурка, гипсовая штукатурка, гипсокартон, ЦСП, ДСП, дерево, фанера. Цементная шпаклевка Finish Polymer наносится перед декоративной штукатуркой, под текстурные и тонкие обои, под финишную шпаклевку, под покраску. Шпаклевка Bergauf применяется в помещениях с нормальной влажностью. Материал наносится ручным способом.</p>\n<p>Характеристики продукта</p>\n<p>Цвет белый <br />Вяжущее полимер <br />Основная фракция менее 0,1 мм <br /><br />Характеристики применения</p>\n<p>Расход сухой смеси на 1 кв. м при слое 1 мм ~1 кг <br />Минимальная толщина нанесения 0 мм <br />Максимальная толщина нанесения 3 мм <br />Жизнеспособность готового раствора в открытой таре 24 часа <br />Шлифовка после нанесения допускается через 4 часа <br />Проведение работ при температуре основания от +5 &deg;С до +25 &deg;С <br /><br />Характеристики эксплуатации</p>\n<p>Прочность сцепления с основанием (через 28 суток) 0,5 МПа</p>',NULL,0,0,0,0,0,0,0,0,NULL),(427,27,'OSB-3 плита древ. 1220*2440*9,0 мм Кronospan (Латвия)',500.00,2,'/images/product/427.205x205.jpeg',52,5,1,0,0,0,'/images/product/427.jpeg',NULL,0,0,'','','OSB-3 плита древ. 1220*2440*9,0 мм Кronospan (Латвия)','','','<p>Плиты ОСП отличает высокая прочность по сравнению с другими плитными материалами. Показатели прочности осп-плит в 2,5 раза выше чем у ДСП и схожи с показателями хвойной фанеры. Высокая влагостойкость. Плиты осб легко поддаются обработке, они без труда режутся и сверлятся. Их можно красить и склеивать любыми материалами подходящими для древесины. Также немаловажным является отсутствие подверженности плит OSB воздействию вредных насекомых.</p>\n<p>Существует несколько типов ОСП</p>\n<p><br />OSB-1 - используют в основном в условиях низкой влажности, для изготовления упаковки, мебели.<br />OSB-2 - применяется для изготовления несущих конструкций в сухих помещениях.</p>\n<p>OSB-3 - применяется для изготовления несущих конструкций в условиях повышенной влажности.</p>\n<p>Применение ОСП плит<br /><br /> Плиты ОСП применяюся для обшивки стен, в последствии могут покрываться всеми видами облицовочных материалов. Плиты могут использоваться для сооружения съемной опалубки для бетонных работ (может использоваться несколько раз). ОСП можно использовать в качестве однослойных полов в легких строительных конструкциях.<br /> Широко применяется ОСП в строительстве. Ее используют в качестве съемной опалубки при бетонировании, для обшивки стен, потолка и создания чернового пола. Из ориентировано-стружечных плит создаются перекрытия, лестничные площадки, кровельная обрешетка. Перечислить все варианты применения этого материала в строительстве сложно.<br /> ОСП используют в мебельной промышленности для изготовления разных видов мебели. Из них делают ограждения, поддоны, разборные конструкции, пол в кузовах автотранспорта.</p>\n<p>ОСБ: общие характеристики<br /><br /> На основе отходов деревообрабатывающей промышленности производится большое количество видов стружечных материалов. Ориентировано-стружечная плита относится к таким же, но вместе с тем обладает множеством характеристик, выделяющих ее из общего ряда. Этот материал применяется в строительстве практически повсеместно. Используют его и в других сферах.<br /> OSB является композитным материалом, который состоит из трех стружечных слоев. Это отличает данный вид плиты от других, в которых стружка располагается без особого порядка. В наружных слоях стружка располагается в продольном направлении, а в центральном слое &ndash; перпендикулярно к поверхности. Чтобы плита имела монолитную структуру, материал пропитывается влагостойкими смолами и некоторыми другими веществами, а затем прессуется. Прессование осуществляется горячим методом. В результате получается прочный и недорогой материал, который пользуется популярностью в разных отраслях. Кроме того, стружечная плита такого типа сохраняет цвет натуральной древесины и ее структуру.<br /> ОСБ плита состоит из дерева на девяносто процентов и сохранила все преимущества данного материала. Недостатки (например, наличие сучков) исключаются непосредственно спецификой материала.<br /> Ориентировано-стружечные плиты отличаются небольшим весом, что делает их удобными в применении. Они имеют низкую теплопроводность и отличные звукоизолирующие характеристики. Для придания огнестойкости и защиты от негативного воздействия влаги применяют обработку поверхности специальными составами. В результате материал оказывается способен противостоять негативному воздействию внешних факторов.<br /> Среди разновидностей ОСП существуют не только классы, выделяемые по влагостойкости и особенностям применения, но и по отделке поверхностей. Бывают плиты лакированные, ламинированные и шпунтованные.<br /><br /> <br />Достоинства плит<br /><br /> Среди достоинств ОСБ листов следует отметить их высокие прочностные характеристики и жесткость. При этом плиты обладают малым весом, легко монтируются и обрабатываются. Ориентировано-стружечные плиты не расслаиваются и не подвержены короблению. Они не повреждаются насекомыми и гнилью. Такой материал не обладает гигроскопичностью, т.е. он не впитывает влагу. Это делает его одним из наилучших вариантов для отделки самых разных поверхностей. К достоинствам относится и высокая прочность на изгиб. Все характеристики в совокупности делают ОСП долговечным материалом.</p>',NULL,0,0,0,0,0,0,0,0,NULL),(428,27,'Плиты QuickDeck',0.00,2,'/images/product/428.205x205.jpg',53,5,1,0,0,0,'/images/product/428.jpg',NULL,0,0,'','','Плиты QuickDeck','','','<p>литы QuickDeck 0<br />0<br />0<br />0<br />0<br />0<br />1<br /><br /><br /> Высококачественные строительные плиты QuickDeck, изготовлены из водостойких, древесностружечных плит, шпунтованных по всему периметру. Древесностружечная плита производится из экологически чистой древесины березы, осины и ольхи на самом современном технологичном оборудовании. Это позволяет добиваться высокой экологичности получаемого в результате продукта, одновременно обеспечивая ему высокие физико-механические характеристики.<br /><br /> Уникальность QuickDeck в гармоничном сочетании эксплуатационных характеристик материала и его экологичности. Сегодня именно этот набор характеристик особенно востребован в сегменте строительства и ремонта. Минимальное выделение вредных веществ в атмосферу (класс Е1) практически сопоставимо с аналогичными показателями натуральной древесины. Материалы с такими показателями разрешены к использованию в школах и дошкольных учреждениях.</p>\n<p>Основные характеристики:<br /><br /><br /> Удобные размеры плиты, ее состав и уникальные свойства делают плиту QuickDeck Pro идеальным решением в сфере черновой отделки пола, стен и потолка. После укладки плиты поверхность становится ровной, бесшовной и полностью предназначенной для финишной отделки.<br /> Монтаж плиты.<br /> Шпунтованное соединение плиты QuickDeck Pro позволяют производить укладку плиты на любое основание (бетонную стяжку, лаги, старый пол) без наличия специальных знаний и при соблюдении технологии укладки - практически не оставлять отходов, что значительно экономит бюджет.<br />Заблуждения:<br /><br />Распространенным заблуждением считается, что плита недостаточно прочная, что совершенно не соответствует действительности. Плита QuickDeck Pro по плотности превосходит OSB или фанеру, что позволяет использовать ее в различных видах строительных работ.</p>\n<p>Каковы же основные преимущества имеются у данного продукта перед ближайшими конкурентами?<br />Простота и удобство использования строительных плит QuickDeck позволяют ускорить и главное упростить весь процесс сборки, благодаря соединению на шпунте;<br />Значительное сокращаются сроки выполнения отделочных работ, что позволяет экономить как материальные так и трудовые ресурсы;<br />Плиты QuickDeck могут применяться в помещениях с повышенной влажностью;<br />Строительные плиты QuickDeck обладают великолепными эксплуатационными и прочностными характеристиками, что позволяет снизить общие нагрузки на несущие перекрытия всех конструкций;<br />В готовых конструкциях плиты QuickDeck создают идеально ровную прочную поверхность с высокими звуко-теплоизоляционными характеристиками;<br />Монтаж строительных плит QuickDeck не требует от работников каких то особых специальных навыков и инструментов;<br />Высокая экологичность строительных шпунтованных плит QuickDeck;<br />Отсутствие &laquo;мокрых&raquo; работ при использовании плит QuickDeck;<br />Свойства плит QuickDeck позволяют избежать скрипа при эксплуатации;<br />Большое многообразие сфер применения;</p>',NULL,0,0,0,0,0,0,0,0,NULL),(429,72,'7043-3+1',0.00,1,'/images/product/429.205x205.jpg',2,5,0,0,0,0,'/images/product/429.jpg',NULL,0,0,'','','','7043-3+1','','',NULL,0,0,0,0,0,0,0,0,NULL),(430,72,NULL,NULL,NULL,NULL,3,-1,0,0,0,0,NULL,NULL,NULL,0,NULL,NULL,NULL,NULL,NULL,NULL,NULL,0,0,0,0,0,0,0,0,NULL),(431,72,NULL,NULL,NULL,NULL,4,-1,0,0,0,0,NULL,NULL,NULL,0,NULL,NULL,NULL,NULL,NULL,NULL,NULL,0,0,0,0,0,0,0,0,NULL),(438,72,'8002-5+2CB',0.00,1,'/images/product/438.205x205.jpg',11,5,0,0,0,0,'/images/product/438.jpg',NULL,0,0,'','','','8002-5+2CB','','',NULL,0,0,0,0,0,0,0,0,NULL),(437,72,'8002-5+2',0.00,1,'/images/product/437.205x205.jpg',10,5,0,0,0,0,'/images/product/437.jpg',NULL,0,0,'','','','8002-5+2','','',NULL,0,0,0,0,0,0,0,0,NULL),(434,72,'7043-6+3',0.00,1,'/images/product/434.205x205.jpg',7,5,0,0,0,0,'/images/product/434.jpg',NULL,0,0,'','','','7043-6+3','','',NULL,0,0,0,0,0,0,0,0,NULL),(435,72,'8002-3+2',0.00,1,'/images/product/435.205x205.jpg',8,5,0,0,0,0,'/images/product/435.jpg',NULL,0,0,'','','','8002-3+2','','',NULL,0,0,0,0,0,0,0,0,NULL),(436,72,'8002-3+2CB',0.00,1,'/images/product/436.205x205.jpg',9,5,0,0,0,0,'/images/product/436.jpg',NULL,0,0,'','','','8002-3+2CB','','',NULL,0,0,0,0,0,0,0,0,NULL),(439,72,'8008-3+1',0.00,1,'/images/product/439.205x205.jpg',12,5,0,0,0,0,'/images/product/439.jpg',NULL,0,0,'','','','8008-3+1','','',NULL,0,0,0,0,0,0,0,0,NULL),(440,72,'8008-3+1CB',0.00,1,'/images/product/440.205x205.jpg',13,5,0,0,0,0,'/images/product/440.jpg',NULL,0,0,'','','','8008-3+1CB','','',NULL,0,0,0,0,0,0,0,0,NULL),(441,68,'adhesive washproof bandage ',0.33,1,'/images/product/441.205x205.jpg',2,5,1,0,0,0,'/images/product/441.jpg',NULL,288,0,'30pcs/box','Бандаж','bandage','adhesive washproof bandage ','bendaggio','<p>Zhejiang Hongyu Medical Company&nbsp;is a 12 years manufacturer of <strong>medical plaster,</strong> <strong>first aid kit</strong>,<strong>bandage,medical tapes,</strong><strong>cotton swab </strong>and other medical products.We have CE,ISO,FDA approval with the customers of Desney,Wal-Mart,Tesco...</p>\r\n<p>OEM is welcomed, new products could be offered according to your design or samples.&nbsp;</p>\r\n<p>&nbsp;&nbsp;</p>\r\n<p>Unit&nbsp;price&nbsp;depends&nbsp;on&nbsp;customers\'&nbsp;Quantity and Specific Requirements.</p>\r\n<p>&nbsp;&nbsp;</p>\r\n<p>We are warmly welcome customers from all over the world!</p>\r\n<p>&nbsp;&nbsp;</p>\r\n<p>Any question,Pls contact us at any time!</p>',NULL,0,0,0,0,0,0,0,0,NULL),(442,72,'8008-5+1',0.00,1,'/images/product/442.205x205.jpg',14,5,0,0,0,0,'/images/product/442.jpg',NULL,0,0,'','','','8008-5+1','','',NULL,0,0,0,0,0,0,0,0,NULL),(443,72,'8008-5+1CB',0.00,1,'/images/product/443.205x205.jpg',15,5,0,0,0,0,'/images/product/443.jpg',NULL,0,0,'','','','8008-5+1CB','','',NULL,0,0,0,0,0,0,0,0,NULL),(444,72,'8009-5+1CB',0.00,1,'/images/product/444.205x205.jpg',16,5,0,0,0,0,'/images/product/444.jpg',NULL,0,0,'','','','8009-5+1CB','','',NULL,0,0,0,0,0,0,0,0,NULL),(445,72,'8061-4+1',0.00,1,'/images/product/445.205x205.jpg',17,5,0,0,0,0,'/images/product/445.jpg',NULL,0,0,'','','','8061-4+1','','',NULL,0,0,0,0,0,0,0,0,NULL),(446,72,'8061-4+1CA',0.00,1,'/images/product/446.205x205.jpg',18,5,0,0,0,0,'/images/product/446.jpg',NULL,0,0,'','','','8061-4+1CA','','',NULL,0,0,0,0,0,0,0,0,NULL),(447,72,'8063-4+1',0.00,1,'/images/product/447.205x205.jpg',19,5,0,0,0,0,'/images/product/447.jpg',NULL,0,0,'','','','8063-4+1','','',NULL,0,0,0,0,0,0,0,0,NULL),(448,72,'8063-4+1CA',0.00,1,'/images/product/448.205x205.jpg',20,5,0,0,0,0,'/images/product/448.jpg',NULL,0,0,'','','','8063-4+1CA','','',NULL,0,0,0,0,0,0,0,0,NULL),(449,72,'DL1723-8',0.00,1,'/images/product/449.205x205.jpg',21,5,0,0,0,0,'/images/product/449.jpg',NULL,0,0,'','','','DL1723-8','','',NULL,0,0,0,0,0,0,0,0,NULL),(450,72,'DL1725-8',0.00,1,'/images/product/450.205x205.jpg',22,5,0,0,0,0,'/images/product/450.jpg',NULL,0,0,'','','','DL1725-8','','',NULL,0,0,0,0,0,0,0,0,NULL),(451,72,'DL1727-10',0.00,1,'/images/product/451.205x205.jpg',23,5,0,0,0,0,'/images/product/451.jpg',NULL,0,0,'','','','DL1727-10','','',NULL,0,0,0,0,0,0,0,0,NULL),(452,72,'DL1728-6',0.00,1,'/images/product/452.205x205.jpg',24,5,0,0,0,0,'/images/product/452.jpg',NULL,0,0,'','','','DL1728-6','','',NULL,0,0,0,0,0,0,0,0,NULL),(453,72,'DL1729-8',0.00,1,'/images/product/453.205x205.jpg',25,5,0,0,0,0,'/images/product/453.jpg',NULL,0,0,'','','','DL1729-8','','',NULL,0,0,0,0,0,0,0,0,NULL),(454,72,'DL1730-6',0.00,1,'/images/product/454.205x205.jpg',26,5,0,0,0,0,'/images/product/454.jpg',NULL,0,0,'','','','DL1730-6','','',NULL,0,0,0,0,0,0,0,0,NULL),(455,72,'DL1732-10',0.00,1,'/images/product/455.205x205.jpg',27,5,0,0,0,0,'/images/product/455.jpg',NULL,0,0,'','','','DL1732-10','','',NULL,0,0,0,0,0,0,0,0,NULL),(456,72,'DL1733-6',0.00,1,'/images/product/456.205x205.jpg',28,5,0,0,0,0,'/images/product/456.jpg',NULL,0,0,'','','','DL1733-6','','',NULL,0,0,0,0,0,0,0,0,NULL),(457,72,'DL1735-6',0.00,1,'/images/product/457.205x205.jpg',29,5,0,0,0,0,'/images/product/457.jpg',NULL,0,0,'','','','DL1735-6','','',NULL,0,0,0,0,0,0,0,0,NULL),(458,72,'DL1736-8',0.00,1,'/images/product/458.205x205.jpg',30,5,0,0,0,0,'/images/product/458.jpg',NULL,0,0,'','','','DL1736-8','','',NULL,0,0,0,0,0,0,0,0,NULL),(459,72,'DL1736-8',0.00,1,'/images/product/459.205x205.jpg',31,5,0,0,0,0,'/images/product/459.jpg',NULL,0,0,'','','','DL1736-8','','',NULL,0,0,0,0,0,0,0,0,NULL),(460,72,'DL7038-5+1A',0.00,1,'/images/product/460.205x205.jpg',32,5,0,0,0,0,'/images/product/460.jpg',NULL,0,0,'','','','DL7038-5+1A','','',NULL,0,0,0,0,0,0,0,0,NULL),(461,72,'DL15110-5+1',0.00,1,'/images/product/461.205x205.jpg',33,5,0,0,0,0,'/images/product/461.jpg',NULL,0,0,'','','','DL15110-5+1','','',NULL,0,0,0,0,0,0,0,0,NULL),(462,72,'DL15115-3+1',0.00,1,'/images/product/462.205x205.jpg',34,5,0,0,0,0,'/images/product/462.jpg',NULL,0,0,'','','','DL15115-3+1','','',NULL,0,0,0,0,0,0,0,0,NULL),(463,72,'DL15115-3+1A',0.00,1,'/images/product/463.205x205.jpg',35,5,0,0,0,0,'/images/product/463.jpg',NULL,0,0,'','','','DL15115-3+1A','','',NULL,0,0,0,0,0,0,0,0,NULL),(464,72,'DL16156-4+1',0.00,1,'/images/product/464.205x205.jpg',36,5,0,0,0,0,'/images/product/464.jpg',NULL,0,0,'','','','DL16156-4+1','','',NULL,0,0,0,0,0,0,0,0,NULL),(465,72,'YG-7037-5+1',0.00,1,'/images/product/465.205x205.jpg',37,5,0,0,0,0,'/images/product/465.jpg',NULL,0,0,'','','','YG-7037-5+1','','',NULL,0,0,0,0,0,0,0,0,NULL),(466,40,NULL,NULL,NULL,NULL,10,-1,0,0,0,0,NULL,NULL,NULL,0,NULL,NULL,NULL,NULL,NULL,NULL,NULL,0,0,0,0,0,0,0,0,NULL),(467,40,'陶瓷花瓶',100.00,4,'/images/product/467.205x205.jpg',11,5,1,0,0,0,'/images/product/467.jpg',NULL,24,0,'个','','','陶瓷花瓶','','',NULL,0,0,0,0,0,0,0,0,NULL),(468,72,'18125-5P',0.00,1,'/images/product/468.205x205.jpg',38,5,0,0,0,0,'/images/product/468.jpg',NULL,0,0,'','','','18125-5P','','',NULL,0,0,0,0,0,0,0,0,NULL),(469,72,'18130-6P',0.00,1,'/images/product/469.205x205.jpg',39,5,0,0,0,0,'/images/product/469.jpg',NULL,0,0,'','','','18130-6P','','',NULL,0,0,0,0,0,0,0,0,NULL),(470,72,'96087A-8',0.00,1,'/images/product/470.205x205.jpg',40,5,0,0,0,0,'/images/product/470.jpg',NULL,0,0,'','','','96087A-8','','',NULL,0,0,0,0,0,0,0,0,NULL),(471,72,'DL15070-5P',0.00,1,'/images/product/471.205x205.jpg',41,5,0,0,0,0,'/images/product/471.jpg',NULL,0,0,'','','','DL15070-5P','','',NULL,0,0,0,0,0,0,0,0,NULL),(472,72,'DL15187-5PB',0.00,1,'/images/product/472.205x205.jpg',42,5,0,0,0,0,'/images/product/472.jpg',NULL,0,0,'','','','DL15187-5PB','','',NULL,0,0,0,0,0,0,0,0,NULL),(473,72,'DL15612-3P',0.00,1,'/images/product/473.205x205.jpg',43,5,0,0,0,0,'/images/product/473.jpg',NULL,0,0,'','','','DL15612-3P','','',NULL,0,0,0,0,0,0,0,0,NULL),(474,72,'DL15612-5P',0.00,1,'/images/product/474.205x205.jpg',44,5,0,0,0,0,'/images/product/474.jpg',NULL,0,0,'','','','DL15612-5P','','',NULL,0,0,0,0,0,0,0,0,NULL),(475,72,'DL15614-5P',0.00,1,'/images/product/475.205x205.jpg',45,5,0,0,0,0,'/images/product/475.jpg',NULL,0,0,'','','','DL15614-5P','','',NULL,0,0,0,0,0,0,0,0,NULL),(476,72,'DL15631-3P',0.00,1,'/images/product/476.205x205.jpg',46,5,0,0,0,0,'/images/product/476.jpg',NULL,0,0,'','','','DL15631-3P','','',NULL,0,0,0,0,0,0,0,0,NULL),(477,72,'DL15631-5P FG',0.00,1,'/images/product/477.205x205.jpg',47,5,0,0,0,0,'/images/product/477.jpg',NULL,0,0,'','','','DL15631-5P FG','','',NULL,0,0,0,0,0,0,0,0,NULL),(478,72,'DL15631-5P',0.00,1,'/images/product/478.205x205.jpg',48,5,0,0,0,0,'/images/product/478.jpg',NULL,0,0,'','','','DL15631-5P','','',NULL,0,0,0,0,0,0,0,0,NULL),(479,72,'DL15631-7P FG',0.00,1,'/images/product/479.205x205.jpg',49,5,0,0,0,0,'/images/product/479.jpg',NULL,0,0,'','','','DL15631-7P FG','','',NULL,0,0,0,0,0,0,0,0,NULL),(480,72,'DL15631-7P',0.00,1,'/images/product/480.205x205.jpg',50,5,0,0,0,0,'/images/product/480.jpg',NULL,0,0,'','','','DL15631-7P','','',NULL,0,0,0,0,0,0,0,0,NULL),(481,72,'DL15640-3P',0.00,1,'/images/product/481.205x205.jpg',51,5,0,0,0,0,'/images/product/481.jpg',NULL,0,0,'','','','DL15640-3P','','',NULL,0,0,0,0,0,0,0,0,NULL),(482,72,'DL15640-5P',0.00,1,'/images/product/482.205x205.jpg',52,5,0,0,0,0,'/images/product/482.jpg',NULL,0,0,'','','','DL15640-5P','','',NULL,0,0,0,0,0,0,0,0,NULL),(483,72,'DL15658-1',0.00,1,'/images/product/483.205x205.jpg',53,5,0,0,0,0,'/images/product/483.jpg',NULL,0,0,'','','','DL15658-1','','',NULL,0,0,0,0,0,0,0,0,NULL),(484,72,'DL18101-8P',0.00,1,'/images/product/484.205x205.jpg',54,5,0,0,0,0,'/images/product/484.jpg',NULL,0,0,'','','','DL18101-8P','','',NULL,0,0,0,0,0,0,0,0,NULL),(485,72,'DL18108-8P',0.00,1,'/images/product/485.205x205.jpg',55,5,0,0,0,0,'/images/product/485.jpg',NULL,0,0,'','','','DL18108-8P','','',NULL,0,0,0,0,0,0,0,0,NULL),(486,72,'DL18109-5P',0.00,1,'/images/product/486.205x205.jpg',56,5,0,0,0,0,'/images/product/486.jpg',NULL,0,0,'','','','DL18109-5P','','',NULL,0,0,0,0,0,0,0,0,NULL),(487,72,'DL18109-12P',0.00,1,'/images/product/487.205x205.jpg',57,5,0,0,0,0,'/images/product/487.jpg',NULL,0,0,'','','','DL18109-12P','','',NULL,0,0,0,0,0,0,0,0,NULL),(488,72,'DL18118-5P',0.00,1,'/images/product/488.205x205.jpg',58,5,0,0,0,0,'/images/product/488.jpg',NULL,0,0,'','','','DL18118-5P','','',NULL,0,0,0,0,0,0,0,0,NULL),(489,72,'DL18122-8P',0.00,1,'/images/product/489.205x205.jpg',59,5,0,0,0,0,'/images/product/489.jpg',NULL,0,0,'','','','DL18122-8P','','',NULL,0,0,0,0,0,0,0,0,NULL),(490,72,'DL18125-6P',0.00,1,'/images/product/490.205x205.jpg',60,5,0,0,0,0,'/images/product/490.jpg',NULL,0,0,'','','','DL18125-6P','','',NULL,0,0,0,0,0,0,0,0,NULL),(491,72,'DL18126-6P',0.00,1,'/images/product/491.205x205.jpg',61,5,0,0,0,0,'/images/product/491.jpg',NULL,0,0,'','','','DL18126-6P','','',NULL,0,0,0,0,0,0,0,0,NULL),(492,76,NULL,NULL,NULL,NULL,1,-1,0,0,0,0,NULL,NULL,NULL,0,NULL,NULL,NULL,NULL,NULL,NULL,NULL,0,0,0,0,0,0,0,0,NULL),(493,76,NULL,NULL,NULL,NULL,2,-1,0,0,0,0,NULL,NULL,NULL,0,NULL,NULL,NULL,NULL,NULL,NULL,NULL,0,0,0,0,0,0,0,0,NULL),(494,72,'DL18130-5P',0.00,1,'/images/product/494.205x205.jpg',62,5,0,0,0,0,'/images/product/494.jpg',NULL,0,0,'','','','DL18130-5P','','',NULL,0,0,0,0,0,0,0,0,NULL),(495,72,'DL19029-5P',0.00,1,'/images/product/495.205x205.jpg',63,5,0,0,0,0,'/images/product/495.jpg',NULL,0,0,'','','','DL19029-5P','','',NULL,0,0,0,0,0,0,0,0,NULL),(496,72,'DL19031-5P',0.00,1,'/images/product/496.205x205.jpg',64,5,0,0,0,0,'/images/product/496.jpg',NULL,0,0,'','','','DL19031-5P','','',NULL,0,0,0,0,0,0,0,0,NULL),(497,72,NULL,NULL,NULL,NULL,65,-1,0,0,0,0,NULL,NULL,NULL,0,NULL,NULL,NULL,NULL,NULL,NULL,NULL,0,0,0,0,0,0,0,0,NULL),(498,72,'DL19054-3P',0.00,1,'/images/product/498.205x205.jpg',66,5,0,0,0,0,'/images/product/498.jpg',NULL,0,0,'','','','DL19054-3P','','',NULL,0,0,0,0,0,0,0,0,NULL),(499,72,'DL19054-5P',0.00,1,'/images/product/499.205x205.jpg',67,5,0,0,0,0,'/images/product/499.jpg',NULL,0,0,'','','','DL19054-5P','','',NULL,0,0,0,0,0,0,0,0,NULL),(500,72,'DL19055-3P',0.00,1,'/images/product/500.205x205.jpg',68,5,0,0,0,0,'/images/product/500.jpg',NULL,0,0,'','','','DL19055-3P','','',NULL,0,0,0,0,0,0,0,0,NULL),(501,72,'DL19055-5P',0.00,1,'/images/product/501.205x205.jpg',69,5,0,0,0,0,'/images/product/501.jpg',NULL,0,0,'','','','DL19055-5P','','',NULL,0,0,0,0,0,0,0,0,NULL),(502,72,'DL19068-3P',0.00,1,'/images/product/502.205x205.jpg',70,5,0,0,0,0,'/images/product/502.jpg',NULL,0,0,'','','','DL19068-3P','','',NULL,0,0,0,0,0,0,0,0,NULL),(503,72,'DL19068-5P',0.00,1,'/images/product/503.205x205.jpg',71,5,0,0,0,0,'/images/product/503.jpg',NULL,0,0,'','','','DL19068-5P','','',NULL,0,0,0,0,0,0,0,0,NULL),(504,72,'SJ1191-8P',0.00,1,'/images/product/504.205x205.jpg',72,5,0,0,0,0,'/images/product/504.jpg',NULL,0,0,'','','','SJ1191-8P','','',NULL,0,0,0,0,0,0,0,0,NULL),(505,72,'YG-0919-5P',0.00,1,'/images/product/505.205x205.jpg',73,5,0,0,0,0,'/images/product/505.jpg',NULL,0,0,'','','','YG-0919-5P','','',NULL,0,0,0,0,0,0,0,0,NULL),(506,72,'YG-0919-6P',0.00,1,'/images/product/506.205x205.jpg',74,5,0,0,0,0,'/images/product/506.jpg',NULL,0,0,'','','','YG-0919-6P','','',NULL,0,0,0,0,0,0,0,0,NULL),(507,72,'2254-6C',0.00,1,'/images/product/507.205x205.jpg',75,5,0,0,0,0,'/images/product/507.jpg',NULL,0,0,'','','','2254-6C','','',NULL,0,0,0,0,0,0,0,0,NULL),(508,13,NULL,NULL,NULL,NULL,52,-1,0,0,0,0,NULL,NULL,NULL,0,NULL,NULL,NULL,NULL,NULL,NULL,NULL,0,0,0,0,0,0,0,0,NULL),(509,72,'15041-5',0.00,1,'/images/product/509.205x205.jpg',76,5,0,0,0,0,'/images/product/509.jpg',NULL,0,0,'','','','15041-5','','',NULL,0,0,0,0,0,0,0,0,NULL),(510,72,'15078-6CN',0.00,1,'/images/product/510.205x205.jpg',77,5,0,0,0,0,'/images/product/510.jpg',NULL,0,0,'','','','15078-6CN','','',NULL,0,0,0,0,0,0,0,0,NULL),(511,72,'15181-3CB',0.00,1,'/images/product/511.205x205.jpg',78,5,0,0,0,0,'/images/product/511.jpg',NULL,0,0,'','','','15181-3CB','','',NULL,0,0,0,0,0,0,0,0,NULL),(516,13,NULL,NULL,NULL,NULL,53,-1,0,0,0,0,NULL,NULL,NULL,0,NULL,NULL,NULL,NULL,NULL,NULL,NULL,0,0,0,0,0,0,0,0,NULL),(513,72,'15181-5CB',0.00,1,'/images/product/513.205x205.jpg',80,5,0,0,0,0,'/images/product/513.jpg',NULL,0,0,'','','','15181-5CB','','',NULL,0,0,0,0,0,0,0,0,NULL),(514,72,'16116-4CB',0.00,1,'/images/product/514.205x205.jpg',81,5,0,0,0,0,'/images/product/514.jpg',NULL,0,0,'','','','16116-4CB','','',NULL,0,0,0,0,0,0,0,0,NULL),(515,72,'16116-6CB',0.00,1,'/images/product/515.205x205.jpg',82,5,0,0,0,0,'/images/product/515.jpg',NULL,0,0,'','','','16116-6CB','','',NULL,0,0,0,0,0,0,0,0,NULL),(517,72,'16125-3CB',0.00,1,'/images/product/517.205x205.jpg',83,5,0,0,0,0,'/images/product/517.jpg',NULL,0,0,'','','','16125-3CB','','',NULL,0,0,0,0,0,0,0,0,NULL),(518,72,'16125-5CB',0.00,1,'/images/product/518.205x205.jpg',84,5,0,0,0,0,'/images/product/518.jpg',NULL,0,0,'','','','16125-5CB','','',NULL,0,0,0,0,0,0,0,0,NULL),(519,72,'16128-3CA',0.00,1,'/images/product/519.205x205.jpg',85,5,0,0,0,0,'/images/product/519.jpg',NULL,0,0,'','','','16128-3CA','','',NULL,0,0,0,0,0,0,0,0,NULL),(520,72,'16128-5CA',0.00,1,'/images/product/520.205x205.jpg',86,5,0,0,0,0,'/images/product/520.jpg',NULL,0,0,'','','','16128-5CA','','',NULL,0,0,0,0,0,0,0,0,NULL),(521,72,NULL,NULL,NULL,NULL,87,-1,0,0,0,0,NULL,NULL,NULL,0,NULL,NULL,NULL,NULL,NULL,NULL,NULL,0,0,0,0,0,0,0,0,NULL),(522,72,'DL15025-5C',0.00,1,'/images/product/522.205x205.jpg',88,5,0,0,0,0,'/images/product/522.jpg',NULL,0,0,'','','','DL15025-5C','','',NULL,0,0,0,0,0,0,0,0,NULL),(523,72,'DL15026-3CA',0.00,1,'/images/product/523.205x205.jpg',89,5,0,0,0,0,'/images/product/523.jpg',NULL,0,0,'','','','DL15026-3CA','','',NULL,0,0,0,0,0,0,0,0,NULL),(524,72,'DL15041-5CE',0.00,1,'/images/product/524.205x205.jpg',90,5,0,0,0,0,'/images/product/524.jpg',NULL,0,0,'','','','DL15041-5CE','','',NULL,0,0,0,0,0,0,0,0,NULL),(525,72,'DL15183-3C',0.00,1,'/images/product/525.205x205.jpg',91,5,0,0,0,0,'/images/product/525.jpg',NULL,0,0,'','','','DL15183-3C','','',NULL,0,0,0,0,0,0,0,0,NULL),(526,72,'DL15183-5C',0.00,1,'/images/product/526.205x205.jpg',92,5,0,0,0,0,'/images/product/526.jpg',NULL,0,0,'','','','DL15183-5C','','',NULL,0,0,0,0,0,0,0,0,NULL),(527,72,'DL15607-4C',0.00,1,'/images/product/527.205x205.jpg',93,5,0,0,0,0,'/images/product/527.jpg',NULL,0,0,'','','','DL15607-4C','','',NULL,0,0,0,0,0,0,0,0,NULL),(528,72,'DL15607-5C',0.00,1,'/images/product/528.205x205.jpg',94,5,0,0,0,0,'/images/product/528.jpg',NULL,0,0,'','','','DL15607-5C','','',NULL,0,0,0,0,0,0,0,0,NULL),(529,72,'DL16319-4C',0.00,1,'/images/product/529.205x205.jpg',95,5,0,0,0,0,'/images/product/529.jpg',NULL,0,0,'','','','DL16319-4C','','',NULL,0,0,0,0,0,0,0,0,NULL),(530,72,'DL16319-6C',0.00,1,'/images/product/530.205x205.jpg',96,5,0,0,0,0,'/images/product/530.jpg',NULL,0,0,'','','','DL16319-6C','','',NULL,0,0,0,0,0,0,0,0,NULL),(531,72,'DL16319-9C',0.00,1,'/images/product/531.205x205.jpg',97,5,0,0,0,0,'/images/product/531.jpg',NULL,0,0,'','','','DL16319-9C','','',NULL,0,0,0,0,0,0,0,0,NULL),(532,72,'DL16321-4C',0.00,1,'/images/product/532.205x205.jpg',98,5,0,0,0,0,'/images/product/532.jpg',NULL,0,0,'','','','DL16321-4C','','',NULL,0,0,0,0,0,0,0,0,NULL),(533,72,'DL16321-6C',0.00,1,'/images/product/533.205x205.jpg',99,5,0,0,0,0,'/images/product/533.jpg',NULL,0,0,'','','','DL16321-6C','','',NULL,0,0,0,0,0,0,0,0,NULL),(534,72,'DL16321-9C',0.00,1,'/images/product/534.205x205.jpg',100,5,0,0,0,0,'/images/product/534.jpg',NULL,0,0,'','','','DL16321-9C','','',NULL,0,0,0,0,0,0,0,0,NULL),(535,72,'DL16322-4C',0.00,1,'/images/product/535.205x205.jpg',101,5,0,0,0,0,'/images/product/535.jpg',NULL,0,0,'','','','DL16322-4C','','',NULL,0,0,0,0,0,0,0,0,NULL),(536,72,'DL16325-4C',0.00,1,'/images/product/536.205x205.jpg',102,5,0,0,0,0,'/images/product/536.jpg',NULL,0,0,'','','','DL16325-4C','','',NULL,0,0,0,0,0,0,0,0,NULL),(537,72,'DL16325-6C',0.00,1,'/images/product/537.205x205.jpg',103,5,0,0,0,0,'/images/product/537.jpg',NULL,0,0,'','','','DL16325-6C','','',NULL,0,0,0,0,0,0,0,0,NULL),(538,72,'DL16325-11C',0.00,1,'/images/product/538.205x205.jpg',104,5,0,0,0,0,'/images/product/538.jpg',NULL,0,0,'','','','DL16325-11C','','',NULL,0,0,0,0,0,0,0,0,NULL),(539,72,'DL18147-3',0.00,1,'/images/product/539.205x205.jpg',105,5,0,0,0,0,'/images/product/539.jpg',NULL,0,0,'','','','DL18147-3','','',NULL,0,0,0,0,0,0,0,0,NULL),(540,72,'DL18147-5C',0.00,1,'/images/product/540.205x205.jpg',106,5,0,0,0,0,'/images/product/540.jpg',NULL,0,0,'','','','DL18147-5C','','',NULL,0,0,0,0,0,0,0,0,NULL),(541,72,'DL19035-3C',0.00,1,'/images/product/541.205x205.jpg',107,5,0,0,0,0,'/images/product/541.jpg',NULL,0,0,'','','','DL19035-3C','','',NULL,0,0,0,0,0,0,0,0,NULL),(542,72,'DL19035-6C',0.00,1,'/images/product/542.205x205.jpg',108,5,0,0,0,0,'/images/product/542.jpg',NULL,0,0,'','','','DL19035-6C','','',NULL,0,0,0,0,0,0,0,0,NULL),(543,72,'DL19052-4C',0.00,1,'/images/product/543.205x205.jpg',109,5,0,0,0,0,'/images/product/543.jpg',NULL,0,0,'','','','DL19052-4C','','',NULL,0,0,0,0,0,0,0,0,NULL),(544,72,'DL19052-6C',0.00,1,'/images/product/544.205x205.jpg',110,5,0,0,0,0,'/images/product/544.jpg',NULL,0,0,'','','','DL19052-6C','','',NULL,0,0,0,0,0,0,0,0,NULL),(545,72,'SJ1761-4C',0.00,1,'/images/product/545.205x205.jpg',111,5,0,0,0,0,'/images/product/545.jpg',NULL,0,0,'','','','SJ1761-4C','','',NULL,0,0,0,0,0,0,0,0,NULL),(546,72,'SJ1761-6C',0.00,1,'/images/product/546.205x205.jpg',112,5,0,0,0,0,'/images/product/546.jpg',NULL,0,0,'','','','SJ1761-6C','','',NULL,0,0,0,0,0,0,0,0,NULL),(547,77,NULL,NULL,NULL,NULL,1,-1,0,0,0,0,NULL,NULL,NULL,0,NULL,NULL,NULL,NULL,NULL,NULL,NULL,0,0,0,0,0,0,0,0,NULL),(548,79,'新西兰羊毛地毯 客厅茶几卧室床边毯 田园风格 手工雕花',82.00,1,'/images/product/548.205x205.jpg',1,5,0,0,0,0,'/images/product/548.jpg',NULL,0,0,'','','','新西兰羊毛地毯 客厅茶几卧室床边毯 田园风格 手工雕花','','<p> 产地：中国 山东</p>\r\n<p>材质：新西兰进口羊毛</p>\r\n<p>厚度：12MM</p>\r\n<p>重量：3800克/平方米</p>\r\n<p>尺寸：1.7*2.4米、2*3米、3*4米</p>\r\n<p>工艺：手工雕刻（剪花）,层次感立体感强，犹如浮雕</p>\r\n<p>特点：产品花形逼真，毯面手感好，光泽足，达到了光泽如缎的工艺效果</p>\r\n<p>藏毯具有使用价值、欣赏价值、保值价值、增值价值、收藏价值</p>\r\n<p>此报价是出厂价格，不含税和运费。</p>\r\n<p>    华庭雅韵地毯独有的纯手工剪花工艺，150道工序层层筛选。手工雕花，增强了地毯花纹的立体效果，提升了地毯的品质，拥有市场上普通地毯印花不可比拟的独特魅力。地毯采用新西兰进口羊毛材质，柔软有韧性，颜色艳丽，毯面紧实有厚度感，耐用，耐洗。</p>\r\n<p></p>',NULL,0,0,0,0,0,0,0,0,NULL),(549,27,'Лопата снеговая с черенком, алюминевая окантовка   400х420   61580',235.00,2,'/images/product/549.205x205.png',54,5,1,0,0,0,'/images/product/549.png',NULL,0,0,'','','Лопата снеговая с черенком, алюминевая окантовка   400х420   61580','','','<p>Лопата снеговая, 400 х 420 мм, с черенком вс, пластмассовая, металл. окантовка</p>',NULL,0,0,0,0,0,0,0,0,NULL),(550,27,'Скребок ( движок) д/снега  750 х 420 х 1,8  Алюминевый усиленный  61583',895.00,2,'/images/product/550.205x205.png',55,5,1,0,0,0,'/images/product/550.png',NULL,0,0,'','','Скребок ( движок) д/снега  750 х 420 х 1,8  Алюминевый усиленный  61583','','','<p>Скребок ( движок) д/снега 750 х 420 х 1,8 Алюминевый усиленный 61583</p>',NULL,0,0,0,0,0,0,0,0,NULL),(551,27,'Лопата алюминевая с черенком 430 х 370 стальная окантовка 61582',355.00,2,'/images/product/551.205x205.png',56,5,1,0,0,0,'/images/product/551.png',NULL,0,0,'','','Лопата алюминевая с черенком 430 х 370 стальная окантовка 61582','','','<p>Лопата снеговая, 430 х 370 мм, с черенком, алюм. полотно, стальная окантовка</p>',NULL,0,0,0,0,0,0,0,0,NULL),(552,27,'Лопата снеговая, 460 х 340 мм, металлический черенок стальная окантовка',645.00,2,'/images/product/552.205x205.png',57,5,0,0,0,0,'/images/product/552.png',NULL,0,0,'','','Лопата снеговая, 460 х 340 мм, металлический черенок стальная окантовка','','','',NULL,0,0,0,0,0,0,0,0,NULL),(553,13,'Корабль',200000.00,2,'/images/product/553.205x205.jpg',54,5,0,0,0,0,'/images/product/553.jpg',NULL,0,0,'','Корабль','','','','',NULL,0,0,0,0,0,0,0,0,NULL),(554,27,'УРСА ГЕО  М-11/50 2*9000*1200*50мм (21,6м2=1,08м3) (1шт)',1425.00,2,'/images/product/554.205x205.jpg',58,5,1,0,0,0,'/images/product/554.jpg',NULL,0,0,'','','УРСА ГЕО  М-11/50 2*9000*1200*50мм (21,6м2=1,08м3) (1шт)','','','<p>Рекомендуемые области применения<br /> &bull; Полы по лагам <br /> &bull; Перекрытия по балкам <br /> &bull; Реконструкция плоских и малоуклонных крыш <br /> &bull; Модульные здания (бытовки) <br /> &bull; Изоляция трубопроводов <br /> Допустимые области применения<br /> &bull; Звукоизоляционные каркасно-обшивные перегородки <br /> &bull; Изоляция воздуховодов <br /> &bull; Изоляция промышленного оборудования</p>',NULL,0,0,0,0,0,0,0,0,NULL),(555,27,NULL,NULL,NULL,NULL,59,-1,0,0,0,0,NULL,NULL,NULL,0,NULL,NULL,NULL,NULL,NULL,NULL,NULL,0,0,0,0,0,0,0,0,NULL),(556,27,'Утеплитель ИЗОВЕР Сауна 50*1200*12500 (1шт. в уп.; 15м2; 0,75м3) (25) рулон',1950.00,2,'/images/product/556.205x205.jpg',60,5,1,0,0,0,'/images/product/556.jpg',NULL,0,0,'','Утеплитель ИЗОВЕР Сауна 50*1200*12500 (1шт. в уп.; 15м2; 0,75м3) (25) рулон','Утеплитель ИЗОВЕР Сауна 50*1200*12500 (1шт. в уп.; 15м2; 0,75м3) (25) рулон','','','<p>ISOVER Сауна - легкие маты из минеральной ваты на основе стекловолокна, покрытые упрочненной алюминиевой фольгой. Теплоизоляция и паробарьер в одном рулоне. Можно использовать как изолятор для крыши, стен, пола. Для сауны важны низкие теплопотери - этот материал отлично подойдет для утепления.</p>',NULL,0,0,0,0,0,0,0,0,NULL),(557,27,'ИЗБА ВЕНТИ 80 (1000х600х100)',2990.00,2,'/images/product/557.205x205.png',61,5,1,0,0,0,'/images/product/557.png',NULL,0,0,'','','ИЗБА ВЕНТИ 80 (1000х600х100)','','','<p>Лёгкий базальтовый утеплитель. Применяется в качестве ненагружаемой тепло- и звукоизоляции в конструкциях скатных кровель и мансардных помещений, перегородках и других каркасных конструкциях.<br /><br />ХарактеристикиАртикул 87035 <br />Размер плиты, мм1 1200 х 600 <br />Плотность, кг/м.куб1 30 <br />Теплопроводность ( λ10 ), Вт/(м*K)1 0,038 <br />Площадь материала в 1 упаковке, м.кв.1 5,76</p>',NULL,0,0,0,0,0,0,0,0,NULL),(558,27,NULL,NULL,NULL,'/images/product/558.205x205.jpg',62,-1,0,0,0,0,'/images/product/558.jpg',NULL,NULL,0,NULL,NULL,NULL,NULL,NULL,NULL,NULL,0,0,0,0,0,0,0,0,NULL),(559,27,'ТеплоKNAUF Дача 2*50*1220*7380 мм (18м2, 0,9м3)',1485.00,2,'/images/product/559.205x205.jpg',63,5,1,0,0,0,'/images/product/559.jpg',NULL,0,0,'','ТеплоKNAUF Дача 2*50*1220*7380 мм (18м2, 0,9м3)','ТеплоKNAUF Дача 2*50*1220*7380 мм (18м2, 0,9м3)','','','ХарактеристикиКоличество упаковок на поддоне, \n\nРазмер плиты, мм1	 1220 х 7380 \nПлотность, кг/м.куб1	 10 \nТеплопроводность ( λ10 ), Вт/(м*K)1	 0,044 \nПлощадь материала в 1 упаковке, м.кв.1	 18',NULL,0,0,0,0,0,0,0,0,NULL),(560,81,NULL,NULL,NULL,NULL,1,-1,0,0,0,0,NULL,NULL,NULL,0,NULL,NULL,NULL,NULL,NULL,NULL,NULL,0,0,0,0,0,0,0,0,NULL),(561,13,'Диванчик',1500.00,2,'/images/product/561.205x205.jpg',55,5,0,0,0,0,'/images/product/561.jpg',NULL,1,0,'','Диванчик','','','','',NULL,0,0,0,0,0,0,0,0,NULL),(562,39,NULL,NULL,NULL,NULL,12,-1,0,0,0,0,NULL,NULL,NULL,0,NULL,NULL,NULL,NULL,NULL,NULL,NULL,0,0,0,0,0,0,0,0,NULL),(563,82,'足球服',35.00,4,'/images/product/563.205x205.jpg',1,0,0,0,0,0,'/images/product/563.jpg',NULL,300,0,'套','форма для футбольная','','足球服','','',NULL,0,0,0,0,0,0,0,0,NULL),(564,82,NULL,NULL,NULL,NULL,2,-1,0,0,0,0,NULL,NULL,NULL,0,NULL,NULL,NULL,NULL,NULL,NULL,NULL,0,0,0,0,0,0,0,0,NULL),(565,61,NULL,NULL,NULL,NULL,2,-1,0,0,0,0,NULL,NULL,NULL,0,NULL,NULL,NULL,NULL,NULL,NULL,NULL,0,0,0,0,0,0,0,0,NULL),(566,27,'Унитаз-компакт STYLE 1215 С с микролифтом (бордовый) выпуск косой ',3825.00,2,'/images/product/566.205x205.jpg',64,5,1,0,0,0,'/images/product/566.jpg',NULL,0,0,'','','Унитаз-компакт STYLE 1215 С с микролифтом (бордовый) выпуск косой ','','','',NULL,0,0,0,0,0,0,0,0,NULL),(567,13,'ррррр',180.00,2,NULL,56,5,0,0,0,0,NULL,NULL,0,0,'','ррррр','','','','<p>ррррррррдддд</p>',NULL,0,0,0,0,0,0,0,0,NULL),(568,27,'Гидроаккумулятор АКВАБРАЙТ 80 л,горизонтальный ГМ-80 Г (сталь, синий)',2980.00,2,'/images/product/568.205x205.jpg',65,5,1,0,0,0,'/images/product/568.jpg',NULL,0,0,'','','Гидроаккумулятор АКВАБРАЙТ 80 л,горизонтальный ГМ-80 Г (сталь, синий)','','','<p>Описание товара<br /><br />TAIFU ATQB60 Насосная станция с расширительным баком на 24л (35л./мин. на 35 м)<br /><br /> Рабочая среда вода<br /> Максимальное рабочее давление 4 бар<br /> Давление включения 1,4 - 2,5 бар<br /> Давление выключения 2,8 - 3,5 бар<br /> Максимальный проток жидкости 35 л/мин<br /> Средняя подача жидкости 2200 л/час<br /> Максимальная высота подъема жидкости 35 м<br /> Максимальная высота всасывания 8 м<br /> Емкость бака 24 л<br /> Присоединение 1\" х 1\"<br /> Температура жидкости до +35С<br /> Температура окружающей среды до +40С<br /> Мощность 370 Вт<br /> Питание 220 В, 50 Гц<br /> Габариты (мм) 490 х 320 х 540<br /> Масса 8</p>',NULL,0,0,0,0,0,0,0,0,NULL),(570,81,NULL,NULL,NULL,NULL,2,-1,0,0,0,0,NULL,NULL,NULL,0,NULL,NULL,NULL,NULL,NULL,NULL,NULL,0,0,0,0,0,0,0,0,NULL),(571,40,NULL,NULL,NULL,NULL,12,-1,0,0,0,0,NULL,NULL,NULL,0,NULL,NULL,NULL,NULL,NULL,NULL,NULL,0,0,0,0,0,0,0,0,NULL),(572,50,NULL,NULL,NULL,NULL,58,-1,0,0,0,0,NULL,NULL,NULL,0,NULL,NULL,NULL,NULL,NULL,NULL,NULL,0,0,0,0,0,0,0,0,NULL),(573,50,'1.5米墙面水平刮板11015015-A66',25.40,4,'/images/product/573.205x205.jpg',59,5,0,0,0,0,'/images/product/573.jpg',NULL,0,0,'','','','1.5米墙面水平刮板11015015-A66','','',NULL,0,0,0,0,0,0,0,0,NULL),(574,50,'立式2吨液压千斤顶12010102-113',33.60,4,'/images/product/574.205x205.jpg',60,5,0,0,0,0,'/images/product/574.jpg',NULL,0,0,'','','','立式2吨液压千斤顶12010102-113','','',NULL,0,0,0,0,0,0,0,0,NULL),(575,50,'7“钢口钳03010107',8.00,4,'/images/product/575.205x205.jpg',61,5,0,0,0,0,'/images/product/575.jpg',NULL,0,0,'','','','7“钢口钳03010107','','',NULL,0,0,0,0,0,0,0,0,NULL),(576,50,'6寸耐压柄钢丝钳03010206',7.30,4,'/images/product/576.205x205.jpg',62,5,0,0,0,0,'/images/product/576.jpg',NULL,0,0,'','','','6寸耐压柄钢丝钳03010206','','',NULL,0,0,0,0,0,0,0,0,NULL),(577,50,'6寸铁镍合金平口钳03010306',6.90,4,'/images/product/577.205x205.jpg',63,5,0,0,0,0,'/images/product/577.jpg',NULL,0,0,'','','','6寸铁镍合金平口钳03010306','','',NULL,0,0,0,0,0,0,0,0,NULL),(578,69,NULL,NULL,NULL,NULL,7,-1,0,0,0,0,NULL,NULL,NULL,0,NULL,NULL,NULL,NULL,NULL,NULL,NULL,0,0,0,0,0,0,0,0,NULL),(579,69,'TXS-775',0.00,4,'/images/product/579.205x205.jpg',8,5,0,0,0,0,'/images/product/579.jpg',NULL,0,0,'','','','TXS-775','','',NULL,0,0,0,0,0,0,0,0,NULL),(580,69,'TXS-738',0.00,4,'/images/product/580.205x205.jpg',9,5,0,0,0,0,'/images/product/580.jpg',NULL,0,0,'','','','TXS-738','','',NULL,0,0,0,0,0,0,0,0,NULL),(581,69,'TXS-782',0.00,4,'/images/product/581.205x205.jpg',10,5,0,0,0,0,'/images/product/581.jpg',NULL,0,0,'','','','TXS-782','','',NULL,0,0,0,0,0,0,0,0,NULL),(582,69,'TXS-762',0.00,4,'/images/product/582.205x205.jpg',11,5,0,0,0,0,'/images/product/582.jpg',NULL,0,0,'','','','TXS-762','','',NULL,0,0,0,0,0,0,0,0,NULL),(583,69,NULL,NULL,NULL,NULL,12,-1,0,0,0,0,NULL,NULL,NULL,0,NULL,NULL,NULL,NULL,NULL,NULL,NULL,0,0,0,0,0,0,0,0,NULL),(588,39,NULL,NULL,NULL,NULL,15,-1,0,0,0,0,NULL,NULL,NULL,0,NULL,NULL,NULL,NULL,NULL,NULL,NULL,0,0,0,0,0,0,0,0,NULL),(595,84,'跆拳道护具',0.00,1,'/images/product/595.205x205.jpg',2,5,0,0,0,0,'/images/product/595.jpg',NULL,0,0,'','','','跆拳道护具','','<p>Our factory is a highly professional and experienced manufacturer of sporting goods of Martial Arts in China. We manufacture and supply a wide range of Martial Arts goods for boxing,MMA,Taewondo,Karate to customers across the world.</p>\r\n<p></p>\r\n<p>Our products include:</p>\r\n<p>Boxing gloves</p>\r\n<p>Punching gloves</p>\r\n<p>Karate gloves</p>\r\n<p>Taekwondo gloves</p>\r\n<p>Fighting gloves</p>\r\n<p>MMA gloves</p>\r\n<p>Fight gear/Fight arts</p>\r\n<p>Protective gear</p>\r\n<p>Headgear/Head guard/Head protector</p>\r\n<p>Punch pads/Foucs Pads / Kick Pads</p>\r\n<p>Foot guard/Foot protector</p>\r\n<p>Groin Guards/Groin protector</p>\r\n<p>Instep guard/Instep protector</p>\r\n<p>Leg guard/Leg protector/Shin pads</p>\r\n<p>Karate uniform/Karate clothes</p>\r\n<p>Teeth Guard /Teeth Protector</p>\r\n<p>bandage</p>\r\n<p>Belt</p>\r\n<p>Jiangxi Zhengtu Sports Goods Company Limited is &nbsp;skilled at professional boxing,Taekwondo,Karate,MMA equipments manufacture. We have produced excellent quality sports goods for 8 years and well received in domestic market, because of comprehensive technical experience. we gurantee the best quality and acclaim throughout the world.</p>\r\n<p>Our products cover boxing series, Taekwondo series and Karate Sanda series. We offer OEM &amp; ODM services to bear buyers\' labels on our products.</p>\r\n<p>if your are quality hunter at moderate price,please contact us without any hesitation. once you entrust your trial order, we shall complete the rest for your satisfaction.</p>\r\n<p>we are your reliable and long term business partner based on the professional punctuality and innovation.</p>\r\n<p>we are here waiting for you.</p>',NULL,0,0,0,0,0,0,0,0,NULL),(589,28,NULL,NULL,NULL,NULL,10,-1,0,0,0,0,NULL,NULL,NULL,0,NULL,NULL,NULL,NULL,NULL,NULL,NULL,0,0,0,0,0,0,0,0,NULL),(593,83,'本子',6.00,4,'/images/product/593.205x205.jpg',2,3,0,0,0,0,'/images/product/593.jpg',NULL,72,1,'个','','book','本子','','<p>带锁盒装日记本，60页，70克纸。尺寸：21.5*22*3CM</p>',NULL,0,0,0,0,0,0,0,0,NULL),(594,84,'拳击护具',0.00,1,'/images/product/594.205x205.jpg',1,5,0,0,0,0,'/images/product/594.jpg',NULL,0,0,'','','','拳击护具','','<p>Our factory is a highly professional and experienced manufacturer of sporting goods of Martial Arts in China. We manufacture and supply a wide range of Martial Arts goods for boxing,MMA,Taewondo,Karate to customers across the world.</p>\r\n<p></p>\r\n<p>Our products include:</p>\r\n<p>Boxing gloves</p>\r\n<p>Punching gloves</p>\r\n<p>Karate gloves</p>\r\n<p>Taekwondo gloves</p>\r\n<p>Fighting gloves</p>\r\n<p>MMA gloves</p>\r\n<p>Fight gear/Fight arts</p>\r\n<p>Protective gear</p>\r\n<p>Headgear/Head guard/Head protector</p>\r\n<p>Punch pads/Foucs Pads / Kick Pads</p>\r\n<p>Foot guard/Foot protector</p>\r\n<p>Groin Guards/Groin protector</p>\r\n<p>Instep guard/Instep protector</p>\r\n<p>Leg guard/Leg protector/Shin pads</p>\r\n<p>Karate uniform/Karate clothes</p>\r\n<p>Teeth Guard /Teeth Protector</p>\r\n<p>bandage</p>\r\n<p>Belt</p>\r\n<p>Jiangxi Zhengtu Sports Goods Company Limited is &nbsp;skilled at professional boxing,Taekwondo,Karate,MMA equipments manufacture. We have produced excellent quality sports goods for 8 years and well received in domestic market, because of comprehensive technical experience. we gurantee the best quality and acclaim throughout the world.</p>\r\n<p>Our products cover boxing series, Taekwondo series and Karate Sanda series. We offer OEM &amp; ODM services to bear buyers\' labels on our products.</p>\r\n<p>if your are quality hunter at moderate price,please contact us without any hesitation. once you entrust your trial order, we shall complete the rest for your satisfaction.</p>\r\n<p>we are your reliable and long term business partner based on the professional punctuality and innovation.</p>\r\n<p>we are here waiting for you.</p>',NULL,0,0,0,0,0,0,0,0,NULL),(596,84,'空手道护具',0.00,1,'/images/product/596.205x205.jpg',3,5,1,0,0,0,'/images/product/596.jpg',NULL,0,0,'','','','空手道护具','','<p>Our factory is a highly professional and experienced manufacturer of sporting goods of Martial Arts in China. We manufacture and supply a wide range of Martial Arts goods for boxing,MMA,Taewondo,Karate to customers across the world.</p>\r\n<p></p>\r\n<p>Our products include:</p>\r\n<p>Boxing gloves</p>\r\n<p>Punching gloves</p>\r\n<p>Karate gloves</p>\r\n<p>Taekwondo gloves</p>\r\n<p>Fighting gloves</p>\r\n<p>MMA gloves</p>\r\n<p>Fight gear/Fight arts</p>\r\n<p>Protective gear</p>\r\n<p>Headgear/Head guard/Head protector</p>\r\n<p>Punch pads/Foucs Pads / Kick Pads</p>\r\n<p>Foot guard/Foot protector</p>\r\n<p>Groin Guards/Groin protector</p>\r\n<p>Instep guard/Instep protector</p>\r\n<p>Leg guard/Leg protector/Shin pads</p>\r\n<p>Karate uniform/Karate clothes</p>\r\n<p>Teeth Guard /Teeth Protector</p>\r\n<p>bandage</p>\r\n<p>Belt</p>\r\n<p>Jiangxi Zhengtu Sports Goods Company Limited is &nbsp;skilled at professional boxing,Taekwondo,Karate,MMA equipments manufacture. We have produced excellent quality sports goods for 8 years and well received in domestic market, because of comprehensive technical experience. we gurantee the best quality and acclaim throughout the world.</p>\r\n<p>Our products cover boxing series, Taekwondo series and Karate Sanda series. We offer OEM &amp; ODM services to bear buyers\' labels on our products.</p>\r\n<p>if your are quality hunter at moderate price,please contact us without any hesitation. once you entrust your trial order, we shall complete the rest for your satisfaction.</p>\r\n<p>we are your reliable and long term business partner based on the professional punctuality and innovation.</p>\r\n<p>we are here waiting for you.</p>',NULL,0,0,0,0,0,0,0,0,NULL),(597,84,'MMA gloves',0.00,1,'/images/product/597.205x205.jpg',4,5,0,0,0,0,'/images/product/597.jpg',NULL,0,0,'','','','MMA gloves','','<p>Our factory is a highly professional and experienced manufacturer of sporting goods of Martial Arts in China. We manufacture and supply a wide range of Martial Arts goods for boxing,MMA,Taewondo,Karate to customers across the world.</p>\r\n<p></p>\r\n<p>Our products include:</p>\r\n<p>Boxing gloves</p>\r\n<p>Punching gloves</p>\r\n<p>Karate gloves</p>\r\n<p>Taekwondo gloves</p>\r\n<p>Fighting gloves</p>\r\n<p>MMA gloves</p>\r\n<p>Fight gear/Fight arts</p>\r\n<p>Protective gear</p>\r\n<p>Headgear/Head guard/Head protector</p>\r\n<p>Punch pads/Foucs Pads / Kick Pads</p>\r\n<p>Foot guard/Foot protector</p>\r\n<p>Groin Guards/Groin protector</p>\r\n<p>Instep guard/Instep protector</p>\r\n<p>Leg guard/Leg protector/Shin pads</p>\r\n<p>Karate uniform/Karate clothes</p>\r\n<p>Teeth Guard /Teeth Protector</p>\r\n<p>bandage</p>\r\n<p>Belt</p>\r\n<p>Jiangxi Zhengtu Sports Goods Company Limited is &nbsp;skilled at professional boxing,Taekwondo,Karate,MMA equipments manufacture. We have produced excellent quality sports goods for 8 years and well received in domestic market, because of comprehensive technical experience. we gurantee the best quality and acclaim throughout the world.</p>\r\n<p>Our products cover boxing series, Taekwondo series and Karate Sanda series. We offer OEM &amp; ODM services to bear buyers\' labels on our products.</p>\r\n<p>if your are quality hunter at moderate price,please contact us without any hesitation. once you entrust your trial order, we shall complete the rest for your satisfaction.</p>\r\n<p>we are your reliable and long term business partner based on the professional punctuality and innovation.</p>\r\n<p>we are here waiting for you.</p>',NULL,0,0,0,0,0,0,0,0,NULL),(599,85,NULL,NULL,NULL,NULL,1,-1,0,0,0,0,NULL,NULL,NULL,0,NULL,NULL,NULL,NULL,NULL,NULL,NULL,0,0,0,0,0,0,0,0,NULL),(600,50,NULL,NULL,NULL,'/images/product/600.205x205.jpg',64,-1,0,0,0,0,'/images/product/600.jpg',NULL,NULL,0,NULL,NULL,NULL,NULL,NULL,NULL,NULL,0,0,0,0,0,0,0,0,NULL),(601,50,NULL,NULL,NULL,NULL,65,-1,0,0,0,0,NULL,NULL,NULL,0,NULL,NULL,NULL,NULL,NULL,NULL,NULL,0,0,0,0,0,0,0,0,NULL),(602,50,'',4.80,4,'/images/product/602.205x205.jpg',66,5,0,0,0,0,'/images/product/602.jpg',NULL,100,0,'100 штук','хомут пластмассовый ','','','','<p>300*3.6mm</p>',NULL,0,0,0,0,0,0,0,0,NULL),(603,27,'G4011 Смеситель Кухня Frap LUX шар. МАКСИ д35',3315.00,2,'/images/product/603.205x205.jpg',66,5,1,0,0,0,'/images/product/603.jpg',NULL,0,0,'','','G4011 Смеситель Кухня Frap LUX шар. МАКСИ д35','','','',NULL,0,0,0,0,0,0,0,0,NULL),(604,27,'G3011 Смеситель Ванна Frap. шар. d-35 кор.нос ',4085.00,2,'/images/product/604.205x205.jpg',67,5,1,0,0,0,'/images/product/604.jpg',NULL,0,0,'','','G3011 Смеситель Ванна Frap. шар. d-35 кор.нос ','','','<p>Стильный смеситель для ванной Frap &ndash; функциональное и надежное устройство. Благодаря грамотно разработанной конструкции, прибор отлично справляется с регулированием температуры и напора потоков воды. Кроме того, этот смеситель выполнен из сертифицированных качественных материалов. Поэтому его блестящая гладкая поверхность гарантированно сохраняет роскошный внешний облик даже после длительной эксплуатации.<br />Особенности:<br />Материал корпуса: высококачественная латунь с высоким содержанием меди.<br />Комплектующие изготовлены из высококачественных материалов.<br />Картриджи и кран-буксы с шумопонижающим эффектом.Керамический картридж с повышенным ресурсом (ресурс 500000 переключений).<br />Улучшенный аэратор, смягчающий воду. <br />Удобное и надежное крепление.<br />Покрытие: хромовое покрытие с высокой устойчивостью к агрессивной среде и всевозможным моющим средствам.<br />Характеристики:<br /><br />Материал: Латунь<br />Цвет: Хром<br />Гарантийный срок: 5 лет<br />Страна: Китай</p>',NULL,0,0,0,0,0,0,0,0,NULL),(605,27,'G2211 Смеситель Ванна Frap LUX шар. d-35 шар/перекл. ',3950.00,2,'/images/product/605.205x205.jpg',68,5,1,0,0,0,'/images/product/605.jpg',NULL,0,0,'','','G2211 Смеситель Ванна Frap LUX шар. d-35 шар/перекл. ','','','<p>Описание:<br /><br />Стильный смеситель для ванной Frap &ndash; функциональное и надежное устройство. Благодаря грамотно разработанной конструкции, прибор отлично справляется с регулированием температуры и напора потоков воды. Кроме того, этот смеситель выполнен из сертифицированных качественных материалов. Поэтому его блестящая гладкая поверхность гарантированно сохраняет роскошный внешний облик даже после длительной эксплуатации.<br />Особенности:<br />Материал корпуса: высококачественная латунь с высоким содержанием меди.<br />Комплектующие изготовлены из высококачественных материалов.<br />Картриджи и кран-буксы с шумопонижающим эффектом.Керамический картридж с повышенным ресурсом (ресурс 500000 переключений).<br />Улучшенный аэратор, смягчающий воду. <br />Удобное и надежное крепление.<br />Покрытие: хромовое покрытие с высокой устойчивостью к агрессивной среде и всевозможным моющим средствам.<br />Характеристики:<br /><br />Материал: Латунь<br />Цвет: Хром<br />Гарантийный срок: 5 лет<br />Страна: Китай</p>',NULL,0,0,0,0,0,0,0,0,NULL),(606,27,'G2011 Смеситель для душа Frap LUX шар. d-35',2275.00,2,'/images/product/606.205x205.jpg',69,5,1,0,0,0,'/images/product/606.jpg',NULL,0,0,'','','G2011 Смеситель для душа Frap LUX шар. d-35','','','<p>Смеситель Frap Люкс G2011<br /><br /> Модель: Люкс G2011<br /> Материал: латунь (A)<br /> Покрытие/цвет: хром<br /> Назначение: для душа<br /> Монтаж: на поверхность<br /> Кардридж керамический (мм): 35<br /> Особенности:<br /> испанский керамический картридж Sedal<br /> держатель лейки<br /> лейка(3x режим)<br /> Шланг противозаломный, вращается на 360 гр.</p>',NULL,0,0,0,0,0,0,0,0,NULL),(607,13,NULL,NULL,NULL,NULL,57,-1,0,0,0,0,NULL,NULL,NULL,0,NULL,NULL,NULL,NULL,NULL,NULL,NULL,0,0,0,0,0,0,0,0,NULL),(608,27,NULL,NULL,NULL,NULL,70,-1,0,0,0,0,NULL,NULL,NULL,0,NULL,NULL,NULL,NULL,NULL,NULL,NULL,0,0,0,0,0,0,0,0,NULL),(609,27,NULL,NULL,NULL,NULL,71,-1,0,0,0,0,NULL,NULL,NULL,0,NULL,NULL,NULL,NULL,NULL,NULL,NULL,0,0,0,0,0,0,0,0,NULL),(610,50,NULL,NULL,NULL,NULL,67,-1,0,0,0,0,NULL,NULL,NULL,0,NULL,NULL,NULL,NULL,NULL,NULL,NULL,0,0,0,0,0,0,0,0,NULL),(611,50,'吉利柄钢丝钳6寸03010508',7.50,4,'/images/product/611.205x205.jpg',68,5,0,0,0,0,'/images/product/611.jpg',NULL,0,0,'','','','吉利柄钢丝钳6寸03010508','','8寸   8.6rmb',NULL,0,0,0,0,0,0,0,0,NULL),(612,44,'条纹画框',32.00,4,'/images/product/612.205x205.jpg',37,5,1,0,0,0,'/images/product/612.jpg',NULL,20,0,'个','','stripe frame','条纹画框','','<p>YX-2644</p>',NULL,0,0,0,0,0,0,0,0,NULL),(613,44,'条纹 画框',32.00,4,'/images/product/613.205x205.jpg',38,5,1,0,0,0,'/images/product/613.jpg',NULL,20,0,'个','','stripe frame','条纹 画框','','<p>YX-1807</p>',NULL,0,0,0,0,0,0,0,0,NULL),(614,44,'条纹 画框',32.00,4,'/images/product/614.205x205.jpg',39,5,1,0,0,0,'/images/product/614.jpg',NULL,20,0,'个','','stripe frame','条纹 画框','','<p>YX-1472</p>',NULL,0,0,0,0,0,0,0,0,NULL),(615,44,'条纹 画框',32.00,4,'/images/product/615.205x205.jpg',40,5,1,0,0,0,'/images/product/615.jpg',NULL,20,0,'个','','stripe frame','条纹 画框','','<p>CT-266</p>',NULL,0,0,0,0,0,0,0,0,NULL),(616,44,'条纹 画框',32.00,4,'/images/product/616.205x205.jpg',41,5,1,0,0,0,'/images/product/616.jpg',NULL,20,0,'个','','stripe frame','条纹 画框','','<p>CT-265</p>',NULL,0,0,0,0,0,0,0,0,NULL),(617,44,'条纹 画框',32.00,4,'/images/product/617.205x205.jpg',42,5,1,0,0,0,'/images/product/617.jpg',NULL,20,0,'个','','stripe frame','条纹 画框','','<p>YX-9322</p>',NULL,0,0,0,0,0,0,0,0,NULL),(618,44,'条纹 画框',32.00,4,'/images/product/618.205x205.jpg',43,5,1,0,0,0,'/images/product/618.jpg',NULL,20,0,'个','','stripe frame','条纹 画框','','<p>YX-8972</p>',NULL,0,0,0,0,0,0,0,0,NULL),(619,44,'银边',25.00,4,'/images/product/619.205x205.jpg',44,5,1,0,0,0,'/images/product/619.jpg',NULL,24,0,'个','','','银边','','<p>YX-1807</p>',NULL,0,0,0,0,0,0,0,0,NULL),(620,44,'银边',25.00,4,'/images/product/620.205x205.jpg',45,5,1,0,0,0,'/images/product/620.jpg',NULL,24,0,'个','','','银边','','<p>YX-1472</p>',NULL,0,0,0,0,0,0,0,0,NULL),(621,44,'银边',25.00,4,'/images/product/621.205x205.jpg',46,5,1,0,0,0,'/images/product/621.jpg',NULL,24,0,'个','','','银边','','<p>YX-9322</p>',NULL,0,0,0,0,0,0,0,0,NULL),(622,44,'银边',25.00,4,'/images/product/622.205x205.jpg',47,5,1,0,0,0,'/images/product/622.jpg',NULL,24,0,'个','','','银边','','<p>YX-8972</p>',NULL,0,0,0,0,0,0,0,0,NULL),(623,44,'银边',25.00,4,'/images/product/623.205x205.jpg',48,5,1,0,0,0,'/images/product/623.jpg',NULL,24,0,'个','','','银边','','<p>CT-266</p>',NULL,0,0,0,0,0,0,0,0,NULL),(624,44,'银边',25.00,4,'/images/product/624.205x205.jpg',49,5,1,0,0,0,'/images/product/624.jpg',NULL,24,0,'个','','','银边','','<p>CT-265</p>',NULL,0,0,0,0,0,0,0,0,NULL),(625,44,'金边',25.00,4,'/images/product/625.205x205.jpg',50,5,1,0,0,0,'/images/product/625.jpg',NULL,24,0,'个','','','金边','','<p>YX-1472</p>',NULL,0,0,0,0,0,0,0,0,NULL),(626,44,'金边',25.00,4,'/images/product/626.205x205.jpg',51,5,1,0,0,0,'/images/product/626.jpg',NULL,24,0,'个','','','金边','','<p>YX-8972</p>',NULL,0,0,0,0,0,0,0,0,NULL),(627,44,'金边',25.00,4,'/images/product/627.205x205.jpg',52,5,1,0,0,0,'/images/product/627.jpg',NULL,24,0,'个','','','金边','','<p>YX-9322</p>',NULL,0,0,0,0,0,0,0,0,NULL),(628,44,'金边',25.00,4,'/images/product/628.205x205.jpg',53,5,1,0,0,0,'/images/product/628.jpg',NULL,24,0,'个','','','金边','','<p>CT-266</p>',NULL,0,0,0,0,0,0,0,0,NULL),(629,44,'金边',25.00,4,'/images/product/629.205x205.jpg',54,5,1,0,0,0,'/images/product/629.jpg',NULL,24,0,'个','','','金边','','<p>YX-8780</p>',NULL,0,0,0,0,0,0,0,0,NULL),(630,44,'银边',25.00,4,'/images/product/630.205x205.jpg',55,5,1,0,0,0,'/images/product/630.jpg',NULL,24,0,'个','','','银边','','<p>CT-265</p>',NULL,0,0,0,0,0,0,0,0,NULL),(631,44,'金边',25.00,4,'/images/product/631.205x205.jpg',56,5,1,0,0,0,'/images/product/631.jpg',NULL,24,0,'个','','','金边','','<p>YX-1807</p>',NULL,0,0,0,0,0,0,0,0,NULL),(632,87,'люстра',91.00,1,'/images/product/632.205x205.jpg',1,5,0,1,0,0,'/images/product/632.jpg',NULL,0,0,'','','','люстра','','<p><em>напольный светильн<strong></strong>ик.материал：железа</em></p>',NULL,0,0,0,0,0,0,0,0,NULL),(633,87,NULL,NULL,NULL,NULL,2,-1,0,0,0,0,NULL,NULL,NULL,0,NULL,NULL,NULL,NULL,NULL,NULL,NULL,0,0,0,0,0,0,0,0,NULL),(634,27,'Фен VECTOR  HD 06202MVC  2000Bт, 80-600гр.  480 л/мин, пл. регул ЖК-диспл.,',1125.00,2,NULL,72,5,1,0,0,0,NULL,NULL,0,0,'','','Фен VECTOR  HD 06202MVC  2000Bт, 80-600гр.  480 л/мин, пл. регул ЖК-диспл.,','','','<p>2 режима работы<br />встроенный ЖК-дисплей температуры<br />плавная электронная регулировка температуры потока воздуха для работы с разнообразными материалами, от пластика до металла при пайке<br />плоская тыльная часть фена позволяет использовать фен в стационарном положении<br />Технические характеристики:<br />мощность: 2000 Вт<br />рабочая температура: 80-600 гр<br />объем потока воздуха: 240/480 литров<br /><br /><br />Комплектация: 4 насадки на сопло и скребок</p>',NULL,0,0,0,0,0,0,0,0,NULL),(635,27,NULL,NULL,NULL,NULL,73,-1,0,0,0,0,NULL,NULL,NULL,0,NULL,NULL,NULL,NULL,NULL,NULL,NULL,0,0,0,0,0,0,0,0,NULL),(636,27,'ФЕН  ИНТЕРСКОЛ ФЭ-2000Э',1065.00,2,'/images/product/636.205x205.png',74,5,1,0,0,0,'/images/product/636.png',NULL,0,0,'','','ФЕН  ИНТЕРСКОЛ ФЭ-2000Э','','','<p>Характеристики:<br /> Потребляемая мощность 2000 Вт<br /> Частота тока 50 Гц<br /> Габариты 260х80х200 мм (без насадок)<br /> Производительность 300&hellip;500 л /мин<br /> Шнур питания 2 м, не менее<br /> Класс безопасности II<br /> Температура нагрева 80&hellip;600 &deg;С<br /> Номинальное напряжение 220 В<br /> Количество режимов работы 3</p>',NULL,0,0,0,0,0,0,0,0,NULL),(637,27,'Дрель ДУС-2150 500 Вт  0-3600 об/мин   \" Союз \"',860.00,2,'/images/product/637.205x205.png',75,5,1,0,0,0,'/images/product/637.png',NULL,0,0,'','','Дрель ДУС-2150 500 Вт  0-3600 об/мин   \" Союз \"','','','<p>Общие характеристики<br />Тип<br />безударный<br />Назначение<br />дрель-шуруповерт<br />Тип патрона<br />быстрозажимной<br />Питание<br />сетевой<br />Мощность<br />500 Вт<br />Число скоростей<br />одна<br />Диаметр сверления (дерево)<br />20 мм<br />Диаметр сверления (металл)<br />10 мм<br />Функциональные возможности<br />Реверс<br />есть<br />Режимы работы<br />сверление<br />Электронная регулировка частоты вращения<br />есть<br />Дополнительно<br />Цвет<br />синий<br />Вес<br />1.23 кг</p>\n<p>Дрель-шуруповерт СОЮЗ ДУС-2150 - простой, надежный и экономичный инструмент бытового уровня. Предназначен для сверления отверстий диаметром до 20 мм в древесине или до 10 мм в металле, а также для работ с крепежом в качестве шуруповерта. Быстрая и легкая смена рабочей оснастки осуществляется благодаря быстрозажимному бесключевому патрону с&nbsp;</p>',NULL,0,0,0,0,0,0,0,0,NULL),(638,27,'Дрель ударная ID207BZ  700Вт  БЗП  1,5-13мм',1165.00,2,'/images/product/638.205x205.jpeg',76,5,1,0,0,0,'/images/product/638.jpeg',NULL,0,0,'','','Дрель ударная ID207BZ  700Вт  БЗП  1,5-13мм','','','<p>Характеристики:<br /> Потребляемая мощность 700 Вт<br /> Напряжение/Частота 230 В/50 Гц<br /> Число оборотов на холостом ходу 0-2600 об/мин<br /> Функции сверление/сверление с ударом<br /> Частота ударов 0-41600 уд/мин<br /> Патрон быстрозажимной<br /> Диаметр зажима 1,5-13 мм<br /> Диаметр сверления древесина 25 мм; металл 10 мм; бетон 13 мм<br /> Масса 2,0 кг<br /> <br />Преимущества:<br /> Быстрозажимной патрон; <br /> Высокая частота ударов для быстрого и легкого сверления каменной кладки; <br /> Возможность отключения ударного механизма для выполнения обычных операций сверления и завинчивания; <br /> Реверсный механизм для завинчивания/вывинчивания шурупов и болтов;<br /> Удобный курок выключателя с колесиком, регулирующим скорость частоты вращения для оптимального выполнения различных работ; <br /> Фиксация клавиши включателя для удобства при продолжительной работе; <br /> Плавно регулируемая (на 360&deg;) боковая металлическая рукоятка для стабильной и безопасной работы обеими руками; <br /> Легко устанавливаемый регулятор глубины для сверления отверстий на заданную глубину; <br /> Поставляется с запасными угольными щетками.<br /> <br />Комплектация:</p>',NULL,0,0,0,0,0,0,0,0,NULL),(639,27,'Дрель MAKITA HP 1620K 650Вт ф13мм, удар, рег, рев, (Кейс).',3120.00,2,'/images/product/639.205x205.jpg',77,5,1,0,0,0,'/images/product/639.jpg',NULL,0,0,'','','Дрель MAKITA HP 1620K 650Вт ф13мм, удар, рег, рев, (Кейс).','','','<p>Основные характеристики <br />Производитель Makita<br />Модель HP1620K<br />Тип оборудования Ударная дрель<br />Скорость вращения 0 ~ 2800 об/мин<br />Реверс Есть<br />Держатель инструмента Цанговый патрон с фиксацией инструмента при помощи ключа.<br />Диаметр патрона 1.5 ~ 13 мм<br />Максимальный диаметр сверла 16 мм (бетон), 13 мм (сталь), 30 мм (дерево)<br />Мощность 650 Вт<br />Безопасность <br />Питание <br />Питание От электросети аккумулятор<br />Прочие характеристики <br />Вес 1,7 кг<br />Логистика <br />Размеры упаковки 37.2 x 33.5 x 9 см<br />Вес брутто 3.2 кг</p>',NULL,0,0,0,0,0,0,0,0,NULL),(640,27,'Перфоратор Интерскол П-18/450 ЭР (450Вт,бур,рев, кейс )  1,82кг.',2570.00,2,'/images/product/640.205x205.jpg',78,5,1,0,0,0,'/images/product/640.jpg',NULL,0,0,'','','Перфоратор Интерскол П-18/450 ЭР (450Вт,бур,рев, кейс )  1,82кг.','','','<p>Характеристики:<br /> Потребляемая мощность 450 Вт<br /> Система крепления инструмента SDS plus<br /> Номинальное напряжение 220V/50Hz<br /> Макс. диаметр бурения 18 мм<br /> Частота вращения 0-1650 об/мин<br /> Частота ударов 0-7500 уд/мин<br /> Энергия удара 1,2 Дж<br /> Количество режимов работы 2<br /> Реверс есть<br /> Вес 1,82 кг без шнура</p>',NULL,0,0,0,0,0,0,0,0,NULL),(641,27,'СВАРОЧНЫЙ АППАРАТ GAMMA 3200 220/380В., 200А.,защита от перегрузок, Д-4мм',6395.00,2,'/images/product/641.205x205.jpg',79,5,0,0,0,0,'/images/product/641.jpg',NULL,0,0,'','','СВАРОЧНЫЙ АППАРАТ GAMMA 3200 220/380В., 200А.,защита от перегрузок, Д-4мм','','','<p>ХАРАКТЕРИСТИКИ <br /><br /><br />Сварочный ток max: 190 А<br /><br />Min ток: 55 А<br /><br />Напряжение холостого хода: 52 В<br /><br />Диаметр электр/провол: 2-4 мм<br /><br />Max мощность: 3.5 кВт<br /><br />Напряжение: 220/380 В<br /><br />Количество посто</p>\n<p>Сварочный аппарат Blue Weld Gamma 3200 814453 предназначен для сварки методом MMA. Данный метод сварки отличается мобильностью и экономичностью. Аппарат прост и надежен в использовании, имеет долгий срок службы, оборудован колесами и рукояткой, облегчающими его транспортировку. Подключается к питанию переменного тока напряжением 220 или 380 Вольт. Защищен от перегрева и имеет возможность регулировки силы тока. Работает рутиловыми электродами диаметром о 2 до 4 миллиметров.</p>\n<p></p>',NULL,0,0,0,0,0,0,0,0,NULL),(642,27,NULL,NULL,NULL,NULL,80,-1,0,0,0,0,NULL,NULL,NULL,0,NULL,NULL,NULL,NULL,NULL,NULL,NULL,0,0,0,0,0,0,0,0,NULL),(643,50,NULL,NULL,NULL,NULL,69,-1,0,0,0,0,NULL,NULL,NULL,0,NULL,NULL,NULL,NULL,NULL,NULL,NULL,0,0,0,0,0,0,0,0,NULL),(644,88,NULL,NULL,NULL,NULL,1,-1,0,0,0,0,NULL,NULL,NULL,0,NULL,NULL,NULL,NULL,NULL,NULL,NULL,0,0,0,0,0,0,0,0,NULL),(645,88,'YL013B转换插头',3.84,4,'/images/product/645.205x205.jpg',2,5,0,0,0,0,'/images/product/645.jpg',NULL,240,1,'','','','YL013B转换插头','','',NULL,0,0,0,0,0,0,0,0,NULL),(646,88,'YL013A意式转换插头',4.20,4,'/images/product/646.205x205.jpg',3,5,0,0,0,0,'/images/product/646.jpg',NULL,240,1,'','','','YL013A意式转换插头','','<p>Item No.YL013A</p>\r\n<p></p>\r\n<p>10A/250V ,1500W</p>\r\n<p>Qty:240PCS/CTN</p>\r\n<p>Size:39X31X50</p>',NULL,0,0,0,0,0,0,0,0,NULL),(647,88,'YL013意式转换插头',4.02,4,'/images/product/647.205x205.jpg',4,5,0,0,0,0,'/images/product/647.jpg',NULL,240,0,'','','','YL013意式转换插头','','<p>Item No.YL013</p>\r\n<p></p>\r\n<p>10A/250V ,MAX：1500W</p>\r\n<p>Qty:240PCS/CTN</p>\r\n<p>Size:29X31X50CM</p>',NULL,0,0,0,0,0,0,0,0,NULL),(648,89,NULL,NULL,NULL,'/images/product/648.205x205.jpg',1,-1,0,0,0,0,'/images/product/648.jpg',NULL,NULL,0,NULL,NULL,NULL,NULL,NULL,NULL,NULL,0,0,0,0,0,0,0,0,NULL),(649,13,'Люстр',5400.00,2,'/images/product/649.205x205.jpg',58,5,0,0,0,0,'/images/product/649.jpg',NULL,0,0,'','Люстр','','','','',NULL,0,0,0,0,0,0,0,0,NULL),(650,89,'диваны -A486#',635.40,1,'/images/product/650.205x205.jpg',2,5,1,0,0,0,'/images/product/650.jpg',NULL,0,0,'','','','диваны -A486#','','<p>1-seater  94*79*73     0.58m³</p>\r\n<p>2-seater 205*79*73     1.28m³</p>\r\n<p>Кожа-зам </p>\r\n<p></p>',NULL,0,0,0,0,0,0,0,0,NULL),(651,89,'диваны-A472#',452.90,1,'/images/product/651.205x205.jpg',3,5,1,0,0,0,'/images/product/651.jpg',NULL,0,0,'','','','диваны-A472#','','<p>1-seater  102*88*65cm       0.63m³</p>\r\n<p>3-seater   207*88*65cm       1.26m³</p>\r\n<p></p>\r\n<p>Кожа-зам</p>',NULL,0,0,0,0,0,0,0,0,NULL),(652,89,'диваны-A480#',356.00,1,'/images/product/652.205x205.jpg',4,5,1,0,0,0,'/images/product/652.jpg',NULL,0,0,'','','','диваны-A480#','','<p>1-seater  87*89*60cm       0.5m³</p>\r\n<p>3-seater   200*89*60cm       1.16m³</p>\r\n<p></p>\r\n<p>Кожа-зам</p>',NULL,0,0,0,0,0,0,0,0,NULL),(653,89,'диваны-A478#',355.00,1,'/images/product/653.205x205.jpg',5,5,1,0,0,0,'/images/product/653.jpg',NULL,0,0,'','','','диваны-A478#','','<p>1-seater  89*103*77cm       0.74m³</p>\r\n<p>3-seater   190*103*77cm       1.55m³</p>\r\n<p></p>\r\n<p>Кожа-зам</p>',NULL,0,0,0,0,0,0,0,0,NULL),(654,89,'диваны-A482#',429.70,1,'/images/product/654.205x205.jpg',6,5,0,0,0,0,'/images/product/654.jpg',NULL,0,0,'','','','диваны-A482#','','<p>1-seater  109*95*73cm       0.8m³</p>\r\n<p>3-seater   220*95*73cm      1.61m³</p>\r\n<p></p>\r\n<p>Кожа-зам</p>',NULL,0,0,0,0,0,0,0,0,NULL),(655,89,'диваны-A453#',384.30,1,'/images/product/655.205x205.jpg',7,5,1,0,0,0,'/images/product/655.jpg',NULL,0,0,'','','','диваны-A453#','','<p>1-seater   85*85*73cm         0.63m³</p>\r\n<p>3-seater   217*85*73cm       1.26m³</p>\r\n<p></p>\r\n<p>Кожа-зам</p>',NULL,0,0,0,0,0,0,0,0,NULL),(656,89,'диваны-A489#',346.10,1,'/images/product/656.205x205.jpg',8,5,1,0,0,0,'/images/product/656.jpg',NULL,0,0,'','','','диваны-A489#','','<p>1-seater   82*81*78cm         0.57m³</p>\r\n<p>3-seater   189*81*78cm       1.27m³</p>\r\n<p></p>\r\n<p>Кожа-зам</p>',NULL,0,0,0,0,0,0,0,0,NULL),(657,89,'диваны-A497#',397.50,1,'/images/product/657.205x205.jpg',9,5,1,0,0,0,'/images/product/657.jpg',NULL,0,0,'','','','диваны-A497#','','<p>1-seater     90*85*72cm       0.64m³</p>\r\n<p>3-seater   200*85*72cm       1.38m³</p>\r\n<p></p>\r\n<p>Кожа-зам</p>',NULL,0,0,0,0,0,0,0,0,NULL),(658,89,'диваны-A475#',414.30,1,'/images/product/658.205x205.jpg',10,5,1,0,0,0,'/images/product/658.jpg',NULL,0,0,'','','','диваны-A475#','','<p>1-seater    93*85*74        0.59m³</p>\r\n<p>3-seater    201*85*74      1.24m³</p>\r\n<p></p>\r\n<p>Кожа-зам</p>',NULL,0,0,0,0,0,0,0,0,NULL),(660,89,'диваны-A499#',256.60,1,'/images/product/660.205x205.jpg',12,5,1,0,0,0,'/images/product/660.jpg',NULL,0,0,'','','','диваны-A499#','','<p>3-seater    223*95*70cm       1.66m³</p>\r\n<p></p>\r\n<p>Кожа-зам</p>',NULL,0,0,0,0,0,0,0,0,NULL),(659,89,'диваны-A526#',345.40,1,'/images/product/659.205x205.jpg',11,5,1,0,0,0,'/images/product/659.jpg',NULL,0,0,'','','','диваны-A526#','','<p>1-seater     82*81*80cm        0.62m³</p>\r\n<p>3-seater    191*81*80cm       1.39m³</p>\r\n<p></p>\r\n<p>Кожа-зам</p>',NULL,0,0,0,0,0,0,0,0,NULL),(661,89,'диваны-A471#',319.00,1,'/images/product/661.205x205.jpg',13,5,1,0,0,0,'/images/product/661.jpg',NULL,1,0,'','офисный диван','office sofa','диваны-A471#','','<p>1-seater     79*87*71cm        0.53m³</p>\r\n<p>3-seater     200*87*71cm      1.37m³</p>\r\n<p></p>\r\n<p>Кожа-зам</p>',NULL,0,0,0,0,0,0,0,0,NULL),(663,89,'диваны-A520#',377.90,1,'/images/product/663.205x205.jpg',15,5,1,0,0,0,'/images/product/663.jpg',NULL,0,0,'','','','диваны-A520#','','<p>1-seater     95*80*81cm        0.66m³</p>\r\n<p>3-seater    207*80*81cm      1.42m³</p>\r\n<p></p>\r\n<p>Кожа-зам</p>',NULL,0,0,0,0,0,0,0,0,NULL),(662,89,NULL,NULL,NULL,NULL,14,-1,0,0,0,0,NULL,NULL,NULL,0,NULL,NULL,NULL,NULL,NULL,NULL,NULL,0,0,0,0,0,0,0,0,NULL),(667,27,NULL,NULL,NULL,NULL,81,-1,0,0,0,0,NULL,NULL,NULL,0,NULL,NULL,NULL,NULL,NULL,NULL,NULL,0,0,0,0,0,0,0,0,NULL),(664,89,'диваны-A701#',829.60,1,'/images/product/664.205x205.jpg',16,5,1,0,0,0,'/images/product/664.jpg',NULL,0,0,'','','','диваны-A701#','','<p>1-seater     70*76*124cm        0.57m³</p>\r\n<p>3-seater     166*76*124cm      1.65m³</p>\r\n<p></p>\r\n<p>Кожа-зам</p>',NULL,0,0,0,0,0,0,0,0,NULL),(665,89,'диваны-A492#',651.90,1,'/images/product/665.205x205.jpg',17,5,1,0,0,0,'/images/product/665.jpg',NULL,0,0,'','','','диваны-A492#','','<p>3-seater     192*70*127cm      0.85m³</p>\r\n<p></p>\r\n<p>Кожа-зам</p>',NULL,0,0,0,0,0,0,0,0,NULL),(666,89,'диваны-A490#',231.20,1,'/images/product/666.205x205.jpg',18,5,1,0,0,0,'/images/product/666.jpg',NULL,0,0,'','','','диваны-A490#','','<p>3-seater     200*87*71cm      0.34m³</p>\r\n<p></p>\r\n<p></p>',NULL,0,0,0,0,0,0,0,0,NULL),(668,89,NULL,NULL,NULL,NULL,19,-1,0,0,0,0,NULL,NULL,NULL,0,NULL,NULL,NULL,NULL,NULL,NULL,NULL,0,0,0,0,0,0,0,0,NULL),(669,50,NULL,NULL,NULL,NULL,70,-1,0,0,0,0,NULL,NULL,NULL,0,NULL,NULL,NULL,NULL,NULL,NULL,NULL,0,0,0,0,0,0,0,0,NULL),(670,50,'6\"梅花柄镍铁钢丝钳03010608',6.90,4,'/images/product/670.205x205.jpg',71,5,0,0,0,0,'/images/product/670.jpg',NULL,0,0,'','','','6\"梅花柄镍铁钢丝钳03010608','','<p>8\" &nbsp; &nbsp;9.00 RMB</p>',NULL,0,0,0,0,0,0,0,0,NULL),(671,50,'手动钳子镍铁6寸03010708',7.30,4,'/images/product/671.205x205.jpg',72,5,0,0,0,0,'/images/product/671.jpg',NULL,0,0,'','','','手动钳子镍铁6寸03010708','','<p>8\" &nbsp; &nbsp; 9.8 RMB</p>',NULL,0,0,0,0,0,0,0,0,NULL),(672,85,NULL,NULL,NULL,NULL,2,-1,0,0,0,0,NULL,NULL,NULL,0,NULL,NULL,NULL,NULL,NULL,NULL,NULL,0,0,0,0,0,0,0,0,NULL),(673,50,' 奥利柄镍铁钢丝钳6寸03010808',7.20,4,'/images/product/673.205x205.jpg',73,5,0,0,0,0,'/images/product/673.jpg',NULL,0,0,'','','',' 奥利柄镍铁钢丝钳6寸03010808','','',NULL,0,0,0,0,0,0,0,0,NULL),(674,50,NULL,NULL,NULL,NULL,74,-1,0,0,0,0,NULL,NULL,NULL,0,NULL,NULL,NULL,NULL,NULL,NULL,NULL,0,0,0,0,0,0,0,0,NULL),(675,50,'工业级钢丝钳160mm03010916',23.60,4,'/images/product/675.205x205.jpg',75,5,0,0,0,0,'/images/product/675.jpg',NULL,0,0,'','','','工业级钢丝钳160mm03010916','','',NULL,0,0,0,0,0,0,0,0,NULL),(676,88,'S760-42SMD2835',17.80,4,'/images/product/676.205x205.jpg',5,5,0,0,0,0,'/images/product/676.jpg',NULL,144,1,'','','','S760-42SMD2835','','<p>ITEM NO.: S760-42SMD2835</p>\r\n<p>QTY/CTN:144PCS/CTN</p>\r\n<p></p>',NULL,0,0,0,0,0,0,0,0,NULL),(677,50,'6寸耐压柄尖口钳03020106',7.10,4,'/images/product/677.205x205.jpg',76,5,0,0,0,0,'/images/product/677.jpg',NULL,0,0,'','','','6寸耐压柄尖口钳03020106','','',NULL,0,0,0,0,0,0,0,0,NULL),(678,50,NULL,NULL,NULL,NULL,77,-1,0,0,0,0,NULL,NULL,NULL,0,NULL,NULL,NULL,NULL,NULL,NULL,NULL,0,0,0,0,0,0,0,0,NULL),(679,88,'S760-56SMD2835',20.30,4,'/images/product/679.205x205.jpg',6,5,0,0,0,0,'/images/product/679.jpg',NULL,144,1,'','','','S760-56SMD2835','','<p>ITEM NO.:S760-56SMD2835</p>\r\n<p>QTY/CTN:144PCS</p>',NULL,0,0,0,0,0,0,0,0,NULL),(680,88,'G60-E27-7SMD2835',13.20,4,'/images/product/680.205x205.jpg',7,5,0,0,0,0,'/images/product/680.jpg',NULL,96,1,'','','','G60-E27-7SMD2835','','<p>96PCS/CTN</p>',NULL,0,0,0,0,0,0,0,0,NULL),(681,50,'尖嘴钳6\"03020206-182',5.60,4,'/images/product/681.205x205.jpg',78,5,0,0,0,0,'/images/product/681.jpg',NULL,0,0,'','','','尖嘴钳6\"03020206-182','','',NULL,0,0,0,0,0,0,0,0,NULL),(682,88,'GU10-7SMD2835',16.60,4,'/images/product/682.205x205.jpg',8,5,0,0,0,0,'/images/product/682.jpg',NULL,0,1,'','','','GU10-7SMD2835','','<p>GU10-7SMD2835</p>',NULL,0,0,0,0,0,0,0,0,NULL),(683,88,NULL,NULL,NULL,NULL,9,-1,0,0,0,0,NULL,NULL,NULL,0,NULL,NULL,NULL,NULL,NULL,NULL,NULL,0,0,0,0,0,0,0,0,NULL),(684,50,' 6寸镍铁尖口钳03020306-186',6.00,4,'/images/product/684.205x205.jpg',79,5,0,0,0,0,'/images/product/684.jpg',NULL,0,0,'','','',' 6寸镍铁尖口钳03020306-186','','<p>8寸 &nbsp; &nbsp;7.8RMB</p>',NULL,0,0,0,0,0,0,0,0,NULL),(685,88,'GU10-7SMD2835-5.5W',11.80,4,'/images/product/685.205x205.jpg',10,5,0,0,0,0,'/images/product/685.jpg',NULL,0,1,'','','','GU10-7SMD2835-5.5W','','GU10-7SMD2835-5.5W',NULL,0,0,0,0,0,0,0,0,NULL),(686,88,'GU10-16SMD2835-P',9.80,4,'/images/product/686.205x205.jpg',11,5,0,0,0,0,'/images/product/686.jpg',NULL,0,0,'','','','GU10-16SMD2835-P','','<p>GU10-16SMD2835-P</p>',NULL,0,0,0,0,0,0,0,0,NULL),(687,50,'6\"尖口钳03020406-191',6.40,4,'/images/product/687.205x205.jpg',80,5,0,0,0,0,'/images/product/687.jpg',NULL,0,0,'','','','6\"尖口钳03020406-191','','',NULL,0,0,0,0,0,0,0,0,NULL),(688,88,'GU10-13SMD2835-P',9.20,4,'/images/product/688.205x205.jpg',12,5,0,0,0,0,'/images/product/688.jpg',NULL,0,1,'','','','GU10-13SMD2835-P','','<p>GU10-13SMD2835-P</p>',NULL,0,0,0,0,0,0,0,0,NULL),(689,88,'GU10-11SMD2835-P',8.60,4,'/images/product/689.205x205.jpg',13,5,0,0,0,0,'/images/product/689.jpg',NULL,0,1,'','','','GU10-11SMD2835-P','','<p>GU10-11SMD2835-P</p>',NULL,0,0,0,0,0,0,0,0,NULL),(690,88,NULL,NULL,NULL,NULL,14,-1,0,0,0,0,NULL,NULL,NULL,0,NULL,NULL,NULL,NULL,NULL,NULL,NULL,0,0,0,0,0,0,0,0,NULL),(691,88,'GU10-16SMD2835-G',10.20,4,'/images/product/691.205x205.jpg',15,5,0,0,0,0,'/images/product/691.jpg',NULL,0,1,'','','','GU10-16SMD2835-G','','<p>GU10-16SMD2835-G</p>',NULL,0,0,0,0,0,0,0,0,NULL),(692,88,'GU10-13SMD2835-G',9.40,4,'/images/product/692.205x205.jpg',16,5,0,0,0,0,'/images/product/692.jpg',NULL,0,1,'','','','GU10-13SMD2835-G','','<p>GU10-13SMD2835-G</p>',NULL,0,0,0,0,0,0,0,0,NULL),(693,88,'GU10-11SMD2835-G',8.20,4,'/images/product/693.205x205.jpg',17,5,0,0,0,0,'/images/product/693.jpg',NULL,0,0,'','','','GU10-11SMD2835-G','','<p>GU10-11SMD2835-G</p>',NULL,0,0,0,0,0,0,0,0,NULL),(694,50,'6\"尖口钳03020506-196',6.40,4,'/images/product/694.205x205.jpg',81,5,0,0,0,0,'/images/product/694.jpg',NULL,0,0,'','','','6\"尖口钳03020506-196','','',NULL,0,0,0,0,0,0,0,0,NULL),(695,50,'8\"刻花柄尖口钳',4.10,4,'/images/product/695.205x205.jpg',82,5,0,0,0,0,'/images/product/695.jpg',NULL,0,0,'','','','8\"刻花柄尖口钳','','',NULL,0,0,0,0,0,0,0,0,NULL),(696,50,'6\"卡簧钳直外开03030106',5.70,4,'/images/product/696.205x205.jpg',83,5,0,0,0,0,'/images/product/696.jpg',NULL,0,0,'','','','6\"卡簧钳直外开03030106','','',NULL,0,0,0,0,0,0,0,0,NULL),(697,85,NULL,NULL,NULL,NULL,3,-1,0,0,0,0,NULL,NULL,NULL,0,NULL,NULL,NULL,NULL,NULL,NULL,NULL,0,0,0,0,0,0,0,0,NULL),(698,88,'LED-2U-3W-SMD2835',7.50,4,'/images/product/698.205x205.jpg',18,5,0,0,0,0,'/images/product/698.jpg',NULL,0,0,'','','','LED-2U-3W-SMD2835','','<p>LED-2U-3W-SMD2835</p>',NULL,0,0,0,0,0,0,0,0,NULL),(699,50,' 10\"耐压柄水泵钳03040110',15.10,4,'/images/product/699.205x205.jpg',84,5,0,0,0,0,'/images/product/699.jpg',NULL,0,0,'','','',' 10\"耐压柄水泵钳03040110','','<p>12\" &nbsp; &nbsp; 22.1RMB</p>',NULL,0,0,0,0,0,0,0,0,NULL),(700,88,'LED-3U-5W-SMD2835',11.00,4,'/images/product/700.205x205.jpg',19,5,0,0,0,0,'/images/product/700.jpg',NULL,0,1,'','','','LED-3U-5W-SMD2835','','<p>LED-3U-5W-SMD2835</p>',NULL,0,0,0,0,0,0,0,0,NULL),(701,88,'LED-3U-7W-SMD2835',14.50,4,'/images/product/701.205x205.jpg',20,5,0,0,0,0,'/images/product/701.jpg',NULL,50,1,'','','','LED-3U-7W-SMD2835','','<p>LED-3U-7W-SMD2835</p>',NULL,0,0,0,0,0,0,0,0,NULL),(702,88,'LED-3U-9W-SMD2835',19.00,4,'/images/product/702.205x205.jpg',21,5,0,0,0,0,'/images/product/702.jpg',NULL,50,1,'','','','LED-3U-9W-SMD2835','','<p>LED-3U-9W-SMD2835</p>',NULL,0,0,0,0,0,0,0,0,NULL),(703,50,'45°鹰嘴管子钳03050110',15.30,4,'/images/product/703.205x205.jpg',85,5,0,0,0,0,'/images/product/703.jpg',NULL,0,0,'','','','45°鹰嘴管子钳03050110','','',NULL,0,0,0,0,0,0,0,0,NULL),(704,88,'LED-3U-12W-SMD2835',25.00,4,'/images/product/704.205x205.jpg',22,5,0,0,0,0,'/images/product/704.jpg',NULL,50,0,'','','','LED-3U-12W-SMD2835','','<p>LED-3U-12W-SMD2835</p>',NULL,0,0,0,0,0,0,0,0,NULL),(705,88,'LED-4U-16W-SMD2835',30.00,4,'/images/product/705.205x205.jpg',23,5,0,0,0,0,'/images/product/705.jpg',NULL,0,0,'','','','LED-4U-16W-SMD2835','','<p>LED-4U-16W-SMD2835</p>',NULL,0,0,0,0,0,0,0,0,NULL),(706,88,'LED-4U-23W-SMD2835',43.50,4,'/images/product/706.205x205.jpg',24,5,0,0,0,0,'/images/product/706.jpg',NULL,50,1,'','','','LED-4U-23W-SMD2835','','<p>LED-4U-23W-SMD2835</p>',NULL,0,0,0,0,0,0,0,0,NULL),(707,50,'1寸90度鹰嘴管子钳03050210',15.60,4,'/images/product/707.205x205.jpg',86,5,0,0,0,0,'/images/product/707.jpg',NULL,0,0,'','','','1寸90度鹰嘴管子钳03050210','','<p>1.5\" &nbsp; &nbsp; 22.2rmb</p>',NULL,0,0,0,0,0,0,0,0,NULL),(708,88,'LED-FL-RGB-10W',42.00,4,'/images/product/708.205x205.jpg',25,5,0,0,0,0,'/images/product/708.jpg',NULL,0,0,'','','','LED-FL-RGB-10W','','<p>LED-FL-RGB</p>',NULL,0,0,0,0,0,0,0,0,NULL),(709,85,NULL,NULL,NULL,NULL,4,-1,0,0,0,0,NULL,NULL,NULL,0,NULL,NULL,NULL,NULL,NULL,NULL,NULL,0,0,0,0,0,0,0,0,NULL),(710,50,'重型钢管台虎钳03060102',65.00,4,'/images/product/710.205x205.jpg',87,5,0,0,0,0,'/images/product/710.jpg',NULL,0,0,'','','','重型钢管台虎钳03060102','','',NULL,0,0,0,0,0,0,0,0,NULL),(711,88,'LED-FL-RGB-20W',66.00,4,'/images/product/711.205x205.jpg',26,5,0,0,0,0,'/images/product/711.jpg',NULL,0,0,'','','','LED-FL-RGB-20W','','<p>LED-FL-RGB-20W</p>',NULL,0,0,0,0,0,0,0,0,NULL),(712,88,'LED-FL-RGB-30W',90.00,4,'/images/product/712.205x205.jpg',27,5,0,0,0,0,'/images/product/712.jpg',NULL,0,0,'','','','LED-FL-RGB-30W','','<p>LED-FL-RGB-30W</p>',NULL,0,0,0,0,0,0,0,0,NULL),(713,88,'LED-FL-RGB-50W',114.00,4,'/images/product/713.205x205.jpg',28,5,0,0,0,0,'/images/product/713.jpg',NULL,0,0,'','','','LED-FL-RGB-50W','','<p>LED-FL-RGB-50W</p>',NULL,0,0,0,0,0,0,0,0,NULL),(714,88,'LED-FL-20W',42.00,4,'/images/product/714.205x205.jpg',29,5,0,0,0,0,'/images/product/714.jpg',NULL,0,0,'','','','LED-FL-20W','','<p>LED-FL-20W</p>',NULL,0,0,0,0,0,0,0,0,NULL),(715,50,'6寸斜嘴钳03070106-183',6.80,4,'/images/product/715.205x205.jpg',88,5,0,0,0,0,'/images/product/715.jpg',NULL,0,0,'','','','6寸斜嘴钳03070106-183','','',NULL,0,0,0,0,0,0,0,0,NULL),(716,88,'LED-FL-10W',22.80,4,'/images/product/716.205x205.jpg',30,5,0,0,0,0,'/images/product/716.jpg',NULL,0,0,'','','','LED-FL-10W','','<p>LED-FL-10W</p>',NULL,0,0,0,0,0,0,0,0,NULL),(717,88,'LED-FL-30W',60.00,4,'/images/product/717.205x205.jpg',31,5,0,0,0,0,'/images/product/717.jpg',NULL,0,0,'','','','LED-FL-30W','','<p>LED-FL-30W</p>',NULL,0,0,0,0,0,0,0,0,NULL),(718,50,'6寸斜嘴钳03070508-A45',3.30,4,'/images/product/718.205x205.jpg',89,5,0,0,0,0,'/images/product/718.jpg',NULL,0,0,'','','','6寸斜嘴钳03070508-A45','','<p>8\"    4.4RMB</p>',NULL,0,0,0,0,0,0,0,0,NULL),(719,88,'LED-FL-50W',84.00,4,'/images/product/719.205x205.jpg',32,5,0,0,0,0,'/images/product/719.jpg',NULL,0,0,'','','','LED-FL-50W','','<p>LED-FL-50W</p>',NULL,0,0,0,0,0,0,0,0,NULL),(720,88,'LED-FL-70W',168.00,4,'/images/product/720.205x205.jpg',33,5,0,0,0,0,'/images/product/720.jpg',NULL,0,0,'','','','LED-FL-70W','','<p>LED-FL-70W</p>',NULL,0,0,0,0,0,0,0,0,NULL),(721,88,'LED-FL-100W',192.00,4,'/images/product/721.205x205.jpg',34,5,0,0,0,0,'/images/product/721.jpg',NULL,0,0,'','','','LED-FL-100W','','<p>LED-FL-100W</p>',NULL,0,0,0,0,0,0,0,0,NULL),(722,89,NULL,NULL,NULL,NULL,20,-1,0,0,0,0,NULL,NULL,NULL,0,NULL,NULL,NULL,NULL,NULL,NULL,NULL,0,0,0,0,0,0,0,0,NULL),(723,89,NULL,NULL,NULL,NULL,21,-1,0,0,0,0,NULL,NULL,NULL,0,NULL,NULL,NULL,NULL,NULL,NULL,NULL,0,0,0,0,0,0,0,0,NULL),(724,89,'кресло',144.00,1,'/images/product/724.205x205.jpg',22,5,0,0,0,0,'/images/product/724.jpg',NULL,0,0,'','','','кресло','','armchair-72cm*83cm*78cm',NULL,0,0,0,0,0,0,0,0,NULL),(725,89,NULL,NULL,NULL,NULL,23,-1,0,0,0,0,NULL,NULL,NULL,0,NULL,NULL,NULL,NULL,NULL,NULL,NULL,0,0,0,0,0,0,0,0,NULL),(726,89,'кресло',134.00,1,'/images/product/726.205x205.jpg',24,5,0,0,0,0,'/images/product/726.jpg',NULL,0,0,'','','','кресло','','<p>barcelona &nbsp;1-seater :78cm*75cm*82cm</p>\r\n<p>материал：кожа-зам</p>',NULL,0,0,0,0,0,0,0,0,NULL),(727,89,'диван',145.00,1,'/images/product/727.205x205.jpg',25,5,0,0,0,0,'/images/product/727.jpg',NULL,0,0,'','','','диван','','<p>flower sofa :133cm*41cm</p>\r\n<p>материал：ткань+губка</p>',NULL,0,0,0,0,0,0,0,0,NULL),(728,89,'кресло',33.00,1,'/images/product/728.205x205.jpg',26,5,0,0,0,0,'/images/product/728.jpg',NULL,0,0,'','','','кресло','','<p>stool:40cm*41cm</p>\r\n<p>материал:ткань+губка</p>',NULL,0,0,0,0,0,0,0,0,NULL),(729,89,'кресло',33.00,1,'/images/product/729.205x205.jpg',27,5,0,0,0,0,'/images/product/729.jpg',NULL,0,0,'','','','кресло','','<p>stool:40cm*41cm</p>\r\n<p>материал：ткань+губка</p>',NULL,0,0,0,0,0,0,0,0,NULL),(730,88,'LED-FLN-10W',24.00,4,'/images/product/730.205x205.jpg',35,5,0,0,0,0,'/images/product/730.jpg',NULL,0,0,'','','','LED-FLN-10W','','<p></p>\r\n<p>LED-FLN-10W</p>\r\n<p>Welcome to my shop and inquiry!</p>',NULL,0,0,0,0,0,0,0,0,NULL),(731,88,'LED-FLN-20W ',42.00,4,'/images/product/731.205x205.jpg',36,5,0,0,0,0,'/images/product/731.jpg',NULL,0,0,'','','','LED-FLN-20W ','','<p>LED-FLN-10W</p>\r\n<p>Welcome to my shop and inquiry!</p>',NULL,0,0,0,0,0,0,0,0,NULL),(732,88,'LED-FLN-30W ',0.00,4,'/images/product/732.205x205.jpg',37,5,0,0,0,0,'/images/product/732.jpg',NULL,0,0,'','','','LED-FLN-30W ','','<p>LED-FLN-30W</p>\r\n<p>Welcome to my shop and inquiry!</p>',NULL,0,0,0,0,0,0,0,0,NULL),(733,88,'LED-FLN-50W  Welcome to my shop and inquiry!',78.00,4,'/images/product/733.205x205.jpg',38,5,0,0,0,0,'/images/product/733.jpg',NULL,0,0,'','','','LED-FLN-50W  Welcome to my shop and inquiry!','','<p>LED-FLN-50W</p>\r\n<p>&nbsp;Welcome to my shop and inquiry!</p>',NULL,0,0,0,0,0,0,0,0,NULL),(734,88,'BR-FL-PIR-10W',41.00,4,'/images/product/734.205x205.jpg',39,5,0,0,0,0,'/images/product/734.jpg',NULL,0,0,'','','','BR-FL-PIR-10W','','<p>BR-FL-PIR-10W &nbsp;</p>\r\n<p>Welcome to my shop and inquiry!</p>',NULL,0,0,0,0,0,0,0,0,NULL),(735,50,'5寸CRV斜嘴钳03070512',14.00,4,'/images/product/735.205x205.jpg',90,5,0,0,0,0,'/images/product/735.jpg',NULL,0,0,'','','','5寸CRV斜嘴钳03070512','','',NULL,0,0,0,0,0,0,0,0,NULL),(736,88,'BR-FL-PIR-20W  ',0.00,4,'/images/product/736.205x205.jpg',40,5,0,0,0,0,'/images/product/736.jpg',NULL,0,0,'','','','BR-FL-PIR-20W  ','','<p>BR-FL-PIR-20W</p>\r\n<p>&nbsp;Welcome to my shop and inquiry!</p>',NULL,0,0,0,0,0,0,0,0,NULL),(737,88,'BR-FL-PIR-30W ',75.00,4,'/images/product/737.205x205.jpg',41,5,0,0,0,0,'/images/product/737.jpg',NULL,0,0,'','','','BR-FL-PIR-30W ','','<p>BR-FL-PIR-30W</p>\r\n<p>&nbsp;Welcome to my shop and inquiry!</p>',NULL,0,0,0,0,0,0,0,0,NULL),(738,88,'BR-FL-PIR-50W ',95.00,4,'/images/product/738.205x205.jpg',42,5,0,0,0,0,'/images/product/738.jpg',NULL,0,0,'','','','BR-FL-PIR-50W ','','<p>BR-FL-PIR-50W</p>\r\n<p> Welcome to my shop and inquiry!</p>',NULL,0,0,0,0,0,0,0,0,NULL),(739,50,'8寸刻花柄斜嘴钳 03070708-A58',4.60,4,'/images/product/739.205x205.jpg',91,5,0,0,0,0,'/images/product/739.jpg',NULL,0,0,'','','','8寸刻花柄斜嘴钳 03070708-A58','','',NULL,0,0,0,0,0,0,0,0,NULL),(740,88,'SLIM PANEL 3W ROUND',11.50,4,'/images/product/740.205x205.jpg',43,5,0,0,0,0,'/images/product/740.jpg',NULL,0,0,'','','','SLIM PANEL 3W ROUND','','<p>SLIM PANEL 3W ROUND</p>\r\n<p> Welcome to my shop and inquiry!</p>',NULL,0,0,0,0,0,0,0,0,NULL),(741,88,'SLIM PANEL 6W ROUND',16.50,4,'/images/product/741.205x205.jpg',44,5,0,0,0,0,'/images/product/741.jpg',NULL,0,0,'','','','SLIM PANEL 6W ROUND','','<p>SLIM PANEL 6W ROUND</p>',NULL,0,0,0,0,0,0,0,0,NULL),(742,88,'SLIM PANEL 9W ROUND  ',22.50,4,'/images/product/742.205x205.jpg',45,5,0,0,0,0,'/images/product/742.jpg',NULL,0,0,'','','','SLIM PANEL 9W ROUND  ','','<p>SLIM PANEL 9W ROUND</p>\r\n<p>&nbsp;Welcome to my shop and inquiry!</p>',NULL,0,0,0,0,0,0,0,0,NULL),(743,88,'SLIM PANEL 12W ROUND ',26.00,4,'/images/product/743.205x205.jpg',46,5,0,0,0,0,'/images/product/743.jpg',NULL,0,0,'','','','SLIM PANEL 12W ROUND ','','<p>SLIM PANEL12W ROUND</p>\r\n<p>&nbsp;Welcome to my shop and inquiry!</p>',NULL,0,0,0,0,0,0,0,0,NULL),(744,88,'SLIM PANEL 15W ROUND  ',33.50,4,'/images/product/744.205x205.jpg',47,5,0,0,0,0,'/images/product/744.jpg',NULL,0,0,'','','','SLIM PANEL 15W ROUND  ','','<p>SLIM PANEL 15W ROUND</p>\r\n<p>&nbsp;Welcome to my shop and inquiry!</p>',NULL,0,0,0,0,0,0,0,0,NULL),(745,88,'SLIM PANEL 18W ROUND   ',37.50,4,'/images/product/745.205x205.jpg',48,5,0,0,0,0,'/images/product/745.jpg',NULL,0,0,'','','','SLIM PANEL 18W ROUND   ','','<p>SLIM PANEL 18W ROUND</p>\r\n<p>&nbsp;Welcome to my shop and inquiry!</p>',NULL,0,0,0,0,0,0,0,0,NULL),(746,50,'10寸胡桃钳03080110-A3',11.20,4,'/images/product/746.205x205.jpg',92,5,0,0,0,0,'/images/product/746.jpg',NULL,0,0,'','','','10寸胡桃钳03080110-A3','','',NULL,0,0,0,0,0,0,0,0,NULL),(747,88,'SLIM PANEL 24W ROUND   ',62.50,4,'/images/product/747.205x205.jpg',49,5,0,0,0,0,'/images/product/747.jpg',NULL,0,0,'','','','SLIM PANEL 24W ROUND   ','','<p>SLIM PANEL 24W ROUND</p>\r\n<p>&nbsp;Welcome to my shop and inquiry!</p>',NULL,0,0,0,0,0,0,0,0,NULL),(748,88,'SLIM PANEL 3W SQUARE',12.00,4,'/images/product/748.205x205.jpg',50,5,0,0,0,0,'/images/product/748.jpg',NULL,0,0,'','','','SLIM PANEL 3W SQUARE','','<p>SLIM PANEL 3W&nbsp;SQUARE</p>\r\n<p>&nbsp;Welcome to my shop and inquiry!</p>',NULL,0,0,0,0,0,0,0,0,NULL),(749,88,'SLIM PANEL 6W SQUARE ',18.00,4,'/images/product/749.205x205.jpg',51,5,0,0,0,0,'/images/product/749.jpg',NULL,0,0,'','','','SLIM PANEL 6W SQUARE ','','<p>SLIM PANEL 3W&nbsp;SQUARE</p>\r\n<p>&nbsp;Welcome to my shop and inquiry!</p>',NULL,0,0,0,0,0,0,0,0,NULL),(750,50,'9寸扎线钳 03080209-A41',5.90,4,'/images/product/750.205x205.jpg',93,5,0,0,0,0,'/images/product/750.jpg',NULL,0,0,'','','','9寸扎线钳 03080209-A41','','',NULL,0,0,0,0,0,0,0,0,NULL),(751,88,'SLIM PANEL 9W SQUARE  ',23.50,4,'/images/product/751.205x205.jpg',52,5,0,0,0,0,'/images/product/751.jpg',NULL,0,0,'','','','SLIM PANEL 9W SQUARE  ','','<p>SLIM PANEL 9W&nbsp;SQUARE</p>\r\n<p>&nbsp;Welcome to my shop and inquiry!</p>',NULL,0,0,0,0,0,0,0,0,NULL),(752,50,'4寸打孔钳03090104MJL',16.50,4,'/images/product/752.205x205.jpg',94,5,0,0,0,0,'/images/product/752.jpg',NULL,0,0,'','','','4寸打孔钳03090104MJL','','<p>5\" &nbsp; &nbsp; 16.8RMB</p>',NULL,0,0,0,0,0,0,0,0,NULL),(753,88,'SLIM PANEL 12W SQUARE ',0.00,4,'/images/product/753.205x205.jpg',53,5,0,0,0,0,'/images/product/753.jpg',NULL,0,0,'','','','SLIM PANEL 12W SQUARE ','','<p>SLIM PANEL 12W&nbsp;SQUARE</p>\r\n<p>&nbsp;Welcome to my shop and inquiry!</p>',NULL,0,0,0,0,0,0,0,0,NULL),(754,88,'SLIM PANEL 15W SQUARE  ',36.00,4,'/images/product/754.205x205.jpg',54,5,0,0,0,0,'/images/product/754.jpg',NULL,0,0,'','','','SLIM PANEL 15W SQUARE  ','','<p>SLIM PANEL 15W&nbsp;SQUARE</p>\r\n<p>&nbsp;Welcome to my shop and inquiry!</p>',NULL,0,0,0,0,0,0,0,0,NULL),(755,88,'SLIM PANEL 24W SQUARE  ',64.50,4,'/images/product/755.205x205.jpg',55,5,0,0,0,0,'/images/product/755.jpg',NULL,0,0,'','','','SLIM PANEL 24W SQUARE  ','','<p>SLIM PANEL 24W&nbsp;SQUARE</p>\r\n<p>&nbsp;Welcome to my shop and inquiry!</p>',NULL,0,0,0,0,0,0,0,0,NULL),(756,88,'SLIM PANEL 18W SQUARE ',38.50,4,'/images/product/756.205x205.jpg',56,5,0,0,0,0,'/images/product/756.jpg',NULL,0,0,'','','','SLIM PANEL 18W SQUARE ','','<p>SLIM PANEL 18W&nbsp;SQUARE</p>\r\n<p>&nbsp;Welcome to my shop and inquiry!</p>',NULL,0,0,0,0,0,0,0,0,NULL),(757,88,'SURFACE PANEL 6W ROUND',22.50,4,'/images/product/757.205x205.jpg',57,5,0,0,0,0,'/images/product/757.jpg',NULL,0,0,'','','','SURFACE PANEL 6W ROUND','','<p>SURFACE PANEL 6W ROUND</p>\r\n<p> Welcome to my shop and inquiry!</p>',NULL,0,0,0,0,0,0,0,0,NULL),(758,88,NULL,NULL,NULL,NULL,58,-1,0,0,0,0,NULL,NULL,NULL,0,NULL,NULL,NULL,NULL,NULL,NULL,NULL,0,0,0,0,0,0,0,0,NULL),(759,88,'SURFACE PANEL 12W ROUND   ',36.50,4,'/images/product/759.205x205.jpg',59,5,0,0,0,0,'/images/product/759.jpg',NULL,0,0,'','','','SURFACE PANEL 12W ROUND   ','','<p>SURFACE PANEL 12W ROUND</p>\r\n<p>&nbsp;Welcome to my shop and inquiry!</p>',NULL,0,0,0,0,0,0,0,0,NULL),(760,88,'SURFACE PANEL 18W ROUND  ',48.00,4,'/images/product/760.205x205.jpg',60,5,0,0,0,0,'/images/product/760.jpg',NULL,0,0,'','','','SURFACE PANEL 18W ROUND  ','','<p>SURFACE PANEL 18W ROUND</p>\r\n<p>&nbsp;Welcome to my shop and inquiry!</p>',NULL,0,0,0,0,0,0,0,0,NULL),(761,88,'SURFACE PANEL 24W ROUND  ',69.00,4,'/images/product/761.205x205.jpg',61,5,0,0,0,0,'/images/product/761.jpg',NULL,0,0,'','','','SURFACE PANEL 24W ROUND  ','','<p>SURFACE PANEL 24W ROUND</p>\r\n<p>&nbsp;Welcome to my shop and inquiry!</p>',NULL,0,0,0,0,0,0,0,0,NULL),(762,88,'SURFACE PANEL 6W SQUARE ',23.50,4,'/images/product/762.205x205.jpg',62,5,0,0,0,0,'/images/product/762.jpg',NULL,0,0,'','','','SURFACE PANEL 6W SQUARE ','','<p>SURFACE PANEL 6W&nbsp;SQUARE</p>\r\n<p>&nbsp;Welcome to my shop and inquiry!</p>',NULL,0,0,0,0,0,0,0,0,NULL),(763,88,'SURFACE PANEL 12W SQUARE  ',37.50,4,'/images/product/763.205x205.jpg',63,5,0,0,0,0,'/images/product/763.jpg',NULL,0,0,'','','','SURFACE PANEL 12W SQUARE  ','','<p>SURFACE PANEL 12W&nbsp;SQUARE</p>\r\n<p>&nbsp;Welcome to my shop and inquiry!</p>',NULL,0,0,0,0,0,0,0,0,NULL),(764,88,'SURFACE PANEL 18W SQUARE ',50.50,4,'/images/product/764.205x205.jpg',64,5,0,0,0,0,'/images/product/764.jpg',NULL,0,0,'','','','SURFACE PANEL 18W SQUARE ','','<p>SURFACE PANEL18W&nbsp;SQUARE</p>\r\n<p>&nbsp;Welcome to my shop and inquiry!</p>',NULL,0,0,0,0,0,0,0,0,NULL),(765,88,'SURFACE PANEL 24W SQUARE ',72.00,4,'/images/product/765.205x205.jpg',65,5,0,0,0,0,'/images/product/765.jpg',NULL,0,0,'','','','SURFACE PANEL 24W SQUARE ','','<p>SURFACE PANEL&nbsp;24W&nbsp;SQUARE</p>\r\n<p>&nbsp;Welcome to my shop and inquiry!</p>',NULL,0,0,0,0,0,0,0,0,NULL),(766,89,'диван',130.00,1,'/images/product/766.205x205.jpg',28,5,0,0,0,0,'/images/product/766.jpg',NULL,0,0,'','','','диван','','<p>Moon sofa：150cm*70cm</p>\r\n<p>материал：ткань+губка</p>',NULL,0,0,0,0,0,0,0,0,NULL),(767,89,'кресло',134.00,1,'/images/product/767.205x205.jpg',29,5,0,0,0,0,'/images/product/767.jpg',NULL,0,0,'','','','кресло','','<p>armchair:74cm*67cm*74cm</p>\r\n<p>материал：ткань+губка</p>',NULL,0,0,0,0,0,0,0,0,NULL),(769,89,'кресло',129.00,1,'/images/product/769.205x205.jpg',30,5,0,0,0,0,'/images/product/769.jpg',NULL,0,0,'','','','кресло','','<p>armchair:76cm*73cm*72</p>\r\n<p>материал：кожа-зам</p>',NULL,0,0,0,0,0,0,0,0,NULL),(770,89,'кресло',138.00,1,'/images/product/770.205x205.jpg',31,5,0,0,0,0,'/images/product/770.jpg',NULL,0,0,'','','','кресло','','<p>armchair:73cm*75cm*76cm</p>\r\n<p>материал：кожа-зам</p>',NULL,0,0,0,0,0,0,0,0,NULL),(771,89,'стул',57.00,1,'/images/product/771.205x205.jpg',32,5,0,0,0,0,'/images/product/771.jpg',NULL,0,0,'','','','стул','','<p>office chair:56cm*55cm*57cm</p>\r\n<p>материал：кожа-зам</p>',NULL,0,0,0,0,0,0,0,0,NULL),(772,89,'стул',63.00,1,'/images/product/772.205x205.jpg',33,5,0,0,0,0,'/images/product/772.jpg',NULL,0,0,'','','','стул','','<p>office chair:56cm*55*(83.5-93.5)</p>',NULL,0,0,0,0,0,0,0,0,NULL),(773,89,'стул',65.00,1,'/images/product/773.205x205.jpg',34,5,0,0,0,0,'/images/product/773.jpg',NULL,0,0,'','','','стул','','<p>office chair:68cm*60cm*120cm</p>\r\n<p>материал：ткань</p>',NULL,0,0,0,0,0,0,0,0,NULL),(774,89,'стул',62.00,1,'/images/product/774.205x205.jpg',35,5,0,0,0,0,'/images/product/774.jpg',NULL,0,0,'','','','стул','','<p>office chair:60cm*55cm*102cm</p>\r\n<p>материал：ткань</p>',NULL,0,0,0,0,0,0,0,0,NULL),(775,89,'кресло',284.00,1,'/images/product/775.205x205.jpg',36,5,0,0,0,0,'/images/product/775.jpg',NULL,0,0,'','','','кресло','','<p>chair:80cm*85cm*112cm</p>\r\n<p>материал：ткань</p>',NULL,0,0,0,0,0,0,0,0,NULL),(776,89,'кресло',150.00,1,'/images/product/776.205x205.jpg',37,5,0,0,0,0,'/images/product/776.jpg',NULL,0,0,'','','','кресло','','<p>chair:70cm*74cm*85cm</p>\r\n<p>материал：ткань</p>',NULL,0,0,0,0,0,0,0,0,NULL),(777,89,'кресло',129.00,1,'/images/product/777.205x205.jpg',38,5,0,0,0,0,'/images/product/777.jpg',NULL,0,0,'','','','кресло','','<p>chair:65cm*74cm*76cm</p>\r\n<p>материал：ткань</p>',NULL,0,0,0,0,0,0,0,0,NULL),(778,89,'кресло',171.00,1,'/images/product/778.205x205.jpg',39,5,0,0,0,0,'/images/product/778.jpg',NULL,0,0,'','','','кресло','','<p>chair:102cm*83cm*95cm</p>\r\n<p>материал：ткань</p>',NULL,0,0,0,0,0,0,0,0,NULL),(789,89,'Маленький чайный стол',55.00,1,'/images/product/789.205x205.jpg',44,5,0,0,0,0,'/images/product/789.jpg',NULL,0,0,'','','','Маленький чайный стол','','<p>Coffee table:60cm*60cm*45cm</p>\r\n<p>Материал：MDF</p>\r\n<p>Артикул：513</p>',NULL,0,0,0,0,0,0,0,0,NULL),(779,89,'кресло',134.00,1,'/images/product/779.205x205.jpg',40,5,0,0,0,0,'/images/product/779.jpg',NULL,0,0,'','','','кресло','','<p>office chair:62cm*57cm*90</p>\r\n<p>материал：ткань</p>',NULL,0,0,0,0,0,0,0,0,NULL),(790,85,'车骨系列 新款玫瑰花朵服饰花边 黑色 CLC001',1.85,4,'/images/product/790.205x205.jpg',9,5,0,0,0,0,'/images/product/790.jpg',NULL,0,0,'','','','车骨系列 新款玫瑰花朵服饰花边 黑色 CLC001','','<p>车骨系列 新款玫瑰花朵服饰花边 黑色<br />2014 New Design Corded Embroidery Guipure Rose Flower Lace Trim for Sexy Lingerie and Underwear</p>\r\n<p><strong>黑色<br />宽13高35.5<br />涤纶丝<br />内衣花边</strong></p>',NULL,0,0,0,0,0,0,0,0,NULL),(787,89,NULL,NULL,NULL,NULL,42,-1,0,0,0,0,NULL,NULL,NULL,0,NULL,NULL,NULL,NULL,NULL,NULL,NULL,0,0,0,0,0,0,0,0,NULL),(788,89,'Чайный стол',72.00,1,'/images/product/788.205x205.jpg',43,5,0,0,0,0,'/images/product/788.jpg',NULL,0,0,'','','','Чайный стол','','<p>Coffee table:120cm*60cm*43cm</p>\r\n<p>Материал：MDF</p>',NULL,0,0,0,0,0,0,0,0,NULL),(780,27,'Картина Резная ( Массив дерева )',15200.00,2,'/images/product/780.205x205.jpg',82,5,1,0,0,0,'/images/product/780.jpg',NULL,0,0,'','Картина Резная ( Массив дерева )','','','','<p>Размер &nbsp;120см х 80см</p>',NULL,0,0,0,0,0,0,0,0,NULL),(781,85,NULL,NULL,NULL,NULL,6,-1,0,0,0,0,NULL,NULL,NULL,0,NULL,NULL,NULL,NULL,NULL,NULL,NULL,0,0,0,0,0,0,0,0,NULL),(791,85,'雪纺花边现货批发 网底+绳带绣制小圆领花边CLC002',2.00,4,'/images/product/791.205x205.jpg',10,5,0,0,0,0,'/images/product/791.jpg',NULL,0,0,'','','','雪纺花边现货批发 网底+绳带绣制小圆领花边CLC002','','<p><strong>雪纺花边现货批发 网底+绳带绣制小圆领花边</strong><br /><strong>Chiffon Mesh Corded Embroidery Lace Collar for Women Dress</strong></p>\r\n<p><strong>黑色,白色</strong><br /><strong>内领21外领36领深13高28</strong></p>',NULL,0,0,0,0,0,0,0,0,NULL),(783,85,NULL,NULL,NULL,NULL,8,-1,0,0,0,0,NULL,NULL,NULL,0,NULL,NULL,NULL,NULL,NULL,NULL,NULL,0,0,0,0,0,0,0,0,NULL),(786,89,'Чайный стол',79.00,1,'/images/product/786.205x205.jpg',41,5,0,0,0,0,'/images/product/786.jpg',NULL,0,0,'','','','Чайный стол','','<p>stainless steel:120cm*60cm*45cm</p>\r\n<p>Материал：MDF</p>',NULL,0,0,0,0,0,0,0,0,NULL),(792,85,'雪纺花边辅料 雪纺带股绳绣制可钉珠领花 厂家销售CLC003',1.95,4,'/images/product/792.205x205.jpg',11,5,0,0,0,0,'/images/product/792.jpg',NULL,0,0,'','','','雪纺花边辅料 雪纺带股绳绣制可钉珠领花 厂家销售CLC003','','<p><strong>雪纺花边辅料 雪纺带股绳绣制可钉珠领花 厂家销售</strong><br /><strong>Chiffon Lace Accessory Chiffon Corded Embroidery Beaded Lace Collar</strong></p>\r\n<p><strong>黑色,白色</strong><br /><strong>内领23外领32领深14高28</strong></p>',NULL,0,0,0,0,0,0,0,0,NULL),(793,85,NULL,NULL,NULL,'/images/product/793.205x205.jpg',12,-1,0,0,0,0,'/images/product/793.jpg',NULL,NULL,0,NULL,NULL,NULL,NULL,NULL,NULL,NULL,0,0,0,0,0,0,0,0,NULL),(794,85,'春复款雪纺+股绳绣制U形领子 时尚女装服饰花边CLC004',2.00,4,'/images/product/794.205x205.jpg',13,5,0,0,0,0,'/images/product/794.jpg',NULL,0,0,'','','','春复款雪纺+股绳绣制U形领子 时尚女装服饰花边CLC004','','<p>现货批发 春复款雪纺+股绳绣制U形领子 时尚女装服饰花边<br />Spring &amp; Summer Chiffon Lace Fabric Corded Embroidery U-shape Lace Collar</p>\r\n<p>粉红色,浅绿色,天蓝色,浅黄色,米色,黑色<br />内领22外领29领深12总高26</p>',NULL,0,0,0,0,0,0,0,0,NULL),(795,85,'一站式花边加工订制 雪纺绣服饰辅料 义乌供应CLC005',1.95,4,'/images/product/795.205x205.jpg',14,5,0,0,0,0,'/images/product/795.jpg',NULL,0,0,'','','','一站式花边加工订制 雪纺绣服饰辅料 义乌供应CLC005','','<p><strong>一站式花边加工订制 雪纺绣服饰辅料 义乌供应</strong><br /><strong>Chiffon Embroidery Guipure Lace Collar Lace Accessories</strong></p>\r\n<p><strong>粉红色,天蓝色,浅黄色,米色,黑色</strong><br /><strong>内领20外领29领深13总高26</strong></p>',NULL,0,0,0,0,0,0,0,0,NULL),(796,85,'唯美小V领花 时尚花草图纹 品牌服饰专属CLC006',2.00,4,'/images/product/796.205x205.jpg',15,5,0,0,0,0,'/images/product/796.jpg',NULL,0,0,'','','','唯美小V领花 时尚花草图纹 品牌服饰专属CLC006','','<p><strong>唯美小V领花 时尚花草图纹 品牌服饰专属</strong><br /><strong>Vintage Style Guipure Flower Lace Fabric Embroidery Lace Collar</strong></p>\r\n<p><strong>粉红色,浅绿色,天蓝色,米色,黑色</strong><br /><strong>内领27外领33领深13花高36</strong></p>',NULL,0,0,0,0,0,0,0,0,NULL),(797,85,'时装服饰花边 雪纺加绳带平绣 精致玫瑰花立体图纹CLC007',1.90,4,'/images/product/797.205x205.jpg',16,5,0,0,0,0,'/images/product/797.jpg',NULL,0,0,'','','','时装服饰花边 雪纺加绳带平绣 精致玫瑰花立体图纹CLC007','','<p><strong>时装服饰花边 雪纺加绳带平绣 精致玫瑰花立体图纹</strong><br /><strong>Fashion Chiffon Corded Embroidery Lace Fabric Guipure Rose Flower Lace Collar for Women Clothing</strong></p>\r\n<p><strong>粉红色,天蓝色,浅黄色,米色,黑色</strong></p>',NULL,0,0,0,0,0,0,0,0,NULL),(798,85,'时装花边供应 雪纺加股绳绣制U形领花 白色有现货CLC008',1.80,4,'/images/product/798.205x205.jpg',17,5,0,0,0,0,'/images/product/798.jpg',NULL,0,0,'','','','时装花边供应 雪纺加股绳绣制U形领花 白色有现货CLC008','','<p><strong>时装花边供应 雪纺加股绳绣制U形领花 白色有现货</strong><br /><strong>Fashion Lace Fabric Accessory Chiffon Corded Embroidery U-shape Guipure Wedding Dress Lace Collar</strong></p>\r\n<p><strong>粉红色,天蓝色,米色,黑色,白色</strong></p>',NULL,0,0,0,0,0,0,0,0,NULL),(799,85,'时装花边一站式供应 显瘦春复装领口花边 精致平绣CLC009',2.00,4,'/images/product/799.205x205.jpg',18,5,0,0,0,0,'/images/product/799.jpg',NULL,0,0,'','','','时装花边一站式供应 显瘦春复装领口花边 精致平绣CLC009','','<p><strong>时装花边一站式供应 显瘦春复装领口花边 精致平绣</strong><br /><strong>Spring &amp; Summer Women Dress Lace Chiffon Embroidery Lace Collar</strong></p>\r\n<p><strong>粉红色,浅绿色,天蓝色,浅黄色,米色,黑色</strong></p>',NULL,0,0,0,0,0,0,0,0,NULL),(800,85,'时装系列雪纺花边 复古网底平绣 厂家直销CLC010',1.80,4,'/images/product/800.205x205.jpg',19,5,0,0,0,0,'/images/product/800.jpg',NULL,0,0,'','','','时装系列雪纺花边 复古网底平绣 厂家直销CLC010','','<p><strong>义乌服饰辅料供应 时装系列雪纺花边 复古网底平绣 厂家直销</strong><br /><strong>Fashion Chiffon Vintage Style Mesh Embroidery Lace Guipure Lace Collar</strong></p>\r\n<p><strong>粉红色,浅绿色,紫色,米色,黑色</strong></p>',NULL,0,0,0,0,0,0,0,0,NULL),(801,85,'花边辅料供应 股绳+亮片雪纺领花 可染色可OEMCLC011',1.80,4,'/images/product/801.205x205.jpg',20,5,0,0,0,0,'/images/product/801.jpg',NULL,0,0,'','','','花边辅料供应 股绳+亮片雪纺领花 可染色可OEMCLC011','','<p><strong>花边辅料供应 股绳+亮片雪纺领花 可染色可OEM</strong><br /><strong>Chiffon Lace Fabric Corded Sequin Eco-friendly Dyed Lace Collar</strong></p>\r\n<p><strong>粉红色,天蓝色,紫色,米色,黑色</strong></p>',NULL,0,0,0,0,0,0,0,0,NULL),(802,85,'可钉珠花边批发 雪纺平绣领花 女装领口辅料 附美图CLC012',1.80,4,'/images/product/802.205x205.jpg',21,5,0,0,0,0,'/images/product/802.jpg',NULL,0,0,'','','','可钉珠花边批发 雪纺平绣领花 女装领口辅料 附美图CLC012','','<p><strong>可钉珠花边批发 雪纺平绣领花 女装领口辅料 附美图</strong><br /><strong>2014 New Fashion Chiffon Embroidery Lace Fabric Beaded Guipure Lace Collar</strong></p>\r\n<p><strong>粉红色,浅绿色,天蓝色,米色,黑色</strong></p>',NULL,0,0,0,0,0,0,0,0,NULL),(803,85,NULL,NULL,NULL,NULL,22,-1,0,0,0,0,NULL,NULL,NULL,0,NULL,NULL,NULL,NULL,NULL,NULL,NULL,0,0,0,0,0,0,0,0,NULL),(804,85,'花边辅料供应 U领+亮片雪纺领花 小码 可染色CLC013',1.85,4,'/images/product/804.205x205.jpg',23,5,0,0,0,0,'/images/product/804.jpg',NULL,0,0,'','','','花边辅料供应 U领+亮片雪纺领花 小码 可染色CLC013','','<p><strong>花边辅料供应 U领+亮片雪纺领花 小码 可染色</strong><br /><strong>Lace Accessory Chiffon Sequin Embroidery U-shape Guipure Lace Collar</strong></p>\r\n<p><strong>粉红色,天蓝色,紫色,米色,黑色</strong></p>',NULL,0,0,0,0,0,0,0,0,NULL),(805,85,'亮片+股绳绣制雪纺花边 U领女装花边 厂家直销CLC014',1.85,4,'/images/product/805.205x205.jpg',24,5,0,0,0,0,'/images/product/805.jpg',NULL,0,0,'','','','亮片+股绳绣制雪纺花边 U领女装花边 厂家直销CLC014','','<p><strong>亮片+股绳绣制雪纺花边 U领女装花边 厂家直销</strong><br /><strong>Sequin Corded Embroidery Chiffon Lace Fabric U-shape Lace Collar for Women Dress</strong></p>\r\n<p><strong>粉红色,天蓝色,浅黄色,米色,黑色</strong></p>',NULL,0,0,0,0,0,0,0,0,NULL),(806,85,'花边辅料一站式供应 雪纺带亮片平绣 时尚时装花边CLC015',1.80,4,'/images/product/806.205x205.jpg',25,5,0,0,0,0,'/images/product/806.jpg',NULL,0,0,'','','','花边辅料一站式供应 雪纺带亮片平绣 时尚时装花边CLC015','','<p><strong>花边辅料一站式供应 雪纺带亮片平绣 时尚时装花边</strong><br /><strong>One Stop Purchase Chiffon Sequin Embroidery Lace Collar</strong></p>\r\n<p><strong>粉红色,浅绿色,天蓝色,黑色,白色</strong></p>',NULL,0,0,0,0,0,0,0,0,NULL),(807,85,'雪纺领花供应 网底带亮片绣制 适用于圆领U领CLC016',1.85,4,'/images/product/807.205x205.jpg',26,5,0,0,0,0,'/images/product/807.jpg',NULL,0,0,'','','','雪纺领花供应 网底带亮片绣制 适用于圆领U领CLC016','','<p><strong>雪纺领花供应 网底带亮片绣制 适用于圆领U领</strong><br /><strong>Chiffon Sequin Lace Fabric Mesh Embroidered U-shape Lace Collar</strong></p>\r\n<p><strong>粉红色,浅绿色,黑色,白色</strong></p>',NULL,0,0,0,0,0,0,0,0,NULL),(808,85,'女装花边辅料供应 时尚浅色系列雪纺领花 带亮片可染色CLC017',1.85,4,'/images/product/808.205x205.jpg',27,5,0,0,0,0,'/images/product/808.jpg',NULL,0,0,'','','','女装花边辅料供应 时尚浅色系列雪纺领花 带亮片可染色CLC017','','<p><strong>女装花边辅料供应 时尚浅色系列雪纺领花 带亮片可染色</strong><br /><strong>Fashion Chiffon Sequin Lace Fabric Embroidery Guipure Lace Collar</strong></p>\r\n<p><strong>粉红色,浅绿色,天蓝色,米色,黑色</strong></p>',NULL,0,0,0,0,0,0,0,0,NULL),(809,85,NULL,NULL,NULL,NULL,28,-1,0,0,0,0,NULL,NULL,NULL,0,NULL,NULL,NULL,NULL,NULL,NULL,NULL,0,0,0,0,0,0,0,0,NULL),(810,85,'彩色绣领花 祺袍裙装专用领花 马也达花边专供CLC018',14.60,4,'/images/product/810.205x205.jpg',29,5,0,0,0,0,'/images/product/810.jpg',NULL,0,0,'','','','彩色绣领花 祺袍裙装专用领花 马也达花边专供CLC018','','<p><strong>彩色绣领花 祺袍裙装专用领花 马也达花边专供</strong><br /><strong>Color Embroidery Lace Fabric Guipure Rose Flower Lace Collar for Cheongsam</strong></p>\r\n<p><strong>花色,彩色</strong></p>',NULL,0,0,0,0,0,0,0,0,NULL),(811,85,'唐装领子花边 U领牡丹花领子花边CLC019',14.80,4,'/images/product/811.205x205.jpg',30,5,0,0,0,0,'/images/product/811.jpg',NULL,0,0,'','','','唐装领子花边 U领牡丹花领子花边CLC019','','<p><strong>唐装领子花边 U领牡丹花领子花边</strong><br /><strong>2014 New Design Embroidery Guipure Peony Flower Lace Collar for Tang-suit</strong></p>\r\n<p><strong>彩色</strong></p>',NULL,0,0,0,0,0,0,0,0,NULL),(812,85,NULL,NULL,NULL,'/images/product/812.205x205.jpg',31,-1,0,0,0,0,'/images/product/812.jpg',NULL,NULL,0,NULL,NULL,NULL,NULL,NULL,NULL,NULL,0,0,0,0,0,0,0,0,NULL),(813,85,NULL,NULL,NULL,'/images/product/813.205x205.jpg',32,-1,0,0,0,0,'/images/product/813.jpg',NULL,NULL,0,NULL,NULL,NULL,NULL,NULL,NULL,NULL,0,0,0,0,0,0,0,0,NULL),(814,85,'文胸装饰网绣花边 黑色网底网绣花边 可OEMCLC020',4.00,4,'/images/product/814.205x205.jpg',33,5,0,0,0,0,'/images/product/814.jpg',NULL,0,0,'','','','文胸装饰网绣花边 黑色网底网绣花边 可OEMCLC020','','<p><strong>文胸装饰网绣花边 黑色网底网绣花边 可OEM</strong><br /><strong>Mesh Embroidered Sexy Black Lace Fabric for Bra Lace Decoration</strong></p>\r\n<p><strong>红色,桔色,粉红色,黑色,白色</strong></p>',NULL,0,0,0,0,0,0,0,0,NULL),(815,85,NULL,NULL,NULL,NULL,34,-1,0,0,0,0,NULL,NULL,NULL,0,NULL,NULL,NULL,NULL,NULL,NULL,NULL,0,0,0,0,0,0,0,0,NULL),(816,85,'复合金丝线领花 剌绣水溶领花 欢迎订购CLC021',4.80,4,'/images/product/816.205x205.jpg',35,5,0,0,0,0,'/images/product/816.jpg',NULL,0,0,'','','','复合金丝线领花 剌绣水溶领花 欢迎订购CLC021','','<p><strong>复合金丝线领花 剌绣水溶领花 欢迎订购</strong><br /><strong>Golden Metallic Thread Embroidery Lace Fabric Water-soluable Lace Collar</strong></p>\r\n<p><strong>浅黄色,金黄色</strong></p>',NULL,0,0,0,0,0,0,0,0,NULL),(817,85,'高档唐装花边辅料 彩色玫瑰花朵领花 立体手绣CLC022',9.80,4,'/images/product/817.205x205.jpg',36,5,0,0,0,0,'/images/product/817.jpg',NULL,0,0,'','','','高档唐装花边辅料 彩色玫瑰花朵领花 立体手绣CLC022','','<p><strong>高档唐装花边辅料 彩色玫瑰花朵领花 立体手绣</strong><br /><strong>Multi-color Rose Flower Embroidery Lace Guipure Lace Collar for Tang Suit</strong></p>\r\n<p><strong>彩色</strong></p>',NULL,0,0,0,0,0,0,0,0,NULL),(818,85,NULL,NULL,NULL,'/images/product/818.205x205.jpg',37,-1,0,0,0,0,'/images/product/818.jpg',NULL,NULL,0,NULL,NULL,NULL,NULL,NULL,NULL,NULL,0,0,0,0,0,0,0,0,NULL),(819,85,NULL,NULL,NULL,NULL,38,-1,0,0,0,0,NULL,NULL,NULL,0,NULL,NULL,NULL,NULL,NULL,NULL,NULL,0,0,0,0,0,0,0,0,NULL),(820,85,'大码U领彩色花边 女款祺袍领子花边 彩色E型线剌绣CLC023',12.60,4,'/images/product/820.205x205.jpg',39,5,0,0,0,0,'/images/product/820.jpg',NULL,0,0,'','','','大码U领彩色花边 女款祺袍领子花边 彩色E型线剌绣CLC023','','<p><strong>大码U领彩色花边 女款祺袍领子花边 彩色E型线剌绣</strong><br /><strong>2014 New Design Women Multi-color Embroidery Lace U-shape Lace Collar for Cheongsam</strong></p>\r\n<p><strong>彩色</strong></p>',NULL,0,0,0,0,0,0,0,0,NULL),(821,85,'E型绣花线剌绣花边 彩色水溶花边 女装领子专用CLC024',13.60,4,'/images/product/821.205x205.jpg',40,5,0,0,0,0,'/images/product/821.jpg',NULL,0,0,'','','','E型绣花线剌绣花边 彩色水溶花边 女装领子专用CLC024','','<p><strong>E型绣花线剌绣花边 彩色水溶花边 女装领子专用</strong><br /><strong>Fashion Multi-color Embroidery Lace Fabric Water-soluable Lace Collar for Women Dress</strong></p>\r\n<p><strong>彩色</strong></p>',NULL,0,0,0,0,0,0,0,0,NULL),(822,85,'彩色E型线领口花边 女款唐装领子花边 可OEM CLC025',9.00,4,'/images/product/822.205x205.jpg',41,5,0,0,0,0,'/images/product/822.jpg',NULL,0,0,'','','','彩色E型线领口花边 女款唐装领子花边 可OEM CLC025','','<p><strong>彩色E型线领口花边 女款唐装领子花边 可OEM</strong><br /><strong>Women Multi-color E-thread Embroidery Lace Guipure Lace Collar for Tang Suit</strong></p>\r\n<p><strong>彩色</strong></p>',NULL,0,0,0,0,0,0,0,0,NULL),(823,85,'金银丝绳 盘花形领口装饰花边CLC026',2.30,4,'/images/product/823.205x205.jpg',42,5,0,0,0,0,'/images/product/823.jpg',NULL,0,0,'','','','金银丝绳 盘花形领口装饰花边CLC026','','<p><strong>金银丝绳 盘花形领口装饰花边</strong><br /><strong>Metallic Thread Corded Spiral Flower Chiffon Lace Fabric Embroidery Guipure Lace Collar</strong></p>\r\n<p><strong>粉红色,浅黄色,米色,黑色</strong></p>',NULL,0,0,0,0,0,0,0,0,NULL),(824,85,'亮片系列 雪纺绣制领子花边CLC027',2.30,4,'/images/product/824.205x205.jpg',43,5,0,0,0,0,'/images/product/824.jpg',NULL,0,0,'','','','亮片系列 雪纺绣制领子花边CLC027','','<p><strong>亮片系列 雪纺绣制领子花边</strong><br /><strong>Chiffon Embroidery Lace Fabric Sequin Guipure Lace Collar for Wedding Dress</strong></p>\r\n<p><strong>粉红色,黑色,白色</strong></p>',NULL,0,0,0,0,0,0,0,0,NULL),(825,85,'领口雪纺花边供应 带手缝珠领花CLC028',3.50,4,'/images/product/825.205x205.jpg',44,5,0,0,0,0,'/images/product/825.jpg',NULL,0,0,'','','','领口雪纺花边供应 带手缝珠领花CLC028','','<p><strong>领口雪纺花边供应 带手缝珠领花</strong><br /><strong>Bridal Wedding Lace Dress Chiffon Embroidery Beaded Lace Collar</strong></p>\r\n<p><strong>粉红色,黑色,白色</strong></p>',NULL,0,0,0,0,0,0,0,0,NULL),(826,85,'重工手缝钉珠 雪纺绣制领子CLC029',5.00,4,'/images/product/826.205x205.jpg',45,5,0,0,0,0,'/images/product/826.jpg',NULL,0,0,'','','','重工手缝钉珠 雪纺绣制领子CLC029','','<p><strong>重工手缝钉珠 雪纺绣制领子</strong><br /><strong>Hand Beaded Chiffon Embroidery Lace Collar for Lady Dress</strong></p>\r\n<p><strong>粉红色,米色,黑色,白色</strong></p>',NULL,0,0,0,0,0,0,0,0,NULL),(827,85,'复古雪纺领花 女装领口专用 带手工钉珠CLC030',3.90,4,'/images/product/827.205x205.jpg',46,5,0,0,0,0,'/images/product/827.jpg',NULL,0,0,'','','','复古雪纺领花 女装领口专用 带手工钉珠CLC030','','<p><strong>复古雪纺领花 女装领口专用 带手工钉珠</strong><br /><strong>Vintage Chiffon Fabric Hand Beaded Embroidery Lace Collar for Lady Dress</strong></p>\r\n<p><strong>粉红色,米色,黑色,白色</strong></p>',NULL,0,0,0,0,0,0,0,0,NULL),(828,85,'服饰领子批发 雪纺带亮片领花 支持网上支付CLC031',2.20,4,'/images/product/828.205x205.jpg',47,5,0,0,0,0,'/images/product/828.jpg',NULL,0,0,'','','','服饰领子批发 雪纺带亮片领花 支持网上支付CLC031','','<p><strong>服饰领子批发 雪纺带亮片领花 支持网上支付</strong><br /><strong>Chiffon Fabric Sequin Embroidery Guipure Lace Collar for Wedding Dress</strong></p>\r\n<p><strong>粉红色,浅黄色,米色,黑色</strong></p>',NULL,0,0,0,0,0,0,0,0,NULL),(829,85,'雪纺系列 机织服装领子CLC032',2.10,4,'/images/product/829.205x205.jpg',48,5,0,0,0,0,'/images/product/829.jpg',NULL,0,0,'','','','雪纺系列 机织服装领子CLC032','','<p><strong>雪纺系列 机织服装领子</strong><br /><strong>2014 New Design Chiffon Machine Embroidery Guipure Lace Collar</strong></p>\r\n<p><strong>粉红色,黄色,黑色,白色</strong></p>',NULL,0,0,0,0,0,0,0,0,NULL),(830,85,'全棉机织领子加手工钉珠领花 厂家直销CLC033',3.10,4,'/images/product/830.205x205.jpg',49,5,0,0,0,0,'/images/product/830.jpg',NULL,0,0,'','','','全棉机织领子加手工钉珠领花 厂家直销CLC033','','<p><strong>全棉机织领子加手工钉珠领花 厂家直销</strong><br /><strong>100% Cotton Machine Embroidered Lace Fabric Hand Beaded Lace Collar</strong></p>\r\n<p><strong>红色,黄色,深紫色,米色</strong></p>',NULL,0,0,0,0,0,0,0,0,NULL),(831,89,'кресло',63.00,1,'/images/product/831.205x205.jpg',45,5,0,0,0,0,'/images/product/831.jpg',NULL,0,0,'','','','кресло','','<p>Office chair:66cm*55cm*105cm</p>\r\n<p>материал：ткань</p>\r\n<p>Артикул：Y353</p>',NULL,0,0,0,0,0,0,0,0,NULL),(832,85,NULL,NULL,NULL,NULL,50,-1,0,0,0,0,NULL,NULL,NULL,0,NULL,NULL,NULL,NULL,NULL,NULL,NULL,0,0,0,0,0,0,0,0,NULL),(833,89,'кресло',165.00,1,'/images/product/833.205x205.jpg',46,5,0,0,0,0,'/images/product/833.jpg',NULL,0,0,'','','','кресло','','<p>Office chair:58cm*60cm*107cm</p>\r\n<p>материал：кожа-зам</p>\r\n<p>Артикул：7353A</p>',NULL,0,0,0,0,0,0,0,0,NULL),(835,89,'стул-7353С#',157.00,1,'/images/product/835.205x205.jpg',47,5,0,0,0,0,'/images/product/835.jpg',NULL,0,0,'','','','стул-7353С#','','<p>Office chair:58cm*60cm*86</p>\r\n<p>Материал：кожа-зам</p>',NULL,0,0,0,0,0,0,0,0,NULL),(836,85,NULL,NULL,NULL,NULL,51,-1,0,0,0,0,NULL,NULL,NULL,0,NULL,NULL,NULL,NULL,NULL,NULL,NULL,0,0,0,0,0,0,0,0,NULL),(837,89,'кресло-D359B',205.00,1,'/images/product/837.205x205.jpg',48,5,0,0,0,0,'/images/product/837.jpg',NULL,0,0,'','','','кресло-D359B','','<p>Office chair:58cm*60cm*100cm</p>\r\n<p>Материал：кожа-зам</p>\r\n<p></p>',NULL,0,0,0,0,0,0,0,0,NULL),(838,85,NULL,NULL,NULL,NULL,52,-1,0,0,0,0,NULL,NULL,NULL,0,NULL,NULL,NULL,NULL,NULL,NULL,NULL,0,0,0,0,0,0,0,0,NULL),(839,85,'雪纺绣品 领口服饰花边 欢迎索样体验CLC034',2.20,4,'/images/product/839.205x205.jpg',53,5,0,0,0,0,'/images/product/839.jpg',NULL,0,0,'','','','雪纺绣品 领口服饰花边 欢迎索样体验CLC034','','<p><strong>雪纺绣品 领口服饰花边 欢迎索样体验</strong><br /><strong>Chiffon Embroidery Crochet Guipure Lace Collar</strong></p>\r\n<p><strong>红色,米色,白色</strong></p>',NULL,0,0,0,0,0,0,0,0,NULL),(840,89,'Чайный стол-513#',67.00,1,'/images/product/840.205x205.jpg',49,5,0,0,0,0,'/images/product/840.jpg',NULL,0,0,'','','','Чайный стол-513#','','<p>Office table:100cm*100cm*42</p>\r\n<p>Материал：стекло+нержавейка</p>',NULL,0,0,0,0,0,0,0,0,NULL),(841,85,'复古U领 带亮片领子花边CLC035',2.20,4,'/images/product/841.205x205.jpg',54,5,0,0,0,0,'/images/product/841.jpg',NULL,0,0,'','','','复古U领 带亮片领子花边CLC035','','<p><strong>复古U领 带亮片领子花边</strong><br /><strong>Vintage Chiffon Fabric Embroidery Sequin Guipure U-shape Lace Collar</strong></p>\r\n<p><strong>酒红色,浅黄色,米色,黑色</strong></p>',NULL,0,0,0,0,0,0,0,0,NULL),(842,89,'Чайный стол-516#',72.00,1,'/images/product/842.205x205.jpg',50,5,0,0,0,0,'/images/product/842.jpg',NULL,0,0,'','','','Чайный стол-516#','','<p>Office table:100cm*42cm</p>\r\n<p>Материал：стеклопластик+нержавейка</p>',NULL,0,0,0,0,0,0,0,0,NULL),(843,85,'超强立体感 电脑绣雪纺领花 带亮片CLC036',2.10,4,'/images/product/843.205x205.jpg',55,5,0,0,0,0,'/images/product/843.jpg',NULL,0,0,'','','','超强立体感 电脑绣雪纺领花 带亮片CLC036','','<p><strong>超强立体感 电脑绣雪纺领花 带亮片</strong><br /><strong>Wholesale Factory Machine Embroidered Chiffon Fabric Sequin Fabric Lace Collar</strong></p>\r\n<p><strong>粉红色,黄色,米色,白色</strong></p>',NULL,0,0,0,0,0,0,0,0,NULL),(844,85,NULL,NULL,NULL,NULL,56,-1,0,0,0,0,NULL,NULL,NULL,0,NULL,NULL,NULL,NULL,NULL,NULL,NULL,0,0,0,0,0,0,0,0,NULL),(845,85,'U形雪纺领子 带手钩珠领口花边 义乌供应 关键是低价CLC037',2.50,4,'/images/product/845.205x205.jpg',57,5,0,0,0,0,'/images/product/845.jpg',NULL,0,0,'','','','U形雪纺领子 带手钩珠领口花边 义乌供应 关键是低价CLC037','','U形雪纺领子 带手钩珠领口花边 义乌供应 关键是低价\r\nYiwu Best Factory Price Chiffon Dress Fabric Embroidery Beaded Guipure Lace Collar\r\n黄色,紫色,米色,黑色,白色',NULL,0,0,0,0,0,0,0,0,NULL),(846,85,'全新雪纺领花供应 金丝股绳加雪纺绣制CLC038',2.40,4,'/images/product/846.205x205.jpg',58,5,0,0,0,0,'/images/product/846.jpg',NULL,0,0,'','','','全新雪纺领花供应 金丝股绳加雪纺绣制CLC038','','<p><strong>全新雪纺领花供应 金丝股绳加雪纺绣制</strong><br /><strong>China Supplier Chiffon Dress Fabric Metallic Yarn Embroidery Guipure Flower Lace Collar</strong></p>\r\n<p><strong>粉红色,军绿色,黄色,黑色,白色</strong></p>',NULL,0,0,0,0,0,0,0,0,NULL),(847,85,NULL,NULL,NULL,NULL,59,-1,0,0,0,0,NULL,NULL,NULL,0,NULL,NULL,NULL,NULL,NULL,NULL,NULL,0,0,0,0,0,0,0,0,NULL),(848,85,'绳带台绣花边领子 带金色丝线CLC039',2.30,4,'/images/product/848.205x205.jpg',60,5,0,0,0,0,'/images/product/848.jpg',NULL,0,0,'','','','绳带台绣花边领子 带金色丝线CLC039','','<p><strong>绳带台绣花边领子 带金色丝线</strong><br /><strong>Corded Metallic Thread Embroidery Lace Fabric Collar for Chiffon Wedding Dress</strong></p>\r\n<p><strong>粉红色,浅绿色,黄色,巧克力色,黑色,白色</strong></p>',NULL,0,0,0,0,0,0,0,0,NULL),(849,85,'绳绣加塑料珠领子花边 厂家直批CLC040',3.80,4,'/images/product/849.205x205.jpg',61,5,0,0,0,0,'/images/product/849.jpg',NULL,0,0,'','','','绳绣加塑料珠领子花边 厂家直批CLC040','','<p><strong>绳绣加塑料珠领子花边 厂家直批</strong><br /><strong>Chiffon Fabric Corded Embroidery Plastic Beaded Lace Fabric Collar for T shirt</strong></p>\r\n<p><strong>桔色,粉红色,深紫色,黑色,白色</strong></p>',NULL,0,0,0,0,0,0,0,0,NULL),(850,85,'股绳电脑绣加手工钉珠 U形领子CLC041',3.80,4,'/images/product/850.205x205.jpg',62,5,0,0,0,0,'/images/product/850.jpg',NULL,0,0,'','','','股绳电脑绣加手工钉珠 U形领子CLC041','','<p><strong>股绳电脑绣加手工钉珠 U形领子</strong><br /><strong>Chiffon Fabric Machine Embroidered Hand Beaded Lace Collar for Women Clothing</strong></p>\r\n<p><strong>粉红色,深蓝色,黄色,黑色,白色</strong></p>',NULL,0,0,0,0,0,0,0,0,NULL),(851,85,'网底塑料珠绣 雪纺领子CLC042',3.40,4,'/images/product/851.205x205.jpg',63,5,0,0,0,0,'/images/product/851.jpg',NULL,0,0,'','','','网底塑料珠绣 雪纺领子CLC042','','<p><strong>网底塑料珠绣 雪纺领子</strong><br /><strong>Mesh Plastic Beaded Chiffon Fabric Guipure Lace Collar for Women Evening Dress</strong></p>\r\n<p><strong>粉红色,黄色,黑色,白色</strong></p>',NULL,0,0,0,0,0,0,0,0,NULL),(852,85,'带塑料珠粒雪纺花边 女装领口专用CLC043',3.60,4,'/images/product/852.205x205.jpg',64,5,0,0,0,0,'/images/product/852.jpg',NULL,0,0,'','','','带塑料珠粒雪纺花边 女装领口专用CLC043','','<p><strong>带塑料珠粒雪纺花边 女装领口专用</strong><br /><strong>Chiffon Fabric Plastic Beaded Embroidery Lace Collar for Women Wear</strong></p>\r\n<p><strong>黄色,黑色,白色</strong></p>',NULL,0,0,0,0,0,0,0,0,NULL),(853,85,NULL,NULL,NULL,NULL,65,-1,0,0,0,0,NULL,NULL,NULL,0,NULL,NULL,NULL,NULL,NULL,NULL,NULL,0,0,0,0,0,0,0,0,NULL),(854,85,'手勾珠 立体花卉领花CLC044',3.50,4,'/images/product/854.205x205.jpg',66,5,0,0,0,0,'/images/product/854.jpg',NULL,0,0,'','','','手勾珠 立体花卉领花CLC044','','手勾珠 立体花卉领花\r\nChiffon Fabric Hand Beaded Guipure Lace Collar for Women Evening Dress\r\n黑色,白色',NULL,0,0,0,0,0,0,0,0,NULL),(855,85,'网布底股线加亮片 领子花边 均码CLC045',4.00,4,'/images/product/855.205x205.jpg',67,5,0,0,0,0,'/images/product/855.jpg',NULL,0,0,'','','','网布底股线加亮片 领子花边 均码CLC045','','<p><strong>网布底股线加亮片 领子花边 均码</strong><br /><strong>Mesh Embroidery Chiffon Fabric Sequin Lace Collar for Women Dress</strong></p>\r\n<p><strong>黑色,白色</strong></p>',NULL,0,0,0,0,0,0,0,0,NULL),(856,85,'股绳加亮片 大梅花领花CLC046',4.00,4,'/images/product/856.205x205.jpg',68,5,0,0,0,0,'/images/product/856.jpg',NULL,0,0,'','','','股绳加亮片 大梅花领花CLC046','','<p><strong>股绳加亮片 大梅花领花</strong><br /><strong>2014 Fashion Chiffon Fabric Corded Embroidery Sequin Guipure Flower Lace Collar</strong></p>\r\n<p><strong>米色,白色</strong></p>',NULL,0,0,0,0,0,0,0,0,NULL),(857,85,'加亮片雪纺领花 白色CLC047',3.90,4,'/images/product/857.205x205.jpg',69,5,0,0,0,0,'/images/product/857.jpg',NULL,0,0,'','','','加亮片雪纺领花 白色CLC047','','<p><strong>加亮片雪纺领花 白色</strong><br /><strong>Alibaba China Chiffon Sequin Fabric Embroidery Lace Collar for Women Wear</strong></p>\r\n<p><strong>米色,黑色,白色</strong></p>',NULL,0,0,0,0,0,0,0,0,NULL),(858,85,NULL,NULL,NULL,NULL,70,-1,0,0,0,0,NULL,NULL,NULL,0,NULL,NULL,NULL,NULL,NULL,NULL,NULL,0,0,0,0,0,0,0,0,NULL),(859,85,'拼装小裙摆花边 打底裤可外穿啦! 30CM宽幅 全涤LF001',6.60,4,'/images/product/859.205x205.jpg',71,5,0,0,0,0,'/images/product/859.jpg',NULL,0,0,'','','','拼装小裙摆花边 打底裤可外穿啦! 30CM宽幅 全涤LF001','','<p><strong>拼装小裙摆花边 打底裤可外穿啦! 30CM宽幅 全涤</strong><br /><strong>100% Polyester 30CM Embroidery Guipure Lace Fabric for Skirt Hemline</strong></p>\r\n<p><strong>桔色,浅绿色,蓝色,黄色,黑色,白色</strong><br /><strong>宽30CM</strong><br /><strong>MOQ:800码</strong></p>',NULL,0,0,0,0,0,0,0,0,NULL),(860,85,'精致水溶花边 涤纶丝电脑绣 秋夏装裙摆花边LF002',7.70,4,'/images/product/860.205x205.jpg',72,5,0,0,0,0,'/images/product/860.jpg',NULL,0,0,'','','','精致水溶花边 涤纶丝电脑绣 秋夏装裙摆花边LF002','','<p><strong>精致水溶花边 涤纶丝电脑绣 秋夏装裙摆花边</strong><br /><strong>Fashion Polyester Water-soluable Embroidery Lace Fabrics Lace Dress Hem</strong></p>\r\n<p><strong>红色,桔色,浅绿色,蓝色,黄色,黑色,白色</strong><br /><strong>23CM</strong></p>',NULL,0,0,0,0,0,0,0,0,NULL),(861,85,'水溶面料批发 30CM宽幅涤光丝剌绣花边 爆款LF003',6.80,4,'/images/product/861.205x205.jpg',73,5,0,0,0,0,'/images/product/861.jpg',NULL,0,0,'','','','水溶面料批发 30CM宽幅涤光丝剌绣花边 爆款LF003','','<p><strong>水溶面料批发 30CM宽幅涤光丝剌绣花边 爆款</strong><br /><strong>Fashion Polyester Water-soluable 30CM Embroidery Guipure Lace Fabric</strong></p>\r\n<p><strong>红色,桔色,浅绿色,蓝色,黄色,黑色,白色</strong><br /><strong>30.5CM</strong></p>',NULL,0,0,0,0,0,0,0,0,NULL),(862,85,'2014年爆款半身裙花边 时尚韩版风 涤纶丝水溶LF004',7.80,4,'/images/product/862.205x205.jpg',74,5,0,0,0,0,'/images/product/862.jpg',NULL,0,0,'','','','2014年爆款半身裙花边 时尚韩版风 涤纶丝水溶LF004','','<p><strong>2014年爆款半身裙花边 时尚韩版风 涤纶丝水溶</strong><br /><strong>2014 Trendy Korean Polyester Embroidery Lace Fabric for Women Lace Skirt</strong></p>\r\n<p><strong>桔色,浅绿色,蓝色,黄色,黑色,白色</strong><br /><strong>31.5CM</strong></p>',NULL,0,0,0,0,0,0,0,0,NULL),(863,85,'涤纶丝水溶条码花边 13CM宽 支持来样OEMLF005',2.55,4,'/images/product/863.205x205.jpg',75,5,0,0,0,0,'/images/product/863.jpg',NULL,0,0,'','','','涤纶丝水溶条码花边 13CM宽 支持来样OEMLF005','','<p><strong>花边面料供应 涤纶丝水溶条码花边 13CM宽 支持来样OEM</strong><br /><strong>100% Polyester Water-soluable 13CM Embroidery Lace Fabric Lace Accessory OEM Acceptable</strong></p>\r\n<p><strong>红色,桔色,浅绿色,蓝色,黄色,黑色,白色</strong><br /><strong>13CM</strong></p>',NULL,0,0,0,0,0,0,0,0,NULL),(864,85,'DIY水溶花边 涤纶丝电脑绣花 打底裤百搭裙摆花边LF006',6.80,4,'/images/product/864.205x205.jpg',76,5,0,0,0,0,'/images/product/864.jpg',NULL,0,0,'','','','DIY水溶花边 涤纶丝电脑绣花 打底裤百搭裙摆花边LF006','','<p><strong>DIY水溶花边 涤纶丝电脑绣花 打底裤百搭裙摆花边</strong><br /><strong>Fashion Polyester Water-soluable Embroidered DIY Lace Fabric for Leggings and Skirt</strong></p>\r\n<p><strong>红色,桔色,浅绿色,蓝色,黄色,紫色,黑色,白色</strong><br /><strong>18.5CM</strong></p>',NULL,0,0,0,0,0,0,0,0,NULL),(865,85,'DIY裙摆花边 百搭韩版水溶花边面料 涤纶丝绣花LF007',7.10,4,'/images/product/865.205x205.jpg',77,5,0,0,0,0,'/images/product/865.jpg',NULL,0,0,'','','','DIY裙摆花边 百搭韩版水溶花边面料 涤纶丝绣花LF007','','<p><strong>DIY裙摆花边 百搭韩版水溶花边面料 涤纶丝绣花</strong><br /><strong>Korean Fashion Water-soluable DIY Lace Accessory Embroidery Guipure Lace Fabric</strong></p>\r\n<p><strong>红色,桔色,浅绿色,蓝色,黄色,黑色,白色</strong><br /><strong>21.5CM</strong></p>',NULL,0,0,0,0,0,0,0,0,NULL),(866,85,'DIY爆款裙摆花边 女装裤子专属 全涤剌绣 32CM宽幅LF008',6.80,4,'/images/product/866.205x205.jpg',78,5,0,0,0,0,'/images/product/866.jpg',NULL,0,0,'','','','DIY爆款裙摆花边 女装裤子专属 全涤剌绣 32CM宽幅LF008','','<p><strong>DIY爆款裙摆花边 女装裤子专属 全涤剌绣 32CM宽幅</strong><br /><strong>100% Polyester 32CM Embroidery Guipure Lace Fabric for DIY Lace Accessories</strong></p>\r\n<p><strong>红色,桔色,浅绿色,蓝色,黄色,黑色,白色</strong><br /><strong>32CM</strong></p>',NULL,0,0,0,0,0,0,0,0,NULL),(867,85,'裙摆花边 水溶全涤条码花边 适用于打低裤七分裤 LF009',8.00,4,'/images/product/867.205x205.jpg',79,5,0,0,0,0,'/images/product/867.jpg',NULL,0,0,'','','','裙摆花边 水溶全涤条码花边 适用于打低裤七分裤 LF009','','<p><strong>裙摆花边 水溶全涤条码花边 适用于打低裤七分裤 欢迎订购</strong><br /><strong>Polyester Water-soluable Embroidery Lace Fabric for Leggings and Skirt Hem</strong></p>\r\n<p><strong>红色,桔色,浅绿色,蓝色,黄色,黑色,白色</strong><br /><strong>30CM</strong></p>',NULL,0,0,0,0,0,0,0,0,NULL),(868,85,NULL,NULL,NULL,NULL,80,-1,0,0,0,0,NULL,NULL,NULL,0,NULL,NULL,NULL,NULL,NULL,NULL,NULL,0,0,0,0,0,0,0,0,NULL),(869,85,'欧根纱+涤纶丝电脑绣花 满幅水溶花边面料 本白色LF010',21.00,4,'/images/product/869.205x205.jpg',81,5,0,0,0,0,'/images/product/869.jpg',NULL,0,0,'','','','欧根纱+涤纶丝电脑绣花 满幅水溶花边面料 本白色LF010','','<p><strong>欧根纱+涤纶丝电脑绣花 满幅水溶花边面料 本白色</strong><br /><strong>Organza Polyester Water-soluable Embroidered Lace Fabric for Wedding Dress</strong></p>\r\n<p><strong>白色</strong><br /><strong>门幅1.38米*15码</strong><br /><strong>500码</strong></p>',NULL,0,0,0,0,0,0,0,0,NULL),(870,85,'高品质围巾花边 时尚白涤纶丝+欧根纱剌绣 1.3米宽幅LF011',23.00,4,'/images/product/870.205x205.jpg',82,5,0,0,0,0,'/images/product/870.jpg',NULL,0,0,'','','','高品质围巾花边 时尚白涤纶丝+欧根纱剌绣 1.3米宽幅LF011','','<p><strong>高品质围巾花边 时尚白涤纶丝+欧根纱剌绣 1.3米宽幅</strong><br /><strong>2014 Fashion New Design White Polyester Organza Embroidery Lace Fabric for Scarves</strong></p>\r\n<p><strong>红色,粉红色,天蓝色,巧克力色,紫色，黑色，白色</strong><br /><strong>宽1.38米*15码</strong></p>',NULL,0,0,0,0,0,0,0,0,NULL),(871,85,'水溶剌绣 摆动小花垂服饰花边 6.8米长 可OEM LF012',48.00,4,'/images/product/871.205x205.jpg',83,5,0,0,0,0,'/images/product/871.jpg',NULL,0,0,'','','','水溶剌绣 摆动小花垂服饰花边 6.8米长 可OEM LF012','','<p><strong>水溶剌绣 摆动小花垂服饰花边 6.8米长 可OEM</strong><br /><strong>Organza Water-soluable Lace Embroidered Guipure Flower Lace Fabric OEM Accepted</strong></p>\r\n<p><strong>红色,粉红色,天蓝色,白色</strong><br /><strong>300码</strong></p>',NULL,0,0,0,0,0,0,0,0,NULL),(872,85,'水溶服饰面料 韩版设计满幅花边 附美图赏析LF013',46.00,4,'/images/product/872.205x205.jpg',84,5,0,0,0,0,'/images/product/872.jpg',NULL,0,0,'','','','水溶服饰面料 韩版设计满幅花边 附美图赏析LF013','','<p><strong>水溶服饰面料 韩版设计满幅花边 附美图赏析</strong><br /><strong>2014 Trendy Polyester Organza Water-soluable Lace Embroidery Guipure Lace Fabric</strong></p>\r\n<p><strong>粉红色,深蓝色,黑色,白色</strong></p>',NULL,0,0,0,0,0,0,0,0,NULL),(873,85,'花草满幅网布 1.3米宽 金丝刺绣 现货销售LF014',27.00,4,'/images/product/873.205x205.jpg',85,5,0,0,0,0,'/images/product/873.jpg',NULL,0,0,'','','','花草满幅网布 1.3米宽 金丝刺绣 现货销售LF014','','<p><strong>花草满幅网布 1.3米宽 金丝刺绣 现货销售</strong><br /><strong>2014 Popular Desin Mesh Metallic Fabric Embroidered Guipure Lace Fabric</strong></p>\r\n<p><strong>黑色</strong><br /><strong>长度：16码 宽度：1.3米</strong><br /><strong>金银丝</strong><br /><strong>100码</strong></p>',NULL,0,0,0,0,0,0,0,0,NULL),(874,85,'满幅花边面料 平绣水溶花边 黑色LF015',26.00,4,NULL,86,5,0,0,0,0,NULL,NULL,0,0,'','','','满幅花边面料 平绣水溶花边 黑色LF015','','<p><strong>满幅花边面料 平绣水溶花边 黑色</strong><br /><strong>Fashion Water-soluable Lace Fabric Mesh Embroidery Guipure Black African Lace Fabric</strong></p>\r\n<p><strong>米色,黑色</strong><br /><strong>500码</strong></p>',NULL,0,0,0,0,0,0,0,0,NULL),(875,85,NULL,NULL,NULL,NULL,87,-1,0,0,0,0,NULL,NULL,NULL,0,NULL,NULL,NULL,NULL,NULL,NULL,NULL,0,0,0,0,0,0,0,0,NULL),(876,85,'金线刺绣 满幅花边 厂家直销LF016',26.00,4,'/images/product/876.205x205.jpg',88,5,0,0,0,0,'/images/product/876.jpg',NULL,0,0,'','','','金线刺绣 满幅花边 厂家直销LF016','','<p><strong>金线刺绣 满幅花边 厂家直销</strong><br /><strong>Factory Direct Supply Metallic Fabric Mesh Embroidered Guipure African Lace Fabric</strong></p>\r\n<p><strong>黑色</strong><br /><strong>1.3M*16码</strong></p>',NULL,0,0,0,0,0,0,0,0,NULL),(877,85,NULL,NULL,NULL,'/images/product/877.205x205.jpg',89,-1,0,0,0,0,'/images/product/877.jpg',NULL,NULL,0,NULL,NULL,NULL,NULL,NULL,NULL,NULL,0,0,0,0,0,0,0,0,NULL),(878,85,'夏季裙装满幅花边 网底金线剌绣LF017',24.00,4,'/images/product/878.205x205.jpg',90,5,0,0,0,0,'/images/product/878.jpg',NULL,0,0,'','','','夏季裙装满幅花边 网底金线剌绣LF017','','<p><strong>夏季裙装满幅花边 网底金线剌绣</strong><br /><strong>2014 Summer Dress Mesh Embroidery Metallic French Lace Fabric</strong></p>\r\n<p><strong>黑色,白色</strong></p>',NULL,0,0,0,0,0,0,0,0,NULL),(879,85,NULL,NULL,NULL,NULL,91,-1,0,0,0,0,NULL,NULL,NULL,0,NULL,NULL,NULL,NULL,NULL,NULL,NULL,0,0,0,0,0,0,0,0,NULL),(880,85,'夏季裙装花边面料 平绣满幅花边LF018',23.00,4,'/images/product/880.205x205.jpg',92,5,0,0,0,0,'/images/product/880.jpg',NULL,0,0,'','','','夏季裙装花边面料 平绣满幅花边LF018','','夏季裙装花边面料 平绣满幅花边\r\n2014 Fashion Mesh Metallic Thread Plain Embroidery Lace Fabric\r\n米色,黑色,白色',NULL,0,0,0,0,0,0,0,0,NULL),(881,85,'复合线水溶花边 满幅剌绣面料LF019',23.50,4,'/images/product/881.205x205.jpg',93,5,0,0,0,0,'/images/product/881.jpg',NULL,0,0,'','','','复合线水溶花边 满幅剌绣面料LF019','','<p><strong>复合线水溶花边 满幅剌绣面料</strong><br /><strong>2014 Summer Dress Lace Accessory Water-soluable Embroidery Lace Fabric</strong></p>\r\n<p><strong>米色,黑色</strong></p>',NULL,0,0,0,0,0,0,0,0,NULL),(882,85,'复合线花边面料 小星星满幅花边LF020',33.00,4,'/images/product/882.205x205.jpg',94,5,0,0,0,0,'/images/product/882.jpg',NULL,0,0,'','','','复合线花边面料 小星星满幅花边LF020','','<p><strong>复合线花边面料 小星星满幅花边</strong><br /><strong>2014 Fashion Dress Lace Mesh Embroidery Little Star Guipure Lace Fabric</strong></p>\r\n<p><strong>米色,黑色</strong></p>',NULL,0,0,0,0,0,0,0,0,NULL),(883,85,'双面剌绣花边面料 小花点满幅花边LF021',36.00,4,'/images/product/883.205x205.jpg',95,5,0,0,0,0,'/images/product/883.jpg',NULL,0,0,'','','','双面剌绣花边面料 小花点满幅花边LF021','','<p><strong>双面剌绣花边面料 小花点满幅花边</strong><br /><strong>Fashion Mesh Double-sided Embroidery Flower Guipure Lace Fabric</strong></p>\r\n<p><strong>米色,黑色</strong></p>',NULL,0,0,0,0,0,0,0,0,NULL),(884,85,'复古水溶剌绣 1.2米宽满幅花边面料LF022',38.00,4,'/images/product/884.205x205.jpg',96,5,0,0,0,0,'/images/product/884.jpg',NULL,0,0,'','','','复古水溶剌绣 1.2米宽满幅花边面料LF022','','<p><strong>复古水溶剌绣 1.2米宽满幅花边面料</strong><br /><strong>Vintage Water-soluable Lace Mesh Embroidery French Lace Fabric</strong></p>\r\n<p><strong>米色,黑色,白色,金色</strong></p>',NULL,0,0,0,0,0,0,0,0,NULL),(885,85,'复季裙装专用 网底混合线满幅 大花草水溶花边LF023',26.00,4,NULL,97,5,0,0,0,0,NULL,NULL,0,0,'','','','复季裙装专用 网底混合线满幅 大花草水溶花边LF023','','<p><strong>复季裙装专用 网底混合线满幅 大花草水溶花边</strong><br /><strong>Summer Dress Lace Mesh Metallic Fabric Embroidery Water-soluable Lace Fabric</strong></p>\r\n<p><strong>米色,黑色,金色</strong></p>',NULL,0,0,0,0,0,0,0,0,NULL),(886,85,'全新时尚 网布刺绣 金线花边面料LF024',24.00,4,'/images/product/886.205x205.jpg',98,5,0,0,0,0,'/images/product/886.jpg',NULL,0,0,'','','','全新时尚 网布刺绣 金线花边面料LF024','','<p><strong>全新时尚 网布刺绣 金线花边面料</strong><br /><strong>2014 Fashion Mesh Embroidery Metallic Crochet Lace Fabric</strong></p>\r\n<p><strong>黑色,白色</strong></p>',NULL,0,0,0,0,0,0,0,0,NULL),(887,85,'春款裙装面料 金线网布刺绣 满幅花边LF025',24.00,4,'/images/product/887.205x205.jpg',99,5,0,0,0,0,'/images/product/887.jpg',NULL,0,0,'','','','春款裙装面料 金线网布刺绣 满幅花边LF025','','<p><strong>春款裙装面料 金线网布刺绣 满幅花边</strong><br /><strong>Spring &amp; Summer Dress Fabric Metallic Mesh Embroidery Lace Fabric</strong></p>\r\n<p><strong>黑色,白色</strong></p>',NULL,0,0,0,0,0,0,0,0,NULL),(888,85,'满幅网布花边 现货供应 金线网纱刺绣花边LF026',17.50,4,'/images/product/888.205x205.jpg',100,5,0,0,0,0,'/images/product/888.jpg',NULL,0,0,'','','','满幅网布花边 现货供应 金线网纱刺绣花边LF026','','<p><strong>满幅网布花边 现货供应 金线网纱刺绣花边</strong><br /><strong>2014 Fashion Mesh Metallic Fiber Embroidered Lace Fabric French Lace</strong></p>\r\n<p><strong>黑色,白色</strong><br /><strong>100码</strong></p>',NULL,0,0,0,0,0,0,0,0,NULL),(889,85,'满幅花朵 双边网布刺绣花边 黑色LF027',20.00,4,'/images/product/889.205x205.jpg',101,5,0,0,0,0,'/images/product/889.jpg',NULL,0,0,'','','','满幅花朵 双边网布刺绣花边 黑色LF027','','<p><strong>满幅花朵 双边网布刺绣花边 黑色</strong><br /><strong>Fashion French Lace Black Sexy Double-sided Embroidery Lace Fabric for Women Dress</strong></p>\r\n<p><strong>黑色</strong></p>',NULL,0,0,0,0,0,0,0,0,NULL),(890,85,'裙装专用 花草满幅网布 刺绣花边面料LF028',19.00,4,'/images/product/890.205x205.jpg',102,5,0,0,0,0,'/images/product/890.jpg',NULL,0,0,'','','','裙装专用 花草满幅网布 刺绣花边面料LF028','','<p><strong>裙装专用 花草满幅网布 刺绣花边面料</strong><br /><strong>Mesh Metallic Fiber Embroidery Guipure Lace Fabric for Dress &amp; Skirt</strong></p>\r\n<p><strong>黑色</strong></p>',NULL,0,0,0,0,0,0,0,0,NULL),(891,85,'全新时尚 绣花满幅网布 批发生产LF029',19.50,4,'/images/product/891.205x205.jpg',103,5,0,0,0,0,'/images/product/891.jpg',NULL,0,0,'','','','全新时尚 绣花满幅网布 批发生产LF029','','<p><strong>全新时尚 绣花满幅网布 批发生产</strong><br /><strong>Fashion Mesh Metallic Thread Embroidery Guipure Lace Fabric</strong></p>\r\n<p><strong>黑色</strong></p>',NULL,0,0,0,0,0,0,0,0,NULL),(892,85,'浅绿色时装花边辅料 玻璃纱加牛奶丝剌绣满幅LF030',19.80,4,'/images/product/892.205x205.jpg',104,5,0,0,0,0,'/images/product/892.jpg',NULL,0,0,'','','','浅绿色时装花边辅料 玻璃纱加牛奶丝剌绣满幅LF030','','<p><strong>浅绿色时装花边辅料 玻璃纱加牛奶丝剌绣满幅</strong><br /><strong>Light Green Milk Protein Thread Organdy Embroidery Lace Fabric for Women Fashion Dress</strong></p>\r\n<p><strong>桔色,粉红色,浅绿色,天蓝色,米色,黑色</strong><br /><strong>宽1.36米*15码</strong><br /><strong>800码</strong></p>',NULL,0,0,0,0,0,0,0,0,NULL),(893,85,'时尚领衔服饰辅料 牛奶丝双色花边 现货供应LF031',81.00,4,'/images/product/893.205x205.jpg',105,5,0,0,0,0,'/images/product/893.jpg',NULL,0,0,'','','','时尚领衔服饰辅料 牛奶丝双色花边 现货供应LF031','','<p><strong>时尚领衔服饰辅料 牛奶丝双色花边 现货供应</strong><br /><strong>2014 Fashion Bi-color Milk Protein Fiber Water-soluable Lace Fabric Embroidery Lace Fabric</strong></p>\r\n<p><strong>黑色,白色,双色</strong><br /><strong>300码</strong></p>',NULL,0,0,0,0,0,0,0,0,NULL),(894,85,'新款牛奶丝水溶花边登场 针织衫甜美搭配花边面料LF032',48.00,4,'/images/product/894.205x205.jpg',106,5,0,0,0,0,'/images/product/894.jpg',NULL,0,0,'','','','新款牛奶丝水溶花边登场 针织衫甜美搭配花边面料LF032','','<p><strong>新款牛奶丝水溶花边登场 针织衫甜美搭配花边面料</strong><br /><strong>2014 New Design Milk Protein Fiber Lace Embroidery Lace Fabric for Fashion Dress and Clothing</strong></p>\r\n<p><strong>粉红色,浅绿色,紫色,白色</strong><br /><strong>300码</strong></p>',NULL,0,0,0,0,0,0,0,0,NULL),(895,82,'健力腕',40.00,4,'/images/product/895.205x205.jpg',3,5,0,0,0,0,'/images/product/895.jpg',NULL,0,0,'','','','健力腕','','',NULL,0,0,0,0,0,0,0,0,NULL),(896,85,'网底浮花剌绣服饰辅料 满幅水溶花边LF033',27.00,4,'/images/product/896.205x205.jpg',107,5,0,0,0,0,'/images/product/896.jpg',NULL,0,0,'','','','网底浮花剌绣服饰辅料 满幅水溶花边LF033','','<p><strong>牛奶丝水溶花边批发 网底浮花剌绣服饰辅料 满幅水溶花边</strong><br /><strong>Milk Protein Fiber Lace Water-soluable Mesh Embroidery Lace Fabric for Garment Accessories</strong></p>\r\n<p><strong>粉红色,浅绿色,天蓝色,紫色,米色,黑色</strong><br /><strong>1.3米*15码</strong><br /><strong>500码</strong></p>',NULL,0,0,0,0,0,0,0,0,NULL),(897,85,NULL,NULL,NULL,NULL,108,-1,0,0,0,0,NULL,NULL,NULL,0,NULL,NULL,NULL,NULL,NULL,NULL,NULL,0,0,0,0,0,0,0,0,NULL),(898,85,NULL,NULL,NULL,NULL,109,-1,0,0,0,0,NULL,NULL,NULL,0,NULL,NULL,NULL,NULL,NULL,NULL,NULL,0,0,0,0,0,0,0,0,NULL),(899,85,NULL,NULL,NULL,NULL,110,-1,0,0,0,0,NULL,NULL,NULL,0,NULL,NULL,NULL,NULL,NULL,NULL,NULL,0,0,0,0,0,0,0,0,NULL),(900,85,'牛奶丝新品满幅花边 欢迎选购OEM定制LF034',30.00,4,'/images/product/900.205x205.jpg',111,5,0,0,0,0,'/images/product/900.jpg',NULL,0,0,'','','','牛奶丝新品满幅花边 欢迎选购OEM定制LF034','','<p><strong>牛奶丝新品满幅花边 韩版服饰花边面料 欢迎选购OEM定制</strong></p>\r\n<p><strong>Korean Lace Fabric Milk Protein Fiber Mesh Embroidered Lace Fabric OEM Available</strong></p>\r\n<p><strong>红色,绿色,天蓝色,巧克力色,米色</strong></p>\r\n<p><strong>宽1.3M*15Y</strong></p>\r\n<p><strong>600码</strong></p>',NULL,0,0,0,0,0,0,0,0,NULL),(901,27,NULL,NULL,NULL,NULL,83,-1,0,0,0,0,NULL,NULL,NULL,0,NULL,NULL,NULL,NULL,NULL,NULL,NULL,0,0,0,0,0,0,0,0,NULL),(902,85,'新款牛奶丝网绣满幅花边 汕头厂家直销LF035',29.80,4,'/images/product/902.205x205.jpg',112,5,0,0,0,0,'/images/product/902.jpg',NULL,0,0,'','','','新款牛奶丝网绣满幅花边 汕头厂家直销LF035','','<p><strong>时尚花边面料 新款牛奶丝网绣满幅花边 汕头厂家直销</strong></p>\r\n<p><strong>Factory Direct Supply Fashion Milk Protein Fiber Mesh Embroidery Lace Fabric</strong></p>\r\n<p><strong>,粉红色,绿色,天蓝色,浅黄色,黑色,白色</strong></p>\r\n<p><strong>宽1.3米*15码</strong></p>\r\n<p><strong>500码</strong></p>',NULL,0,0,0,0,0,0,0,0,NULL),(903,85,' 优质网底+牛奶丝绣制 小蝴蝶满幅花边LF036',31.60,4,'/images/product/903.205x205.jpg',113,5,0,0,0,0,'/images/product/903.jpg',NULL,0,0,'','','',' 优质网底+牛奶丝绣制 小蝴蝶满幅花边LF036','','<p><strong>剌绣花边批发 优质网底+牛奶丝绣制 小蝴蝶满幅花边</strong></p>\r\n<p><strong>Good Quality Mesh Milk Protein Fiber Embroidery Little Butterfly Lace Fabric</strong></p>\r\n<p><strong>桔色,粉红色,浅绿色,天蓝色,黄色,黑色,白色</strong></p>\r\n<p><strong>1.3米宽幅*15码</strong></p>',NULL,0,0,0,0,0,0,0,0,NULL),(904,85,'满幅花边系列 时尚白色风尚 牛奶丝剌绣水溶花边LF037',31.00,4,'/images/product/904.205x205.jpg',114,5,0,0,0,0,'/images/product/904.jpg',NULL,0,0,'','','','满幅花边系列 时尚白色风尚 牛奶丝剌绣水溶花边LF037','','<p><strong>满幅花边系列 时尚白色风尚 牛奶丝剌绣水溶花边</strong></p>\r\n<p><strong>Fashion White Milk Protein Fiber Water-soluable Lace Embroidery Lace Fabric</strong></p>\r\n<p><strong>粉红色,浅绿色,浅黄色,米色,白色</strong></p>',NULL,0,0,0,0,0,0,0,0,NULL),(905,85,'双色牛奶丝花边 水溶镂空图纹 7.5码规格LF038',81.00,4,'/images/product/905.205x205.jpg',115,5,0,0,0,0,'/images/product/905.jpg',NULL,0,0,'','','','双色牛奶丝花边 水溶镂空图纹 7.5码规格LF038','','<p><strong>双色牛奶丝花边 水溶镂空图纹 7.5码规格</strong></p>\r\n<p><strong>2014 Fashion Bi-color Milk Protein Fiber Embroidery Lace Water-soluable Guipure Lace Fabric</strong></p>\r\n<p><strong>红色,粉红色,深紫色,黑色,白色</strong></p>\r\n<p><strong>300码</strong></p>',NULL,0,0,0,0,0,0,0,0,NULL),(906,85,'复古镂空剌绣 裙摆专用水溶花边 支持OEM设计LF039',44.60,4,'/images/product/906.205x205.jpg',116,5,0,0,0,0,'/images/product/906.jpg',NULL,0,0,'','','','复古镂空剌绣 裙摆专用水溶花边 支持OEM设计LF039','','<p><strong>复古镂空剌绣 裙摆专用水溶花边 支持OEM设计</strong></p>\r\n<p><strong>Vintage Mesh Embroidery Lace Fabric Water-soluable Lace for Women Dress</strong></p>\r\n<p><strong>粉红色,天蓝色,紫色,黑色,白色</strong></p>',NULL,0,0,0,0,0,0,0,0,NULL),(907,85,'皇冠图形 满幅网绣花边 暴款现货供应LF040',43.80,4,'/images/product/907.205x205.jpg',117,5,0,0,0,0,'/images/product/907.jpg',NULL,0,0,'','','','皇冠图形 满幅网绣花边 暴款现货供应LF040','','<p><strong>皇冠图形 满幅网绣花边 暴款现货供应</strong></p>\r\n<p><strong>2014 Best Seller Mesh Crown Embroidered Lace Fabric</strong></p>\r\n<p><strong>红色,粉红色,天蓝色,紫色,米色,黑色</strong></p>',NULL,0,0,0,0,0,0,0,0,NULL),(908,85,'品牌服饰花边面料 扇状图纹 裙摆专用LF04',48.00,4,'/images/product/908.205x205.jpg',118,5,0,0,0,0,'/images/product/908.jpg',NULL,0,0,'','','','品牌服饰花边面料 扇状图纹 裙摆专用LF04','','<p><strong>品牌服饰花边面料 扇状图纹 裙摆专用</strong></p>\r\n<p><strong>Milk Protein Fiber Mesh Fan Embroidery Lace Fabric for Women Dress</strong></p>\r\n<p><strong>粉红色,天蓝色,紫色,黑色,白色</strong></p>',NULL,0,0,0,0,0,0,0,0,NULL),(909,85,'水溶古典花草 索色花边 最美服饰搭配面料LF042',30.00,4,'/images/product/909.205x205.jpg',119,5,0,0,0,0,'/images/product/909.jpg',NULL,0,0,'','','','水溶古典花草 索色花边 最美服饰搭配面料LF042','','<p><strong>水溶古典花草 索色花边 最美服饰搭配面料</strong></p>\r\n<p><strong>Vintage Fashion Water-soluable Lace Love Heart Mesh Embroidery Lace Fabric</strong></p>\r\n<p><strong>酒红色,粉红色,紫色,黑色,白色</strong></p>',NULL,0,0,0,0,0,0,0,0,NULL),(910,85,'网布系列 简约图纹水溶花边 1.3米宽幅LF043',22.00,4,'/images/product/910.205x205.jpg',120,5,0,0,0,0,'/images/product/910.jpg',NULL,0,0,'','','','网布系列 简约图纹水溶花边 1.3米宽幅LF043','','<p><strong>网布系列 简约图纹水溶花边 1.3米宽幅</strong></p>\r\n<p><strong>Fashion Water-soluable Lace Mesh Sunflower Embroidery Lace Fabric</strong></p>\r\n<p><strong>粉红色,蓝色,深紫色,黑色,白色</strong></p>\r\n<p><strong>500码</strong></p>',NULL,0,0,0,0,0,0,0,0,NULL),(911,85,'高级牛奶丝面料 最美裙装花边 爆款LF044',34.00,4,'/images/product/911.205x205.jpg',121,5,0,0,0,0,'/images/product/911.jpg',NULL,0,0,'','','','高级牛奶丝面料 最美裙装花边 爆款LF044','','<p><strong>高级牛奶丝面料 最美裙装花边 爆款</strong></p>\r\n<p><strong>High-graded Milk Protein Fiber Water-soluable Lace Embroidery Lace Fabric for Dress</strong></p>\r\n<p><strong>粉红色,天蓝色,紫色,黑色,白色</strong></p>',NULL,0,0,0,0,0,0,0,0,NULL),(912,85,'牛奶丝裙摆系列 洁白服饰花边 可OEM定制LF045',25.30,4,'/images/product/912.205x205.jpg',122,5,0,0,0,0,'/images/product/912.jpg',NULL,0,0,'','','','牛奶丝裙摆系列 洁白服饰花边 可OEM定制LF045','','<p><strong>牛奶丝裙摆系列 洁白服饰花边 可OEM定制</strong></p>\r\n<p><strong>Milk Protein Fiber Mesh Embroidery Lace Fabric for Bridal Dress</strong></p>\r\n<p><strong>粉红色,绿色,天蓝色,紫色,米色,黑色,白色</strong></p>',NULL,0,0,0,0,0,0,0,0,NULL),(913,85,'双边带星星 精致剌绣满幅 新款水溶花边LF046',25.30,4,'/images/product/913.205x205.jpg',123,5,0,0,0,0,'/images/product/913.jpg',NULL,0,0,'','','','双边带星星 精致剌绣满幅 新款水溶花边LF046','','<p><strong>双边带星星 精致剌绣满幅 新款水溶花边</strong></p>\r\n<p><strong>New Design Water-soluable Lace Little Star Embroidery Lace Fabric for Wedding Dress</strong></p>\r\n<p><strong>军绿色,天蓝色,紫色,米色,黑色,白色</strong></p>',NULL,0,0,0,0,0,0,0,0,NULL),(914,85,'超立体绣花 牛奶丝水溶花边 附美丽大图LF047',29.20,4,'/images/product/914.205x205.jpg',124,5,0,0,0,0,'/images/product/914.jpg',NULL,0,0,'','','','超立体绣花 牛奶丝水溶花边 附美丽大图LF047','','<p><strong>超立体绣花 牛奶丝水溶花边 附美丽大图</strong></p>\r\n<p><strong>Milk Protein Fiber Water-soluable Lace Embroidery Guipure Mesh Lace Fabric</strong></p>\r\n<p><strong>粉红色,天蓝色,巧克力色,黑色,白色</strong></p>',NULL,0,0,0,0,0,0,0,0,NULL),(915,85,'小花草图纹 牛奶丝剌绣 柔软花边面料LF048',29.20,4,'/images/product/915.205x205.jpg',125,5,0,0,0,0,'/images/product/915.jpg',NULL,0,0,'','','','小花草图纹 牛奶丝剌绣 柔软花边面料LF048','','<p><strong>小花草图纹 牛奶丝剌绣 柔软花边面料</strong></p>\r\n<p><strong>Milk Protein Fiber Lace Mesh Embroidery Lace Fabric</strong></p>\r\n<p><strong>酒红色,天蓝色,紫色,黑色,白色</strong></p>',NULL,0,0,0,0,0,0,0,0,NULL),(916,85,'柔软牛奶丝水溶花边 大尺寸满幅 关键是支持OEMLF049',24.60,4,'/images/product/916.205x205.jpg',126,5,0,0,0,0,'/images/product/916.jpg',NULL,0,0,'','','','柔软牛奶丝水溶花边 大尺寸满幅 关键是支持OEMLF049','','<p><strong>柔软牛奶丝水溶花边 大尺寸满幅 关键是支持OEM</strong></p>\r\n<p><strong>Large Size Lace Fabric Milk Protein Fiber Mesh Embroidery Lace Fabric</strong></p>\r\n<p><strong>红色,天蓝色,米色,黑色,白色</strong></p>',NULL,0,0,0,0,0,0,0,0,NULL),(917,85,NULL,NULL,NULL,NULL,127,-1,0,0,0,0,NULL,NULL,NULL,0,NULL,NULL,NULL,NULL,NULL,NULL,NULL,0,0,0,0,0,0,0,0,NULL),(918,85,'小海星图纹水溶花边 爆款牛奶丝系列 现货供应LF050',26.40,4,'/images/product/918.205x205.jpg',128,5,0,0,0,0,'/images/product/918.jpg',NULL,0,0,'','','','小海星图纹水溶花边 爆款牛奶丝系列 现货供应LF050','','<p><strong>小海星图纹水溶花边 爆款牛奶丝系列 现货供应</strong></p>\r\n<p><strong>Popular Milk Protein Fiber Water-soluable Lace Little Seastar Embroidery Lace Fabric</strong></p>\r\n<p><strong>红色,粉红色,深蓝色,米色,黑色</strong></p>',NULL,0,0,0,0,0,0,0,0,NULL),(919,85,'秋复装专用时尚花边面料 2014新款花边LF051',25.30,4,'/images/product/919.205x205.jpg',129,5,0,0,0,0,'/images/product/919.jpg',NULL,0,0,'','','','秋复装专用时尚花边面料 2014新款花边LF051','','<p><strong>秋复装专用时尚花边面料 2014新款花边</strong></p>\r\n<p><strong>2014 Fashion Mesh Embroidery Lace Fabric</strong></p>\r\n<p><strong>粉红色,黑色,白色</strong></p>',NULL,0,0,0,0,0,0,0,0,NULL),(920,85,'网纱底 牛奶丝服装面料 满幅花边LF052',29.30,4,'/images/product/920.205x205.jpg',130,5,0,0,0,0,'/images/product/920.jpg',NULL,0,0,'','','','网纱底 牛奶丝服装面料 满幅花边LF052','','<p><strong>网纱底 牛奶丝服装面料 满幅花边</strong></p>\r\n<p><strong>Milk Protein Fiber Garment Lace Accessory Embroidery Mesh Lace Fabric</strong></p>\r\n<p><strong>粉红色,黑色,白色</strong></p>',NULL,0,0,0,0,0,0,0,0,NULL),(921,85,'平绣卡通花边面料 最新流行满幅花边LF053',52.00,4,'/images/product/921.205x205.jpg',131,5,0,0,0,0,'/images/product/921.jpg',NULL,0,0,'','','','平绣卡通花边面料 最新流行满幅花边LF053','','<p><strong>平绣卡通花边面料 最新流行满幅花边</strong></p>\r\n<p><strong>Latest Trendy Water-soluable Lace Lizard Embroidery Lace Fabric</strong></p>\r\n<p><strong>酒红色,天蓝色,巧克力色,米色,黑色,白色</strong></p>',NULL,0,0,0,0,0,0,0,0,NULL),(922,85,'刺绣立体花卉 1.3米宽幅 水溶花边面料LF054',43.00,4,'/images/product/922.205x205.jpg',132,5,0,0,0,0,'/images/product/922.jpg',NULL,0,0,'','','','刺绣立体花卉 1.3米宽幅 水溶花边面料LF054','','<p><strong>刺绣立体花卉 1.3米宽幅 水溶花边面料</strong></p>\r\n<p><strong>Fashion Water-soluable Lace 1.3M Flower Blossom Embroidery Guipure Lace Fabric</strong></p>\r\n<p><strong>天蓝色,巧克力色,紫色,灰色,黑色,白色</strong></p>',NULL,0,0,0,0,0,0,0,0,NULL),(923,85,'优质满幅花边 牛奶丝刺绣 义乌小商品供应LF055',45.00,4,'/images/product/923.205x205.jpg',133,5,0,0,0,0,'/images/product/923.jpg',NULL,0,0,'','','','优质满幅花边 牛奶丝刺绣 义乌小商品供应LF055','','<p><strong>优质满幅花边 牛奶丝刺绣 义乌小商品供应</strong></p>\r\n<p><strong>Good Quality Milk Protein Fiber Lace Embroidery Lace Fabric for Lace Garment Accessories</strong></p>\r\n<p><strong>粉红色,天蓝色,巧克力色,紫色,米色,黑色,白色</strong></p>',NULL,0,0,0,0,0,0,0,0,NULL),(924,85,'马也达花边一站式供应 水溶刺绣花边面料LF056',39.00,4,'/images/product/924.205x205.jpg',134,5,0,0,0,0,'/images/product/924.jpg',NULL,0,0,'','','','马也达花边一站式供应 水溶刺绣花边面料LF056','','<p><strong>马也达花边一站式供应 水溶刺绣花边面料</strong></p>\r\n<p><strong>2014 Fashion Water-soluable Lace Guipure Embroidery Lace Fabric Lace Accessory</strong></p>\r\n<p><strong>粉红色,天蓝色,黄色,巧克力色,米色,黑色,白色</strong></p>',NULL,0,0,0,0,0,0,0,0,NULL),(925,85,'专业花边面料供应 1.2米门幅 牛奶丝绣制LF057',45.00,4,'/images/product/925.205x205.jpg',135,5,0,0,0,0,'/images/product/925.jpg',NULL,0,0,'','','','专业花边面料供应 1.2米门幅 牛奶丝绣制LF057','','<p><strong>专业花边面料供应 1.2米门幅 牛奶丝绣制</strong></p>\r\n<p><strong>Factory Supply 1.2M Milk Protein Fiber Water-soluable Lace Embroidery Lace Fabric</strong></p>\r\n<p><strong>蓝色,巧克力色,深紫色,灰色,米色,黑色</strong></p>',NULL,0,0,0,0,0,0,0,0,NULL),(926,85,'刺绣新高地 牛奶丝满幅花边 欢迎到店感受LF058',41.00,4,'/images/product/926.205x205.jpg',136,5,0,0,0,0,'/images/product/926.jpg',NULL,0,0,'','','','刺绣新高地 牛奶丝满幅花边 欢迎到店感受LF058','','<p><strong>刺绣新高地 牛奶丝满幅花边 欢迎到店感受</strong></p>\r\n<p><strong>Water-soluable Lace Embroidery Chemical Guipure Lace Fabric</strong></p>\r\n<p><strong>红色,粉红色,蓝色,巧克力色,灰色,米色,黑色,白色</strong></p>',NULL,0,0,0,0,0,0,0,0,NULL),(927,85,'花边面料供应 满幅花草平绣 关键是价格给力LF059',41.30,4,'/images/product/927.205x205.jpg',137,5,0,0,0,0,'/images/product/927.jpg',NULL,0,0,'','','','花边面料供应 满幅花草平绣 关键是价格给力LF059','','<p><strong>花边面料供应 满幅花草平绣 关键是价格给力</strong></p>\r\n<p><strong>Chemical Embroidery Guipure Lace Fabric</strong></p>\r\n<p><strong>红色,桔色,黄色,巧克力色,米色,黑色</strong></p>',NULL,0,0,0,0,0,0,0,0,NULL),(928,85,'宽幅面料供应 平绣满幅 跳水价格LF060',45.00,4,'/images/product/928.205x205.jpg',138,5,0,0,0,0,'/images/product/928.jpg',NULL,0,0,'','','','宽幅面料供应 平绣满幅 跳水价格LF060','','<p><strong>宽幅面料供应 平绣满幅 跳水价格</strong></p>\r\n<p><strong>African Lace Fabric Embroidery Guipure Lace Fabric</strong></p>\r\n<p><strong>粉红色,蓝色,紫色,灰色,米色,黑色,白色</strong></p>',NULL,0,0,0,0,0,0,0,0,NULL),(929,85,'靓丽水溶花边面料 女装最爱镂空刺绣LF061',52.00,4,'/images/product/929.205x205.jpg',139,5,0,0,0,0,'/images/product/929.jpg',NULL,0,0,'','','','靓丽水溶花边面料 女装最爱镂空刺绣LF061','','<p><strong>靓丽水溶花边面料 女装最爱镂空刺绣</strong></p>\r\n<p><strong>Water-soluable Lace Women Dress Embroidery Lace Fabric</strong></p>\r\n<p><strong>桔色,蓝色,巧克力色,米色,黑色</strong></p>',NULL,0,0,0,0,0,0,0,0,NULL),(930,85,NULL,NULL,NULL,NULL,140,-1,0,0,0,0,NULL,NULL,NULL,0,NULL,NULL,NULL,NULL,NULL,NULL,NULL,0,0,0,0,0,0,0,0,NULL),(931,85,'花边面料供应 水溶刺绣绣制 小商品供应LF062',39.00,4,'/images/product/931.205x205.jpg',141,5,0,0,0,0,'/images/product/931.jpg',NULL,0,0,'','','','花边面料供应 水溶刺绣绣制 小商品供应LF062','','花边面料供应 水溶刺绣绣制 小商品供应\r\nFashion Water-soluable Lace Embroidery Lace Guipure Rose Lace Fabric\r\n粉红色,蓝色,巧克力色,紫色,米色,黑色',NULL,0,0,0,0,0,0,0,0,NULL),(932,85,'牛奶丝花边面料 镂空刺绣 裙装专属LF063',47.00,4,'/images/product/932.205x205.jpg',142,5,0,0,0,0,'/images/product/932.jpg',NULL,0,0,'','','','牛奶丝花边面料 镂空刺绣 裙装专属LF063','','<p><strong>牛奶丝花边面料 镂空刺绣 裙装专属</strong></p>\r\n<p><strong>Milk Protein Fiber Hollow Embroidery Lace Fabric for Women Dress</strong></p>\r\n<p><strong>红色,酒红色,粉红色,蓝色,巧克力色,米色,黑色</strong></p>',NULL,0,0,0,0,0,0,0,0,NULL),(933,85,'水溶满幅花边 服装平绣面料 欢迎索取样品LF064',45.00,4,'/images/product/933.205x205.jpg',143,5,0,0,0,0,'/images/product/933.jpg',NULL,0,0,'','','','水溶满幅花边 服装平绣面料 欢迎索取样品LF064','','<p><strong>水溶满幅花边 服装平绣面料 欢迎索取样品</strong></p>\r\n<p><strong>Water-soluable Lace Garment Accessories Embroidery Lace Fabric</strong></p>\r\n<p><strong>红色,桔色,蓝色,天蓝色,深紫色,黑色,白色</strong></p>',NULL,0,0,0,0,0,0,0,0,NULL),(934,85,'柳叶条白色花边面料 牛奶丝刺绣 1.3米宽幅LF065',48.00,4,'/images/product/934.205x205.jpg',144,5,0,0,0,0,'/images/product/934.jpg',NULL,0,0,'','','','柳叶条白色花边面料 牛奶丝刺绣 1.3米宽幅LF065','','<p><strong>柳叶条白色花边面料 牛奶丝刺绣 1.3米宽幅</strong></p>\r\n<p><strong>White 1.3M Willow Leaf Embroidery Lace Fabric</strong></p>\r\n<p><strong>红色,粉红色,巧克力色,紫色,黑色,白色</strong></p>',NULL,0,0,0,0,0,0,0,0,NULL),(935,85,'镂空满幅花边 130CM门幅 牛奶丝平绣LF066',46.00,4,'/images/product/935.205x205.jpg',145,5,0,0,0,0,'/images/product/935.jpg',NULL,0,0,'','','','镂空满幅花边 130CM门幅 牛奶丝平绣LF066','','<p><strong>镂空满幅花边 130CM门幅 牛奶丝平绣</strong></p>\r\n<p><strong>2014 Fashion Chemical Water-soluable Lace Embroidery Lace Fabric for Bridal Dress</strong></p>\r\n<p><strong>酒红色,浅绿色,蓝色,浅黄色,深紫色,米色,黑色,白色</strong></p>',NULL,0,0,0,0,0,0,0,0,NULL),(936,85,'1.3米门幅花边面料 小梅花平绣满幅LF067',50.00,4,'/images/product/936.205x205.jpg',146,5,0,0,0,0,'/images/product/936.jpg',NULL,0,0,'','','','1.3米门幅花边面料 小梅花平绣满幅LF067','','<p><strong>1.3米门幅花边面料 小梅花平绣满幅</strong></p>\r\n<p><strong>Fashion Black 1.3M Plum Blossom Embroidery Lace Guipure Lace Fabric</strong></p>\r\n<p><strong>红色,粉红色,蓝色,浅黄色,巧克力色,紫色,黑色</strong></p>',NULL,0,0,0,0,0,0,0,0,NULL),(937,85,'牛奶丝质地 平绣花边面料 玫瑰花朵LF068',42.00,4,'/images/product/937.205x205.jpg',147,5,0,0,0,0,'/images/product/937.jpg',NULL,0,0,'','','','牛奶丝质地 平绣花边面料 玫瑰花朵LF068','','<p><strong>牛奶丝质地 平绣花边面料 玫瑰花朵</strong></p>\r\n<p><strong>Chemical Lace Fabric Rose Embroidery Guipure Lace Fabric</strong></p>\r\n<p><strong>红色,粉红色,天蓝色,巧克力色,灰色,黑色,白色</strong></p>',NULL,0,0,0,0,0,0,0,0,NULL),(938,85,'牛奶丝面料 镂空裙装专属 现货销售LF069',39.00,4,'/images/product/938.205x205.jpg',148,5,0,0,0,0,'/images/product/938.jpg',NULL,0,0,'','','','牛奶丝面料 镂空裙装专属 现货销售LF069','','<p><strong>牛奶丝面料 镂空裙装专属 现货销售</strong></p>\r\n<p><strong>African Lace Fabric Water-soluable Lace Embroidery Lace Fabric for Wedding Lace&nbsp;</strong></p>\r\n<p><strong>红色,酒红色,蓝色,巧克力色,紫色,黑色,白色</strong></p>',NULL,0,0,0,0,0,0,0,0,NULL),(939,85,'大花朵水溶面料 牛奶丝刺绣 快来索取样品LF070',43.00,4,'/images/product/939.205x205.jpg',149,5,0,0,0,0,'/images/product/939.jpg',NULL,0,0,'','','','大花朵水溶面料 牛奶丝刺绣 快来索取样品LF070','','<p><strong>大花朵水溶面料 牛奶丝刺绣 快来索取样品</strong></p>\r\n<p><strong>2014 Autumn New Design Embroidery Lace Guipure Flower Lace Fabric for Lace Clothing</strong></p>\r\n<p><strong>红色,桔色,蓝色,黄色,米色,黑色</strong></p>',NULL,0,0,0,0,0,0,0,0,NULL),(940,85,'股绳绣 车骨满幅花边面料 裙装专用LF071',46.00,4,'/images/product/940.205x205.jpg',150,5,0,0,0,0,'/images/product/940.jpg',NULL,0,0,'','','','股绳绣 车骨满幅花边面料 裙装专用LF071','','<p><strong>股绳绣 车骨满幅花边面料 裙装专用</strong></p>\r\n<p><strong>2014 Latest Indian Lace Design Mesh Thread Embroidery Lace Fabric for Women Dress Skirt and Clothing</strong></p>\r\n<p><strong>红色,粉红色,军绿色,黑色</strong></p>',NULL,0,0,0,0,0,0,0,0,NULL),(941,85,'浪漫粉色全棉花边 网底剌绣小梅花服饰支持OEMLF072',19.00,4,'/images/product/941.205x205.jpg',151,5,0,0,0,0,'/images/product/941.jpg',NULL,0,0,'','','','浪漫粉色全棉花边 网底剌绣小梅花服饰支持OEMLF072','','<p><strong>浪漫粉色全棉花边 网底剌绣小梅花服饰面料 支持OEM</strong></p>\r\n<p><strong>New Design Pink 100% Cotton Thread Mesh Embroidery Lace Fabric for Flower Lace Dress Decoration</strong></p>\r\n<p><strong>粉红色,天蓝色,巧克力色,紫色,黑色,白色</strong></p>',NULL,0,0,0,0,0,0,0,0,NULL),(942,85,'水溶绣制服饰面料 小花纹满幅花边 欢迎订购LF073',17.80,4,'/images/product/942.205x205.jpg',152,5,0,0,0,0,'/images/product/942.jpg',NULL,0,0,'','','','水溶绣制服饰面料 小花纹满幅花边 欢迎订购LF073','','<p><strong>水溶绣制服饰面料 小花纹满幅花边 欢迎订购</strong></p>\r\n<p><strong>Eco-friendly Dyed Water-soluable Lace Cotton Embroidery Lace Fabric in Guipure Flower Pattern</strong></p>\r\n<p><strong>粉红色,天蓝色,深紫色,黑色,白色</strong></p>',NULL,0,0,0,0,0,0,0,0,NULL),(943,85,'水溶面料 玻璃纱+棉线绣制满幅花边 梅花朵图纹LF074',16.50,4,'/images/product/943.205x205.jpg',153,5,0,0,0,0,'/images/product/943.jpg',NULL,0,0,'','','','水溶面料 玻璃纱+棉线绣制满幅花边 梅花朵图纹LF074','','<p><strong>水溶面料 玻璃纱+棉线绣制满幅花边 梅花朵图纹</strong></p>\r\n<p><strong>Water-soluable Lace Organdy Cotton Embroidery Lace Plum Blossom Flower Guipure Lace Fabric for Women Clothing</strong></p>\r\n<p><strong>红色,粉红色,天蓝色,深紫色,黑色,白色</strong></p>',NULL,0,0,0,0,0,0,0,0,NULL),(944,85,'春复服饰花边辅料 棉线带网精致绣花LF075',22.00,4,'/images/product/944.205x205.jpg',154,5,0,0,0,0,'/images/product/944.jpg',NULL,0,0,'','','','春复服饰花边辅料 棉线带网精致绣花LF075','','<p><strong>春复服饰花边辅料 棉线带网精致绣花</strong></p>\r\n<p><strong>Spring &amp; Summer Garment Lace Accessory Cotton Thread Embroidery Lace Fabric for Bridal Dress Bridal Veil</strong></p>\r\n<p><strong>桔色,粉红色,天蓝色,深紫色,黑色,白色</strong></p>',NULL,0,0,0,0,0,0,0,0,NULL),(945,85,'爆款花边辅料 玻璃纱+棉线绣花 裙装专用LF076',17.60,4,'/images/product/945.205x205.jpg',155,5,0,0,0,0,'/images/product/945.jpg',NULL,0,0,'','','','爆款花边辅料 玻璃纱+棉线绣花 裙装专用LF076','','<p><strong>爆款花边辅料 玻璃纱+棉线绣花 裙装专用</strong></p>\r\n<p><strong>2014 New Design Organdy Mesh Lace Cotton Thread Embroidery Lace Fabric for Women Dress</strong></p>\r\n<p><strong>酒红色,粉红色,深蓝色,巧克力色,黑色,白色</strong></p>',NULL,0,0,0,0,0,0,0,0,NULL),(946,85,'花边面料供应 网底+棉线绣制 花草图纹满幅花边LF077',20.00,4,'/images/product/946.205x205.jpg',156,5,0,0,0,0,'/images/product/946.jpg',NULL,0,0,'','','','花边面料供应 网底+棉线绣制 花草图纹满幅花边LF077','','<p><strong>花边面料供应 网底+棉线绣制 花草图纹满幅花边</strong></p>\r\n<p><strong>Fashion Lace Fabric for Women Dress Mesh Cotton Embroidery Guipure Lace Fabric</strong></p>\r\n<p><strong>红色,粉红色,深紫色,黑色,白色</strong></p>',NULL,0,0,0,0,0,0,0,0,NULL),(947,27,'Секция нагревательная кабельная Fereezstop  Lite-15-8',2985.00,2,'/images/product/947.205x205.jpg',84,5,1,0,0,0,'/images/product/947.jpg',NULL,0,0,'','Секция нагревательная кабельная Fereezstop  Lite-15-8','','','','<p>Секция саморегулирующегося кабеля FreezStop Lite 15-8 (8 м)<br />Длина секции: 8 м<br />Номинальная мощность: 120 Вт<br />Габариты (в х ш): 4,7 х 9,3 мм<br />Цвет кабеля: Коричневый<br />Вес (нетто): 9,2 кг/100м<br />Минимальный радиус изгиба: 25 мм<br />Максимальная температура: 65 &deg;С<br />Минимальная температура монтажа: - 20 &deg;С<br />Напряжение питания: ` 220-240 В<br />Максимальное сопротивление защитной оплетки: 18,2 Ом/км<br />Пусковой ток при температурах: + 10&deg;С / -15&deg;С / -20&deg;С: 0,118 / 0,180 / 0,205 А/м<br />Гарантия производителя: 5 лет</p>\n<p></p>\n<p>В комплект поставки входит: <br /> 1. Двужильная нагревательная секция саморегулирующегося кабеля FreezStop Lite 15-8. <br /> 2. Паспорт на нагревательную секцию.<br /> В системе используются нагревательные секции из экранированного двухжильного саморегулирующегося кабеля. Нагревательная секция оснащена установочным проводом и заводскими соединительными и концевыми муфтами.<br /> &bull; представляют собой электрическую нагревательную ленту для предотвращения замерзания или поддержания заданной температуры трубопровода или резервуара.<br /> &bull; оснащенны монтажными концами и соединительными муфтами.<br /> &bull; кабель автоматически регулирует тепловыделение в зависимости от повышения или понижения температуры трубы.<br /> &bull; номинальная погонная мощность составляет ~ 15 Вт/м.п.<br /> &bull; не перегреваются и не перегорают при самопересечении.<br /> &bull; проверены на соответствие стандартам CENELEC / IEEE и российским стандартам для использования в обычной окружающей среде.<br /> &bull; предназначены для установки на трубопровод под теплоизоляцию.<br /> &bull; предназначены для устройства на трубопроводы, диаметром не более 100 мм.<br /> &bull; экономят время и трудозатраты.</p>',NULL,0,0,0,0,0,0,0,0,NULL),(948,27,'Терморегулятор   ТР  115 белый',1340.00,2,'/images/product/948.205x205.jpg',85,5,1,0,0,0,'/images/product/948.jpg',NULL,0,0,'','Терморегулятор   ТР  115 белый','','','','<p>Классический универсальный терморегулятор ТР 115 предназначен для управления системами электрообогрева и поддержания заданной фиксированной температуры. <br /><br />Терморегулятор ТР 115 позволяет снизить энергопотребление теплых полов путем поддержания температуры автоматического выключения системы теплого пола при достижении комфортного уровня обогрева и включением - в случае понижения температуры пола. Благодаря лаконичному дизайну, терморегулятор ТР 115удачно интегрируется в любой интерьер. Терморегулятор ТР 115 &ndash; простой, надежный и удобный в управлении прибор. <br />Терморегулятор ТР 115 оснащен выключателем, ручкой регулировки температуры и сигнальным светодиодом, индицирующим включенное состояние системы обогрева.</p>',NULL,0,0,0,0,0,0,0,0,NULL),(949,85,NULL,NULL,NULL,NULL,157,-1,0,0,0,0,NULL,NULL,NULL,0,NULL,NULL,NULL,NULL,NULL,NULL,NULL,0,0,0,0,0,0,0,0,NULL),(950,85,NULL,NULL,NULL,'/images/product/950.205x205.jpg',158,-1,0,0,0,0,'/images/product/950.jpg',NULL,NULL,0,NULL,NULL,NULL,NULL,NULL,NULL,NULL,0,0,0,0,0,0,0,0,NULL),(951,85,NULL,NULL,NULL,'/images/product/951.205x205.jpg',159,-1,0,0,0,0,'/images/product/951.jpg',NULL,NULL,0,NULL,NULL,NULL,NULL,NULL,NULL,NULL,0,0,0,0,0,0,0,0,NULL),(952,85,'水溶花边面料 网布+棉线水溶绣 130CM门幅 LF078',19.50,4,NULL,160,5,0,0,0,0,NULL,NULL,0,0,'','','','水溶花边面料 网布+棉线水溶绣 130CM门幅 LF078','','<p><strong>水溶花边面料 网布+棉线水溶绣 130CM门幅&nbsp;</strong></p>\r\n<p><strong>Water-soluable Lace Mesh Cotton Embroidery Lace Fabric in 130CM Width</strong></p>\r\n<p><strong>粉红色,天蓝色,巧克力色,紫色,白色</strong></p>',NULL,0,0,0,0,0,0,0,0,NULL),(953,85,'加强网纱+棉线绣花 韩版花边面料 1.3米宽幅LF079',13.00,4,'/images/product/953.205x205.jpg',161,5,0,0,0,0,'/images/product/953.jpg',NULL,0,0,'','','','加强网纱+棉线绣花 韩版花边面料 1.3米宽幅LF079','','<p><strong>加强网纱+棉线绣花 韩版花边面料 1.3米宽幅</strong></p>\r\n<p><strong>Korean Lace 1.3M Thick Mesh Cotton Thread Embroidery Lace Fabric</strong></p>\r\n<p><strong>粉红色,蓝色,深紫色,白色</strong></p>',NULL,0,0,0,0,0,0,0,0,NULL),(954,85,'葵花图形绣花 网纱+棉线剌绣 满幅水溶花边LF080',16.00,4,'/images/product/954.205x205.jpg',162,5,0,0,0,0,'/images/product/954.jpg',NULL,0,0,'','','','葵花图形绣花 网纱+棉线剌绣 满幅水溶花边LF080','','<p><strong>葵花图形绣花 网纱+棉线剌绣 满幅水溶花边</strong></p>\r\n<p><strong>Mesh Cotton Embroidery Lace Fabric Sunflower Guipure Lace Fabric</strong></p>\r\n<p><strong>桔色,粉红色,天蓝色,紫色,白色</strong></p>',NULL,0,0,0,0,0,0,0,0,NULL),(955,27,'ЛАЙНРОК \" ЛАЙТ ЭФЕКТ \"   1200 х 600 х 50мм ( 8шт,5 м2 .,0,2м3 ) 2-30плотн.,',445.00,2,'/images/product/955.205x205.jpg',86,5,1,0,0,0,'/images/product/955.jpg',NULL,0,0,'','ЛАЙНРОК \" ЛАЙТ ЭФЕКТ \"   1200 х 600 х 50мм ( 8шт,5 м2 .,0,2м3 ) 2-30плотн.,','','','','<p>Linerock Тип: Базальтовая вата <br /> Категория: Звукоизоляция, Теплоизоляция Цель использования: Кровля, Потолки <br /> Область применения: Полы, Потолки, Скатные кровли Горючесть: НГ группа <br /> Длина: 1200 мм Ширина: 600 мм <br /> Толщина: 50 мм Количество в упаковке: 8 шт <br /> Объем в упаковке: 0,288 м3 Площадь в упаковке: 5,76 м2 <br /> Плотность: 29 кг/м3 Теплопроводность: 0,038 Вт/(м*К) </p>\n<p></p>\n<p>Базальтовая вата Linerock Лайт Эффект 1200х600х50 мм<br /><br />Применяется в качестве ненагружаемой тепло- и звукоизоляции в конструкциях скатных кровель и мансардных помещений, легких покрытий, перекрытий над техническим подпольем, в том числе в подвесных потолках</p>',NULL,0,0,0,0,0,0,0,0,NULL),(956,27,'ТехноФас (1200х600х100 мм)  для наружного утеплении стен ',1000.00,2,'/images/product/956.205x205.jpg',87,5,1,0,0,0,'/images/product/956.jpg',NULL,0,0,'','ТехноФас (1200х600х100 мм)  для наружного утеплении стен ','','','','<p>Упаковка (0,216 м3)<br />Размер: 1200х600х50 мм</p>\n<p>Особенности: <br />Минераловатные плиты Технофас – это недорогой теплоизоляционный материал, который достаточно широко востребован в строительстве для наружного утеплении стен с защитным слоем тонкослойной штукатурки. <br /><br />Основные характеристики теплоизоляции Технофас: <br />низкий коэффициент теплопроводности;<br />высокая прочность на отрыв;<br />негорючесть;<br />низкая водопоглотительная способность.<br />нейтральное отношение к веществам, входящим в состав конструкций зданий;<br />устойчивость к циклическим процессам оттаивания и замораживания;<br />точная геометрическая форма.<br /><br /><br />Характеристики Плотность, кг/м3 131-159<br />Теплопроводность при 25°С, Вт/(м.°C) не более 0,038*<br />Теплопроводность при условиях эксплуатации А, Вт/(м.°C) не более 0,040*<br />Теплопроводность при условиях эксплуатации Б, Вт/(м.°C) не более 0,042*<br />Прочность на сжатие при 10% деформации, кПа не менее 45<br />Влажность по массе, % не более 0,5<br />Водопоглощение по объему, % не более 1,0<br />Прочность на отрыв слоев, кПа, не менее 15<br />Содержание органических веществ, % не более 4,5<br />Паропроницаемость, мг/(м.ч.Па) не менее 0,3<br />Горючесть, степень НГ</p>',NULL,0,0,0,0,0,0,0,0,NULL),(957,50,NULL,NULL,NULL,NULL,95,-1,0,0,0,0,NULL,NULL,NULL,0,NULL,NULL,NULL,NULL,NULL,NULL,NULL,0,0,0,0,0,0,0,0,NULL),(958,50,NULL,NULL,NULL,NULL,96,-1,0,0,0,0,NULL,NULL,NULL,0,NULL,NULL,NULL,NULL,NULL,NULL,NULL,0,0,0,0,0,0,0,0,NULL),(959,50,'迷你压线钳4寸03100104MJL',8.20,4,'/images/product/959.205x205.jpg',97,5,0,0,0,0,'/images/product/959.jpg',NULL,0,0,'','','','迷你压线钳4寸03100104MJL','','<p>5寸    8.3RMB</p>',NULL,0,0,0,0,0,0,0,0,NULL),(960,50,'500g 钳工锤 07010105',13.70,4,'/images/product/960.205x205.jpg',98,5,0,0,0,0,'/images/product/960.jpg',NULL,0,0,'','','','500g 钳工锤 07010105','','<p>800g &nbsp; &nbsp;17.00RMB</p>',NULL,0,0,0,0,0,0,0,0,NULL),(961,50,'400g钳工锤 07010304',9.10,4,'/images/product/961.205x205.jpg',99,5,0,0,0,0,'/images/product/961.jpg',NULL,0,0,'','','','400g钳工锤 07010304','','',NULL,0,0,0,0,0,0,0,0,NULL),(962,50,'2LB橡皮锤07020102',14.50,4,'/images/product/962.205x205.jpg',100,5,0,0,0,0,'/images/product/962.jpg',NULL,0,0,'','','','2LB橡皮锤07020102','','',NULL,0,0,0,0,0,0,0,0,NULL),(963,50,'900G橡胶锤 07020295',9.60,4,'/images/product/963.205x205.jpg',101,5,0,0,0,0,'/images/product/963.jpg',NULL,0,0,'','','','900G橡胶锤 07020295','','',NULL,0,0,0,0,0,0,0,0,NULL),(964,50,'1LB塑柄圆头锤07030145',9.90,4,'/images/product/964.205x205.jpg',102,5,0,0,0,0,'/images/product/964.jpg',NULL,0,0,'','','','1LB塑柄圆头锤07030145','','<p>2LB &nbsp; &nbsp; &nbsp; &nbsp;15.00RMB</p>\r\n<p>2.5LB &nbsp; &nbsp; 17.60RMB</p>',NULL,0,0,0,0,0,0,0,0,NULL),(965,50,'3件套石工凿组套07040103-25',10.30,4,'/images/product/965.205x205.jpg',103,5,0,0,0,0,'/images/product/965.jpg',NULL,0,0,'','','','3件套石工凿组套07040103-25','','',NULL,0,0,0,0,0,0,0,0,NULL),(966,50,'4件套木工凿组套07040204',18.20,4,'/images/product/966.205x205.jpg',104,5,0,0,0,0,'/images/product/966.jpg',NULL,0,0,'','','','4件套木工凿组套07040204','','',NULL,0,0,0,0,0,0,0,0,NULL),(967,50,'4件套木工凿组套07040304',23.00,4,'/images/product/967.205x205.jpg',105,5,0,0,0,0,'/images/product/967.jpg',NULL,0,0,'','','','4件套木工凿组套07040304','','',NULL,0,0,0,0,0,0,0,0,NULL),(968,27,NULL,NULL,NULL,'/images/product/968.205x205.jpg',88,-1,0,0,0,0,'/images/product/968.jpg',NULL,NULL,0,NULL,NULL,NULL,NULL,NULL,NULL,NULL,0,0,0,0,0,0,0,0,NULL),(969,27,'Керамзит в мешках МКР (0,9 куб.м)     0-5мм',3175.00,2,'/images/product/969.205x205.jpg',89,5,1,0,0,0,'/images/product/969.jpg',NULL,0,0,'','Керамзит в мешках МКР (0,9 куб.м)     0-5мм','','','','<p>Керамзит, применение в строительстве</p>\n<p>Керамзит 0-5 фракции<br />Марка по насыпной плотности: 600-700<br />Марка по прочности: П125-П150<br />Тара: керамзит 0-5 МКР</p>\n<p><br />Керамзит широко применяется в современном строительстве и производстве:<br />В качестве дополнительного компонента в бетонных растворах для повышения сцепления бетона;<br />Для звуко- и теплоизоляции перекрытий, полов, потолков и стен;<br />В качестве дополнительного компонента при заливке фундамента и заполнении глубин;<br />Применяется для изготовления керамзитбетона и блоков из него;<br />Для теплоизоляции дренажных систем, тепло- и водоснабжения;<br />В качестве подложки грунта для растениеводства.<br /><br />Качественный керамзит имеет свойства:<br />Морозоустойчивость и огнестойкость, хорошую звуко- и теплоизоляцию;<br />Не содержит вредных веществ, полностью экологичный и безопасный;<br />Долговечный, не подвергается старению и воздействию окружающей среды, имеет отличную водостойкост</p>',NULL,0,0,0,0,0,0,0,0,NULL),(970,27,NULL,NULL,NULL,NULL,90,-1,0,0,0,0,NULL,NULL,NULL,0,NULL,NULL,NULL,NULL,NULL,NULL,NULL,0,0,0,0,0,0,0,0,NULL),(971,27,NULL,NULL,NULL,NULL,91,-1,0,0,0,0,NULL,NULL,NULL,0,NULL,NULL,NULL,NULL,NULL,NULL,NULL,0,0,0,0,0,0,0,0,NULL),(972,27,'ГВЛ Суперпол (элемент пола) 1200*600*20м  влагостойкий  KNAUF',275.00,2,'/images/product/972.205x205.jpg',92,5,1,0,0,0,'/images/product/972.jpg',NULL,0,0,'','ГВЛ Суперпол (элемент пола) 1200*600*20м  влагостойкий  KNAUF','','','','<p>КНАУФ-суперпол &mdash; элемент пола (ЭП) &mdash; представляет собой изделие заводской готовности к поэлементной сборке в конструкциях стяжек сборных оснований пола КНАУФ.<br /><br />Элементы пола изготавливаются путем склеивания двух влагостойких гипсоволокнистых листов (ГВЛВ по ГОСТ Р 51829-2001) размерами 1200х600х20 мм с взаимным смещением в двух перпендикулярных направлениях и образованием фальцев шириной 50 мм по периметру изделий. Общая толщина ЭП &mdash; 20 мм.</p>\n<p>Размеры, мм 1200х600х20<br />Масса элемента, кг около 18<br />Ширина фальцев, мм &ndash; нижнего слоя &ndash; верхнего слоя 50<br />Полезная площадь элемента, м2 0,75<br />Коэффициент теплопроводности, Вт/м С от 0,22 до 0,36<br />Коэффициент теплоусвоения, Вт/м С не более 6,2<br />Твердость лицевой поверхности, МПа не менее 20<br />Поверхностное водопоглощение, кг/м2 не более 1,0<br />Коэффициент паропроницаемости, Мг/м &bull; ч &bull; Па 0,12</p>\n<p>Показатели Значения<br />Группа горючести по ГОСТ 30244-94 Г1<br />Группа воспламеняемости по ГОСТ 30402-96 В]<br />Группа дымообразующей способности по ГОСТ 12.1.044-89 Д1<br />Группа токсичности по ГОСТ 12.1.044-89 Т1<br />Группа распространения пламени по ГОСТ Р 51032-97 РГ 1</p>\n<p>Преимущества</p>\n<p>Элемент пола (ЭП) &mdash; КНАУФ-суперпол повышает производительность труда и сокращает сроки производства работ.<br />Значительно сокращает расход клеящей мастики и винтов.<br />Позволяет минимизировать отходы и обеспечивать требуемую &laquo;разбежку&raquo; стыков (не менее 250 мм) за счет использования остатков ЭП предыдущих рядов.<br />Упрощает подгонку деталей стяжки в примыканиях к ограждающим конструкциям со сложной конфигурацией.</p>',NULL,0,0,0,0,0,0,0,0,NULL),(973,13,NULL,NULL,NULL,NULL,59,-1,0,0,0,0,NULL,NULL,NULL,0,NULL,NULL,NULL,NULL,NULL,NULL,NULL,0,0,0,0,0,0,0,0,NULL),(974,71,'Светодиодный комплект 32 W',9.90,1,'/images/product/974.205x205.jpg',5,5,0,0,0,0,'/images/product/974.jpg',NULL,0,0,'','Светодиодный комплект 32 W','','','','<p>Светодиодный комплект 32 ВТ, Срок гарантии 2 года</p>',NULL,0,0,0,0,0,0,0,0,NULL),(975,13,NULL,NULL,NULL,NULL,60,-1,0,0,0,0,NULL,NULL,NULL,0,NULL,NULL,NULL,NULL,NULL,NULL,NULL,0,0,0,0,0,0,0,0,NULL),(976,13,NULL,NULL,NULL,NULL,61,-1,0,0,0,0,NULL,NULL,NULL,0,NULL,NULL,NULL,NULL,NULL,NULL,NULL,0,0,0,0,0,0,0,0,NULL),(977,13,NULL,NULL,NULL,NULL,62,-1,0,0,0,0,NULL,NULL,NULL,0,NULL,NULL,NULL,NULL,NULL,NULL,NULL,0,0,0,0,0,0,0,0,NULL),(978,78,NULL,NULL,NULL,NULL,1,-1,0,0,0,0,NULL,NULL,NULL,0,NULL,NULL,NULL,NULL,NULL,NULL,NULL,0,0,0,0,0,0,0,0,NULL),(979,50,NULL,NULL,NULL,NULL,106,-1,0,0,0,0,NULL,NULL,NULL,0,NULL,NULL,NULL,NULL,NULL,NULL,NULL,0,0,0,0,0,0,0,0,NULL),(980,94,'编织袋',1.65,4,'/images/product/980.205x205.jpg',1,5,0,0,0,0,'/images/product/980.jpg',NULL,0,0,'','','','编织袋','','',NULL,0,0,0,0,0,0,0,0,NULL),(981,98,NULL,NULL,NULL,NULL,1,-1,0,0,0,0,NULL,NULL,NULL,0,NULL,NULL,NULL,NULL,NULL,NULL,NULL,0,0,0,0,0,0,0,0,NULL),(982,98,'水晶蝴蝶耳环耳钉-彩蝶公主',9.50,4,'/images/product/982.205x205.jpg',2,5,0,0,0,0,'/images/product/982.jpg',NULL,0,0,'','','','水晶蝴蝶耳环耳钉-彩蝶公主','','',NULL,0,0,0,0,0,0,0,0,NULL),(983,98,'花朵奥地利水晶蝴蝶结 耳环耳钉',10.50,4,'/images/product/983.205x205.jpg',3,5,1,0,0,0,'/images/product/983.jpg',NULL,0,0,'','','','花朵奥地利水晶蝴蝶结 耳环耳钉','','',NULL,0,0,0,0,0,0,0,0,NULL),(984,98,'耳环饰品 七环串起的幸福回忆',13.70,4,'/images/product/984.205x205.jpg',4,5,0,0,0,0,'/images/product/984.jpg',NULL,0,0,'','','','耳环饰品 七环串起的幸福回忆','','',NULL,0,0,0,0,0,0,0,0,NULL),(985,98,NULL,NULL,NULL,NULL,5,-1,0,0,0,0,NULL,NULL,NULL,0,NULL,NULL,NULL,NULL,NULL,NULL,NULL,0,0,0,0,0,0,0,0,NULL),(986,98,'大小光面满钻五角星耳钉',4.20,4,'/images/product/986.205x205.jpg',6,0,0,0,0,0,'/images/product/986.jpg',NULL,0,0,'','','','大小光面满钻五角星耳钉','','',NULL,0,0,0,0,0,0,0,0,NULL),(987,98,'时尚流行银面红钻贝壳苹果耳钉',3.40,4,'/images/product/987.205x205.jpg',7,5,0,0,0,0,'/images/product/987.jpg',NULL,0,0,'','','','时尚流行银面红钻贝壳苹果耳钉','','',NULL,0,0,0,0,0,0,0,0,NULL),(988,98,'时尚银色镶钻翅膀饰品小熊耳钉',4.20,4,'/images/product/988.205x205.jpg',8,5,0,0,0,0,'/images/product/988.jpg',NULL,0,0,'','','','时尚银色镶钻翅膀饰品小熊耳钉','','',NULL,0,0,0,0,0,0,0,0,NULL),(989,98,'梅花鹿印花可爱时尚银色耳钉',4.20,4,'/images/product/989.205x205.jpg',9,5,0,0,0,0,'/images/product/989.jpg',NULL,0,0,'','','','梅花鹿印花可爱时尚银色耳钉','','',NULL,0,0,0,0,0,0,0,0,NULL),(990,98,'黑色四叶花晶莹剔透水钻耳环',3.40,4,'/images/product/990.205x205.jpg',10,5,0,0,0,0,'/images/product/990.jpg',NULL,0,0,'','','','黑色四叶花晶莹剔透水钻耳环','','',NULL,0,0,0,0,0,0,0,0,NULL),(991,98,'合金人工钻蜜蜂 耳钉',10.50,4,'/images/product/991.205x205.jpg',11,5,0,0,0,0,'/images/product/991.jpg',NULL,0,0,'','','','合金人工钻蜜蜂 耳钉','','',NULL,0,0,0,0,0,0,0,0,NULL),(992,98,'纹理圆圈粉珍珠英文LOVE耳钉',7.40,4,'/images/product/992.205x205.jpg',12,5,0,0,0,0,'/images/product/992.jpg',NULL,0,0,'','','','纹理圆圈粉珍珠英文LOVE耳钉','','',NULL,0,0,0,0,0,0,0,0,NULL),(993,98,NULL,NULL,NULL,NULL,13,-1,0,0,0,0,NULL,NULL,NULL,0,NULL,NULL,NULL,NULL,NULL,NULL,NULL,0,0,0,0,0,0,0,0,NULL),(994,98,'组合银色蝴蝶耳环',8.40,4,'/images/product/994.205x205.jpg',14,5,0,0,0,0,'/images/product/994.jpg',NULL,0,0,'','','','组合银色蝴蝶耳环','','',NULL,0,0,0,0,0,0,0,0,NULL),(995,98,'银色滑冰鞋蝴蝶结皇冠耳钉',3.60,4,'/images/product/995.205x205.jpg',15,5,1,0,0,0,'/images/product/995.jpg',NULL,0,0,'','','','银色滑冰鞋蝴蝶结皇冠耳钉','','<p>材质：合金、电镀白K金、水钻</p>',NULL,0,0,0,0,0,0,0,0,NULL),(996,98,'天然贝壳镶钻金色爱心LOVE 耳钉',7.56,4,'/images/product/996.205x205.jpg',16,5,1,0,0,0,'/images/product/996.jpg',NULL,0,0,'','','','天然贝壳镶钻金色爱心LOVE 耳钉','','<p>材质：合金、电镀Kc金、水钻、树脂、贝壳</p>',NULL,0,0,0,0,0,0,0,0,NULL),(997,98,'菊花蝴蝶组合无耳洞耳夹',4.20,4,'/images/product/997.205x205.jpg',17,5,0,0,0,0,'/images/product/997.jpg',NULL,0,0,'','','','菊花蝴蝶组合无耳洞耳夹','','',NULL,0,0,0,0,0,0,0,0,NULL),(998,98,'天猫眼石爱心五叶草金色耳钉',7.00,4,'/images/product/998.205x205.jpg',18,5,0,0,0,0,'/images/product/998.jpg',NULL,0,0,'','','','天猫眼石爱心五叶草金色耳钉','','',NULL,0,0,0,0,0,0,0,0,NULL),(999,98,'甜美金色白钻葡萄耳钉',2.80,4,'/images/product/999.205x205.jpg',19,5,1,0,0,0,'/images/product/999.jpg',NULL,0,0,'','','','甜美金色白钻葡萄耳钉','','',NULL,0,0,0,0,0,0,0,0,NULL),(1000,98,'幸运三叶草耳环桃心花瓣耳环',4.20,4,'/images/product/1000.205x205.jpg',20,5,0,0,0,0,'/images/product/1000.jpg',NULL,0,0,'','','','幸运三叶草耳环桃心花瓣耳环','','',NULL,0,0,0,0,0,0,0,0,NULL),(1001,98,'优雅镂空蝴蝶淑女戒指 右半戒指',15.00,4,'/images/product/1001.205x205.jpg',21,5,0,0,0,0,'/images/product/1001.jpg',NULL,0,0,'','','','优雅镂空蝴蝶淑女戒指 右半戒指','','',NULL,0,0,0,0,0,0,0,0,NULL),(1002,98,'丘比特之箭心中有你水晶耳环-爱慕之心',10.50,4,'/images/product/1002.205x205.jpg',22,5,0,0,0,0,'/images/product/1002.jpg',NULL,0,0,'','','','丘比特之箭心中有你水晶耳环-爱慕之心','','',NULL,0,0,0,0,0,0,0,0,NULL),(1003,98,'奥地利进口水晶 梦幻天鹅湖耳钉',8.50,4,'/images/product/1003.205x205.jpg',23,5,0,0,0,0,'/images/product/1003.jpg',NULL,0,0,'','','','奥地利进口水晶 梦幻天鹅湖耳钉','','',NULL,0,0,0,0,0,0,0,0,NULL),(1004,98,'百搭浪漫时尚水晶耳钉-天长地久心扉',5.70,4,'/images/product/1004.205x205.jpg',24,5,0,0,0,0,'/images/product/1004.jpg',NULL,0,0,'','','','百搭浪漫时尚水晶耳钉-天长地久心扉','','',NULL,0,0,0,0,0,0,0,0,NULL),(1005,98,'四叶草耳钉',3.80,4,'/images/product/1005.205x205.jpg',25,5,0,0,0,0,'/images/product/1005.jpg',NULL,0,0,'','','','四叶草耳钉','','',NULL,0,0,0,0,0,0,0,0,NULL),(1006,98,'心心相印耳环',10.50,4,'/images/product/1006.205x205.jpg',26,5,0,0,0,0,'/images/product/1006.jpg',NULL,0,0,'','','','心心相印耳环','','',NULL,0,0,0,0,0,0,0,0,NULL),(1007,98,'流行服装配饰韩尚潮流前线蝴蝶结耳钉-蝶舞纷飞',5.30,4,'/images/product/1007.205x205.jpg',27,5,0,0,0,0,'/images/product/1007.jpg',NULL,0,0,'','','','流行服装配饰韩尚潮流前线蝴蝶结耳钉-蝶舞纷飞','','',NULL,0,0,0,0,0,0,0,0,NULL),(1008,98,'幸福四叶草耳钉',12.60,4,'/images/product/1008.205x205.jpg',28,5,0,0,0,0,'/images/product/1008.jpg',NULL,0,0,'','','','幸福四叶草耳钉','','',NULL,0,0,0,0,0,0,0,0,NULL),(1009,98,'优美天鹅水晶耳钉',11.60,4,'/images/product/1009.205x205.jpg',29,5,1,0,0,0,'/images/product/1009.jpg',NULL,0,0,'','','','优美天鹅水晶耳钉','','',NULL,0,0,0,0,0,0,0,0,NULL),(1010,98,'水晶戒指 美痕优雅秀气',8.40,4,'/images/product/1010.205x205.jpg',30,5,0,0,0,0,'/images/product/1010.jpg',NULL,0,0,'','','','水晶戒指 美痕优雅秀气','','',NULL,0,0,0,0,0,0,0,0,NULL),(1011,98,'施洛华诗奇水晶元素手链-春暖花开',14.30,4,'/images/product/1011.205x205.jpg',31,5,0,0,0,0,'/images/product/1011.jpg',NULL,0,0,'','','','施洛华诗奇水晶元素手链-春暖花开','','',NULL,0,0,0,0,0,0,0,0,NULL),(1012,98,'水晶心心相印香草天空手链',12.60,4,'/images/product/1012.205x205.jpg',32,5,0,0,0,0,'/images/product/1012.jpg',NULL,0,0,'','','','水晶心心相印香草天空手链','','',NULL,0,0,0,0,0,0,0,0,NULL),(1013,98,'镂空三蝴蝶手饰-蝴蝶蹁跹',12.60,4,'/images/product/1013.205x205.jpg',33,5,0,0,0,0,'/images/product/1013.jpg',NULL,0,0,'','','','镂空三蝴蝶手饰-蝴蝶蹁跹','','',NULL,0,0,0,0,0,0,0,0,NULL),(1014,98,NULL,NULL,NULL,NULL,34,-1,0,0,0,0,NULL,NULL,NULL,0,NULL,NULL,NULL,NULL,NULL,NULL,NULL,0,0,0,0,0,0,0,0,NULL),(1015,98,'施洛华诗奇元素水晶手链-蝴蝶结-心心相惜',14.30,4,'/images/product/1015.205x205.jpg',35,5,0,0,0,0,'/images/product/1015.jpg',NULL,0,0,'','','','施洛华诗奇元素水晶手链-蝴蝶结-心心相惜','','',NULL,0,0,0,0,0,0,0,0,NULL),(1016,98,'水晶元素手链-浪漫樱花',12.20,4,'/images/product/1016.205x205.jpg',36,5,1,0,0,0,'/images/product/1016.jpg',NULL,0,0,'','','','水晶元素手链-浪漫樱花','','',NULL,0,0,0,0,0,0,0,0,NULL),(1017,98,'水晶交叉女款手镯手饰',15.80,4,'/images/product/1017.205x205.jpg',37,5,1,0,0,0,'/images/product/1017.jpg',NULL,0,0,'','','','水晶交叉女款手镯手饰','','',NULL,0,0,0,0,0,0,0,0,NULL),(1018,98,'时尚泰坦尼克号海洋之心-戒指',10.10,4,'/images/product/1018.205x205.jpg',38,5,1,0,0,0,'/images/product/1018.jpg',NULL,0,0,'','','','时尚泰坦尼克号海洋之心-戒指','','',NULL,0,0,0,0,0,0,0,0,NULL),(1019,98,'泰坦尼克桃心吊坠水晶手镯-海洋之心手链',15.80,4,'/images/product/1019.205x205.jpg',39,5,1,0,0,0,'/images/product/1019.jpg',NULL,0,0,'','','','泰坦尼克桃心吊坠水晶手镯-海洋之心手链','','',NULL,0,0,0,0,0,0,0,0,NULL),(1020,98,'椭圆方形水晶手镯-日月星辰',18.00,4,'/images/product/1020.205x205.jpg',40,5,0,0,0,0,'/images/product/1020.jpg',NULL,0,0,'','','','椭圆方形水晶手镯-日月星辰','','',NULL,0,0,0,0,0,0,0,0,NULL),(1021,98,'爱情童话 戒指',9.50,4,'/images/product/1021.205x205.jpg',41,5,1,0,0,0,'/images/product/1021.jpg',NULL,0,0,'','','','爱情童话 戒指','','',NULL,0,0,0,0,0,0,0,0,NULL),(1022,98,NULL,NULL,NULL,NULL,42,-1,0,0,0,0,NULL,NULL,NULL,0,NULL,NULL,NULL,NULL,NULL,NULL,NULL,0,0,0,0,0,0,0,0,NULL),(1023,98,'弹簧夹满钻珍珠蝴蝶结发饰',12.60,4,'/images/product/1023.205x205.jpg',43,5,0,0,0,0,'/images/product/1023.jpg',NULL,0,0,'','','','弹簧夹满钻珍珠蝴蝶结发饰','','',NULL,0,0,0,0,0,0,0,0,NULL),(1024,98,'发卡发饰头饰',7.40,4,'/images/product/1024.205x205.jpg',44,5,0,0,0,0,'/images/product/1024.jpg',NULL,0,0,'','','','发卡发饰头饰','','',NULL,0,0,0,0,0,0,0,0,NULL),(1025,98,'发卡发饰头饰',7.40,4,'/images/product/1025.205x205.jpg',45,5,0,0,0,0,'/images/product/1025.jpg',NULL,0,0,'','','','发卡发饰头饰','','',NULL,0,0,0,0,0,0,0,0,NULL),(1026,98,'白马胸针',18.30,4,'/images/product/1026.205x205.jpg',46,5,0,0,0,0,'/images/product/1026.jpg',NULL,0,0,'','','','白马胸针','','',NULL,0,0,0,0,0,0,0,0,NULL),(1027,98,'皇冠两用（胸针、毛衣链）-皇室的威严',16.80,4,'/images/product/1027.205x205.jpg',47,5,0,0,0,0,'/images/product/1027.jpg',NULL,0,0,'','','','皇冠两用（胸针、毛衣链）-皇室的威严','','',NULL,0,0,0,0,0,0,0,0,NULL),(1028,98,'埃菲尔铁塔毛衣链',14.70,4,'/images/product/1028.205x205.jpg',48,5,0,0,0,0,'/images/product/1028.jpg',NULL,0,0,'','','','埃菲尔铁塔毛衣链','','',NULL,0,0,0,0,0,0,0,0,NULL),(1029,98,'幸运四叶草奥地利水晶毛衣链',19.00,4,'/images/product/1029.205x205.jpg',49,5,0,0,0,0,'/images/product/1029.jpg',NULL,0,0,'','','','幸运四叶草奥地利水晶毛衣链','','',NULL,0,0,0,0,0,0,0,0,NULL),(1030,98,'蛇舞桃心水晶长款毛衣链-追爱',25.20,4,'/images/product/1030.205x205.jpg',50,5,0,0,0,0,'/images/product/1030.jpg',NULL,0,0,'','','','蛇舞桃心水晶长款毛衣链-追爱','','',NULL,0,0,0,0,0,0,0,0,NULL),(1031,98,'蝴蝶缤纷 毛衣链',19.00,4,'/images/product/1031.205x205.jpg',51,5,0,0,0,0,'/images/product/1031.jpg',NULL,0,0,'','','','蝴蝶缤纷 毛衣链','','',NULL,0,0,0,0,0,0,0,0,NULL),(1032,98,'耳钉+项链+戒指三件套 唯一',94.50,4,'/images/product/1032.205x205.jpg',52,5,0,0,0,0,'/images/product/1032.jpg',NULL,0,0,'','','','耳钉+项链+戒指三件套 唯一','','',NULL,0,0,0,0,0,0,0,0,NULL),(1033,98,'项链+手链两件套 舞动的',45.20,4,'/images/product/1033.205x205.jpg',53,5,0,0,0,0,'/images/product/1033.jpg',NULL,0,0,'','','','项链+手链两件套 舞动的','','',NULL,0,0,0,0,0,0,0,0,NULL),(1034,98,'大项链+小项链l+耳环三件套 许愿石',83.00,4,'/images/product/1034.205x205.jpg',54,5,0,0,0,0,'/images/product/1034.jpg',NULL,0,0,'','','','大项链+小项链l+耳环三件套 许愿石','','',NULL,0,0,0,0,0,0,0,0,NULL),(1035,98,'项链+胸针两件套 蝴蝶结',16.40,4,'/images/product/1035.205x205.jpg',55,5,0,0,0,0,'/images/product/1035.jpg',NULL,0,0,'','','','项链+胸针两件套 蝴蝶结','','',NULL,0,0,0,0,0,0,0,0,NULL),(1036,98,'项链+手链两件套 串起的幸福回忆',44.20,4,'/images/product/1036.205x205.jpg',56,5,0,0,0,0,'/images/product/1036.jpg',NULL,0,0,'','','','项链+手链两件套 串起的幸福回忆','','',NULL,0,0,0,0,0,0,0,0,NULL),(1037,39,'水果零钱包',1.50,4,'/images/product/1037.205x205.jpg',16,5,0,0,0,0,'/images/product/1037.jpg',NULL,1200,0,'个','кошелёк','wallet','水果零钱包','','',NULL,0,0,0,0,0,0,0,0,NULL),(1038,39,'小浣熊零钱包',4.00,4,'/images/product/1038.205x205.jpg',17,5,0,0,0,0,'/images/product/1038.jpg',NULL,1200,0,'个','','','小浣熊零钱包','','',NULL,0,0,0,0,0,0,0,0,NULL),(1039,39,'卷笔刀',0.25,4,'/images/product/1039.205x205.jpg',18,5,0,0,0,0,'/images/product/1039.jpg',NULL,3888,0,'个','точилка','Pencil sharpener','卷笔刀','','',NULL,0,0,0,0,0,0,0,0,NULL),(1040,39,NULL,NULL,NULL,'/images/product/1040.205x205.jpg',19,-1,0,0,0,0,'/images/product/1040.jpg',NULL,NULL,0,NULL,NULL,NULL,NULL,NULL,NULL,NULL,0,0,0,0,0,0,0,0,NULL),(1041,39,'子弹双孔卷笔刀',0.80,4,'/images/product/1041.205x205.jpg',20,5,0,0,0,0,'/images/product/1041.jpg',NULL,1152,0,'个','','','子弹双孔卷笔刀','','',NULL,0,0,0,0,0,0,0,0,NULL),(1042,39,'翻盖汽车卷笔刀',0.40,4,'/images/product/1042.205x205.jpg',21,5,0,0,0,0,'/images/product/1042.jpg',NULL,1440,0,'个','точилка','sharpener','翻盖汽车卷笔刀','','',NULL,0,0,0,0,0,0,0,0,NULL),(1043,39,NULL,NULL,NULL,NULL,22,-1,0,0,0,0,NULL,NULL,NULL,0,NULL,NULL,NULL,NULL,NULL,NULL,NULL,0,0,0,0,0,0,0,0,NULL),(1044,39,NULL,NULL,NULL,NULL,23,-1,0,0,0,0,NULL,NULL,NULL,0,NULL,NULL,NULL,NULL,NULL,NULL,NULL,0,0,0,0,0,0,0,0,NULL),(1045,39,'造型卷笔刀',0.30,4,'/images/product/1045.205x205.jpg',24,5,0,0,0,0,'/images/product/1045.jpg',NULL,1920,0,'个','','','造型卷笔刀','','',NULL,0,0,0,0,0,0,0,0,NULL),(1046,39,'飞机卷笔刀',0.30,4,'/images/product/1046.205x205.jpg',25,5,0,0,0,0,'/images/product/1046.jpg',NULL,1920,0,'个','','','飞机卷笔刀','','',NULL,0,0,0,0,0,0,0,0,NULL),(1047,39,'镜子卷笔刀',0.50,4,'/images/product/1047.205x205.jpg',26,5,0,0,0,0,'/images/product/1047.jpg',NULL,1440,0,'个','','','镜子卷笔刀','','',NULL,0,0,0,0,0,0,0,0,NULL),(1048,39,NULL,NULL,NULL,'/images/product/1048.205x205.jpg',27,-1,0,0,0,0,'/images/product/1048.jpg',NULL,NULL,0,NULL,NULL,NULL,NULL,NULL,NULL,NULL,0,0,0,0,0,0,0,0,NULL),(1049,39,'鼠标弹孔卷笔刀',0.50,4,'/images/product/1049.205x205.jpg',28,5,0,0,0,0,'/images/product/1049.jpg',NULL,1920,0,'个','','','鼠标弹孔卷笔刀','','',NULL,0,0,0,0,0,0,0,0,NULL),(1050,39,'单孔卷笔刀',0.20,4,'/images/product/1050.205x205.jpg',29,5,0,0,0,0,'/images/product/1050.jpg',NULL,4800,0,'个','','','单孔卷笔刀','','',NULL,0,0,0,0,0,0,0,0,NULL),(1051,39,'小猫单孔卷笔刀',0.20,4,'/images/product/1051.205x205.jpg',30,5,0,0,0,0,'/images/product/1051.jpg',NULL,4320,0,'个','','','小猫单孔卷笔刀','','',NULL,0,0,0,0,0,0,0,0,NULL),(1052,39,'桃心卷笔刀',0.20,4,'/images/product/1052.205x205.jpg',31,5,0,0,0,0,'/images/product/1052.jpg',NULL,4800,0,'个','','','桃心卷笔刀','','',NULL,0,0,0,0,0,0,0,0,NULL),(1053,39,NULL,NULL,NULL,NULL,32,-1,0,0,0,0,NULL,NULL,NULL,0,NULL,NULL,NULL,NULL,NULL,NULL,NULL,0,0,0,0,0,0,0,0,NULL),(1054,101,NULL,NULL,NULL,NULL,1,-1,0,0,0,0,NULL,NULL,NULL,0,NULL,NULL,NULL,NULL,NULL,NULL,NULL,0,0,0,0,0,0,0,0,NULL),(1055,101,NULL,NULL,NULL,NULL,2,-1,0,0,0,0,NULL,NULL,NULL,0,NULL,NULL,NULL,NULL,NULL,NULL,NULL,0,0,0,0,0,0,0,0,NULL),(1056,101,'贝壳苹果耳钉',3.40,4,'/images/product/1056.205x205.jpg',3,5,0,0,0,0,'/images/product/1056.jpg',NULL,0,0,'','','贝壳苹果耳钉','','','',NULL,0,0,0,0,0,0,0,0,NULL),(1057,101,'黑色四叶花晶莹剔透水钻耳环',3.40,4,'/images/product/1057.205x205.jpg',4,5,0,0,0,0,'/images/product/1057.jpg',NULL,0,0,'','','黑色四叶花晶莹剔透水钻耳环','','','',NULL,0,0,0,0,0,0,0,0,NULL),(1058,101,'大小光面满钻五角星韩国明星耳钉',4.20,4,'/images/product/1058.205x205.jpg',5,5,0,0,0,0,'/images/product/1058.jpg',NULL,0,0,'','','大小光面满钻五角星韩国明星耳钉','','','',NULL,0,0,0,0,0,0,0,0,NULL),(1059,101,'时尚银色镶钻翅膀品小熊耳钉',4.20,4,'/images/product/1059.205x205.jpg',6,5,0,0,0,0,'/images/product/1059.jpg',NULL,0,0,'','','时尚银色镶钻翅膀品小熊耳钉','','','',NULL,0,0,0,0,0,0,0,0,NULL),(1060,101,'合金人工钻蜜蜂 耳钉',10.50,4,'/images/product/1060.205x205.jpg',7,5,0,0,0,0,'/images/product/1060.jpg',NULL,0,0,'','','合金人工钻蜜蜂 耳钉','','','',NULL,0,0,0,0,0,0,0,0,NULL),(1061,101,'天然贝壳镶钻金色爱心LOVE 耳钉',7.60,4,'/images/product/1061.205x205.jpg',8,5,0,0,0,0,'/images/product/1061.jpg',NULL,0,0,'','','天然贝壳镶钻金色爱心LOVE 耳钉','','','',NULL,0,0,0,0,0,0,0,0,NULL),(1062,40,NULL,NULL,NULL,NULL,13,-1,0,0,0,0,NULL,NULL,NULL,0,NULL,NULL,NULL,NULL,NULL,NULL,NULL,0,0,0,0,0,0,0,0,NULL),(1063,101,NULL,NULL,NULL,NULL,9,-1,0,0,0,0,NULL,NULL,NULL,0,NULL,NULL,NULL,NULL,NULL,NULL,NULL,0,0,0,0,0,0,0,0,NULL),(1064,101,NULL,NULL,NULL,'/images/product/1064.205x205.jpg',10,-1,0,0,0,0,'/images/product/1064.jpg',NULL,NULL,0,NULL,NULL,NULL,NULL,NULL,NULL,NULL,0,0,0,0,0,0,0,0,NULL),(1065,15,NULL,NULL,NULL,NULL,1,-1,0,0,0,0,NULL,NULL,NULL,0,NULL,NULL,NULL,NULL,NULL,NULL,NULL,0,0,0,0,0,0,0,0,NULL),(1066,15,'название',11.00,2,'/images/product/1066.205x205.jpeg',2,1,1,0,0,0,'/images/product/1066.jpeg',NULL,0,0,'','название','','','','<p>sdasdasd</p>','',0,10,25,5,5,1,0,0,NULL),(1067,15,'тест',11.00,2,'/images/product/1067.205x205.jpeg',3,1,1,0,0,0,'/images/product/1067.jpeg',NULL,0,0,'','тест','','','','<p>описание</p>',NULL,0,0,0,0,0,0,0,0,NULL),(1068,15,'тест2',11.00,2,'/images/product/1068.205x205.jpg',4,1,1,0,0,0,'/images/product/1068.jpg',NULL,0,0,'','тест2','','','','<p>описание</p>',NULL,0,0,0,0,0,0,0,0,NULL),(1069,15,NULL,NULL,NULL,NULL,5,-1,0,0,0,0,NULL,NULL,NULL,0,NULL,NULL,NULL,NULL,NULL,NULL,NULL,0,0,0,0,0,0,0,0,NULL),(1076,106,NULL,NULL,NULL,NULL,1,-1,0,0,0,0,NULL,NULL,NULL,0,NULL,NULL,NULL,NULL,NULL,NULL,NULL,0,0,0,0,0,0,0,0,NULL),(1077,106,NULL,NULL,NULL,NULL,2,-1,0,0,0,0,NULL,NULL,NULL,0,NULL,NULL,NULL,NULL,NULL,NULL,NULL,0,0,0,0,0,0,0,0,NULL),(1078,106,'sdfsdf',123.00,1,'/images/product/1078.205x205.png',3,5,0,0,0,0,'/images/product/1078.png',NULL,0,0,'','','sdfsdf','','','<p>sdfsdfфывфыв ыфва ыва</p>',NULL,0,0,0,0,0,0,0,0,NULL),(1079,106,NULL,NULL,NULL,NULL,4,-1,0,0,0,0,NULL,NULL,NULL,0,NULL,NULL,NULL,NULL,NULL,NULL,NULL,0,0,0,0,0,0,0,0,NULL),(1080,106,NULL,NULL,NULL,NULL,5,-1,0,0,0,0,NULL,NULL,NULL,0,NULL,NULL,NULL,NULL,NULL,NULL,NULL,0,0,0,0,0,0,0,0,NULL),(1081,106,NULL,NULL,NULL,NULL,6,-1,0,0,0,0,NULL,NULL,NULL,0,NULL,NULL,NULL,NULL,NULL,NULL,NULL,0,0,0,0,0,0,0,0,NULL),(1082,106,NULL,NULL,NULL,NULL,7,-1,0,0,0,0,NULL,NULL,NULL,0,NULL,NULL,NULL,NULL,NULL,NULL,NULL,0,0,0,0,0,0,0,0,NULL),(1083,106,NULL,NULL,NULL,NULL,8,-1,0,0,0,0,NULL,NULL,NULL,0,NULL,NULL,NULL,NULL,NULL,NULL,NULL,0,0,0,0,0,0,0,0,NULL),(1084,106,NULL,NULL,NULL,NULL,9,-1,0,0,0,0,NULL,NULL,NULL,0,NULL,NULL,NULL,NULL,NULL,NULL,NULL,0,0,0,0,0,0,0,0,NULL),(2499,13,NULL,NULL,NULL,NULL,64,-1,0,0,0,0,NULL,NULL,NULL,0,NULL,NULL,NULL,NULL,NULL,NULL,NULL,0,0,0,0,0,0,0,0,NULL),(2500,13,NULL,NULL,NULL,NULL,65,-1,0,0,0,0,NULL,NULL,NULL,0,NULL,NULL,NULL,NULL,NULL,NULL,NULL,0,0,0,0,0,0,0,0,NULL),(2501,13,NULL,NULL,NULL,NULL,66,-1,0,0,0,0,NULL,NULL,NULL,0,NULL,NULL,NULL,NULL,NULL,NULL,NULL,0,0,0,0,0,0,0,0,NULL),(2502,13,NULL,NULL,NULL,NULL,67,-1,0,0,0,0,NULL,NULL,NULL,0,NULL,NULL,NULL,NULL,NULL,NULL,NULL,0,0,0,0,0,0,0,0,NULL),(2498,13,NULL,NULL,NULL,NULL,63,-1,0,0,0,0,NULL,NULL,NULL,0,NULL,NULL,NULL,NULL,NULL,NULL,NULL,0,0,0,0,0,0,0,0,NULL),(2497,13,'Термос 4 л / AHP-4005 /уп.6/',392.00,1,'/images/product/2497.205x205.png',NULL,0,0,0,0,0,'/images/product/2497.png','587151',0,0,'шт','Термос 4 л / AHP-4005 /уп.6/','','','','<br>Термос 4 л / AHP-4005 /уп.6/','',0,0,0,0,0,0,0,0,NULL),(2495,13,'Термос 2 л / XN-13003R /уп.12/',1235.00,NULL,NULL,NULL,0,0,0,0,0,NULL,'587149',0,0,'шт','Термос 2 л / XN-13003R /уп.12/','','','','<br>Термос 2 л / XN-13003R /уп.12/','',0,0,0,0,0,0,0,0,NULL),(2496,13,'Термос 2 л / XN-13003W /уп.12/',1235.00,NULL,NULL,NULL,0,0,0,0,0,NULL,'587150',0,0,'шт','Термос 2 л / XN-13003W /уп.12/','','','','<br>Термос 2 л / XN-13003W /уп.12/','',0,0,0,0,0,0,0,0,NULL),(2494,13,'Термос с пневмонасосом / NP-3000-1 / БИОСТАЛЬ',1062.00,NULL,NULL,NULL,0,0,0,0,0,NULL,'543973',0,0,'шт','Термос с пневмонасосом / NP-3000-1 / БИОСТАЛЬ','','','','<br>Термос с пневмонасосом / NP-3000-1 / БИОСТАЛЬ','',0,0,0,0,0,0,0,0,NULL),(2493,13,'Термос для продуктов 2 предмета 17х14 см / S9-2PCS/S21-2PCS /уп.48/',232.00,NULL,NULL,NULL,0,0,0,0,0,NULL,'577203',0,0,'шт','Термос для продуктов 2 предмета 17х14 см / S9-2PCS/S21-2PCS /уп.48/','','','','<br>Термос для продуктов 2 предмета 17х14 см / S9-2PCS/S21-2PCS /уп.48/','',0,0,0,0,0,0,0,0,NULL),(2492,13,'Термос 1 л узкое горло PENGUN / BK-20D/20 / (нерж) 2проб. п/у',601.00,NULL,NULL,NULL,0,0,0,0,0,NULL,'571088',0,0,'шт','Термос 1 л узкое горло PENGUN / BK-20D/20 / (нерж) 2проб. п/у','','','','<br>Термос 1 л узкое горло PENGUN / BK-20D/20 / (нерж) 2проб. п/у','',0,0,0,0,0,0,0,0,NULL),(2491,13,'Термос 1,2 л универсальный PENGUN / BK-11SA / (нерж) п/у',834.00,NULL,NULL,NULL,0,0,0,0,0,NULL,'571087',0,0,'шт','Термос 1,2 л универсальный PENGUN / BK-11SA / (нерж) п/у','','','','<br>Термос 1,2 л универсальный PENGUN / BK-11SA / (нерж) п/у','',0,0,0,0,0,0,0,0,NULL),(2490,13,'Термос-судок 3 контейнера 1,5 л PENGUN / BK-66 / (нерж) п/у',822.00,NULL,NULL,NULL,0,0,0,0,0,NULL,'569233',0,0,'шт','Термос-судок 3 контейнера 1,5 л PENGUN / BK-66 / (нерж) п/у','','','','<br>Термос-судок 3 контейнера 1,5 л PENGUN / BK-66 / (нерж) п/у','',0,0,0,0,0,0,0,0,NULL),(2489,13,'Термос 1 л узкое горло PENGUN / BK-8C / с ручками (нерж) п/у',650.00,NULL,NULL,NULL,0,0,0,0,0,NULL,'569232',0,0,'шт','Термос 1 л узкое горло PENGUN / BK-8C / с ручками (нерж) п/у','','','','<br>Термос 1 л узкое горло PENGUN / BK-8C / с ручками (нерж) п/у','',0,0,0,0,0,0,0,0,NULL),(2488,13,'Термос 1,2 л узкое горло PENGUN / BK-8A / с ручк. (нерж) п/у',671.00,NULL,NULL,NULL,0,0,0,0,0,NULL,'569231',0,0,'шт','Термос 1,2 л узкое горло PENGUN / BK-8A / с ручк. (нерж) п/у','','','','<br>Термос 1,2 л узкое горло PENGUN / BK-8A / с ручк. (нерж) п/у','',0,0,0,0,0,0,0,0,NULL),(2487,13,'Термос 1 л узкое горло PENGUN / BK-36 / (нерж) рез/вст. п/у',584.00,NULL,NULL,NULL,0,0,0,0,0,NULL,'569229',0,0,'шт','Термос 1 л узкое горло PENGUN / BK-36 / (нерж) рез/вст. п/у','','','','<br>Термос 1 л узкое горло PENGUN / BK-36 / (нерж) рез/вст. п/у','',0,0,0,0,0,0,0,0,NULL),(2486,13,'Термос 1 л узкое горло с чехлом PENGUN / BK-25A / (нерж) п/у',631.00,NULL,NULL,NULL,0,0,0,0,0,NULL,'569228',0,0,'шт','Термос 1 л узкое горло с чехлом PENGUN / BK-25A / (нерж) п/у','','','','<br>Термос 1 л узкое горло с чехлом PENGUN / BK-25A / (нерж) п/у','',0,0,0,0,0,0,0,0,NULL),(2485,13,'Термос 1,8 л универсальный PENGUN / BK-13SA / (нерж) п/у+',937.00,NULL,NULL,NULL,0,0,0,0,0,NULL,'569226',0,0,'шт','Термос 1,8 л универсальный PENGUN / BK-13SA / (нерж) п/у+','','','','<br>Термос 1,8 л универсальный PENGUN / BK-13SA / (нерж) п/у+','',0,0,0,0,0,0,0,0,NULL),(2484,13,'Термос 1,5 л универсальный PENGUN / BK-12SA / (нерж) п/у+',87.00,NULL,NULL,NULL,0,0,0,0,0,NULL,'569225',0,0,'шт','Термос 1,5 л универсальный PENGUN / BK-12SA / (нерж) п/у+','','','','<br>Термос 1,5 л универсальный PENGUN / BK-12SA / (нерж) п/у+','',0,0,0,0,0,0,0,0,NULL),(2483,13,'Термос 2 л  РЕТРО / PE200 / ст/колба в мет.корп. (под/кор.)',43.00,NULL,NULL,NULL,0,0,0,0,0,NULL,'569224',0,0,'шт','Термос 2 л  РЕТРО / PE200 / ст/колба в мет.корп. (под/кор.)','','','','<br>Термос 2 л  РЕТРО / PE200 / ст/колба в мет.корп. (под/кор.)','',0,0,0,0,0,0,0,0,NULL),(2482,13,'Термос 0,5 л узкое горло EXCO / EN050 / колба стекло',236.00,NULL,NULL,NULL,0,0,0,0,0,NULL,'569217',0,0,'шт','Термос 0,5 л узкое горло EXCO / EN050 / колба стекло','','','','<br>Термос 0,5 л узкое горло EXCO / EN050 / колба стекло','',0,0,0,0,0,0,0,0,NULL),(2481,13,'Термос 1,4 л с широким горлом EXCO / 03500PH / суповой колба стекло',430.00,NULL,NULL,NULL,0,0,0,0,0,NULL,'569215',0,0,'шт','Термос 1,4 л с широким горлом EXCO / 03500PH / суповой колба стекло','','','','<br>Термос 1,4 л с широким горлом EXCO / 03500PH / суповой колба стекло','',0,0,0,0,0,0,0,0,NULL),(2480,13,'Термос 1,2 л с широким горлом EXCO / 03300PH / суповой колба стекло',400.00,NULL,NULL,NULL,0,0,0,0,0,NULL,'569214',0,0,'шт','Термос 1,2 л с широким горлом EXCO / 03300PH / суповой колба стекло','','','','<br>Термос 1,2 л с широким горлом EXCO / 03300PH / суповой колба стекло','',0,0,0,0,0,0,0,0,NULL),(2479,13,'Термос для воды 2 л /уп.12/',268.00,NULL,NULL,NULL,0,0,0,0,0,NULL,'553471',0,0,'шт','Термос для воды 2 л /уп.12/','','','','<br>Термос для воды 2 л /уп.12/','',0,0,0,0,0,0,0,0,NULL),(2478,13,'Термос 0,8 л универсальный PENGUN / BK-17SA / (нерж) п/у',733.00,NULL,NULL,NULL,0,0,0,0,0,NULL,'578759',0,0,'шт','Термос 0,8 л универсальный PENGUN / BK-17SA / (нерж) п/у','','','','<br>Термос 0,8 л универсальный PENGUN / BK-17SA / (нерж) п/у','',0,0,0,0,0,0,0,0,NULL),(2477,13,'Термос для воды 2 л /уп.12/',446.00,NULL,NULL,NULL,0,0,0,0,0,NULL,'553470',0,0,'шт','Термос для воды 2 л /уп.12/','','','','<br>Термос для воды 2 л /уп.12/','',0,0,0,0,0,0,0,0,NULL),(2476,13,'Термос 2 л / 502 /уп.12/',48.00,NULL,NULL,NULL,0,0,0,0,0,NULL,'587148',0,0,'шт','Термос 2 л / 502 /уп.12/','','','','<br>Термос 2 л / 502 /уп.12/','',0,0,0,0,0,0,0,0,NULL),(2475,13,'Термос 1,8 л 2 кружки / 53Т180 /уп.12/',53.00,NULL,NULL,NULL,0,0,0,0,0,NULL,'587147',0,0,'шт','Термос 1,8 л 2 кружки / 53Т180 /уп.12/','','','','<br>Термос 1,8 л 2 кружки / 53Т180 /уп.12/','',0,0,0,0,0,0,0,0,NULL),(2474,13,'Термос 1 л 2 кружки / 25Т100 /уп.24/',382.00,NULL,NULL,NULL,0,0,0,0,0,NULL,'587145',0,0,'шт','Термос 1 л 2 кружки / 25Т100 /уп.24/','','','','<br>Термос 1 л 2 кружки / 25Т100 /уп.24/','',0,0,0,0,0,0,0,0,NULL),(2473,13,'Термос 1 л 2 кружки / 55100 /уп.24/',381.00,NULL,NULL,NULL,0,0,0,0,0,NULL,'587144',0,0,'шт','Термос 1 л 2 кружки / 55100 /уп.24/','','','','<br>Термос 1 л 2 кружки / 55100 /уп.24/','',0,0,0,0,0,0,0,0,NULL),(2472,13,'Термос 0,45 л 2 кружки / 55045 /уп.48/',277.00,NULL,NULL,NULL,0,0,0,0,0,NULL,'587143',0,0,'шт','Термос 0,45 л 2 кружки / 55045 /уп.48/','','','','<br>Термос 0,45 л 2 кружки / 55045 /уп.48/','',0,0,0,0,0,0,0,0,NULL),(2471,13,'Термос 1,8 л / 60180TT /уп 12/',511.00,NULL,NULL,NULL,0,0,0,0,0,NULL,'587142',0,0,'шт','Термос 1,8 л / 60180TT /уп 12/','','','','<br>Термос 1,8 л / 60180TT /уп 12/','',0,0,0,0,0,0,0,0,NULL),(2470,13,'Термос 1 л / 60100TT /уп 24/',399.00,NULL,NULL,NULL,0,0,0,0,0,NULL,'587141',0,0,'шт','Термос 1 л / 60100TT /уп 24/','','','','<br>Термос 1 л / 60100TT /уп 24/','',0,0,0,0,0,0,0,0,NULL),(2469,13,'Термос 1 л / 13SX110 /уп 24/',432.00,NULL,NULL,NULL,0,0,0,0,0,NULL,'587140',0,0,'шт','Термос 1 л / 13SX110 /уп 24/','','','','<br>Термос 1 л / 13SX110 /уп 24/','',0,0,0,0,0,0,0,0,NULL),(2468,13,'Термос 500 мл / 803V /уп 30/',28.00,NULL,NULL,NULL,0,0,0,0,0,NULL,'587464',0,0,'шт','Термос 500 мл / 803V /уп 30/','','','','<br>Термос 500 мл / 803V /уп 30/','',0,0,0,0,0,0,0,0,NULL),(2466,13,'Термос 800 мл / WP800E /уп 20/',614.00,NULL,NULL,NULL,0,0,0,0,0,NULL,'587462',0,0,'шт','Термос 800 мл / WP800E /уп 20/','','','','<br>Термос 800 мл / WP800E /уп 20/','',0,0,0,0,0,0,0,0,NULL),(2467,13,'Термос 1200 мл / WP1200E /уп 20/',704.00,NULL,NULL,NULL,0,0,0,0,0,NULL,'587463',0,0,'шт','Термос 1200 мл / WP1200E /уп 20/','','','','<br>Термос 1200 мл / WP1200E /уп 20/','',0,0,0,0,0,0,0,0,NULL),(2465,13,'Термос 2 л Цветок / 506-1 /уп.12/',543.00,NULL,NULL,NULL,0,0,0,0,0,NULL,'576988',0,0,'шт','Термос 2 л Цветок / 506-1 /уп.12/','','','','<br>Термос 2 л Цветок / 506-1 /уп.12/','',0,0,0,0,0,0,0,0,NULL),(2464,13,'Термос 1 л узкое горло Mimi / PNF-100 / ст/колба',343.00,NULL,NULL,NULL,0,0,0,0,0,NULL,'581779',0,0,'шт','Термос 1 л узкое горло Mimi / PNF-100 / ст/колба','','','','<br>Термос 1 л узкое горло Mimi / PNF-100 / ст/колба','',0,0,0,0,0,0,0,0,NULL),(2463,13,'Термос для продуктов 3 предмета 20х17 см / S9-3PCS/S21-3PCS /уп.36/',31.00,NULL,NULL,NULL,0,0,0,0,0,NULL,'577204',0,0,'шт','Термос для продуктов 3 предмета 20х17 см / S9-3PCS/S21-3PCS /уп.36/','','','','<br>Термос для продуктов 3 предмета 20х17 см / S9-3PCS/S21-3PCS /уп.36/','',0,0,0,0,0,0,0,0,NULL),(2462,13,'Термос для воды 1,8 л / УЦЕНКА',8.00,NULL,NULL,NULL,0,0,0,0,0,NULL,'550955',0,0,'шт','Термос для воды 1,8 л / УЦЕНКА','','','','<br>Термос для воды 1,8 л / УЦЕНКА','',0,0,0,0,0,0,0,0,NULL),(2461,13,'Термос для воды 1,5 л / УЦЕНКА',7.00,NULL,NULL,NULL,0,0,0,0,0,NULL,'550954',0,0,'шт','Термос для воды 1,5 л / УЦЕНКА','','','','<br>Термос для воды 1,5 л / УЦЕНКА','',0,0,0,0,0,0,0,0,NULL),(2460,13,'Термос для воды 1,2 л / УЦЕНКА',6.00,NULL,NULL,NULL,0,0,0,0,0,NULL,'550953',0,0,'шт','Термос для воды 1,2 л / УЦЕНКА','','','','<br>Термос для воды 1,2 л / УЦЕНКА','',0,0,0,0,0,0,0,0,NULL),(2459,13,'Термос кувшин для воды 2 л /уп.12/',15.00,NULL,NULL,NULL,0,0,0,0,0,NULL,'550958',0,0,'шт','Термос кувшин для воды 2 л /уп.12/','','','','<br>Термос кувшин для воды 2 л /уп.12/','',0,0,0,0,0,0,0,0,NULL),(2458,13,'Термос 0,8 л с широким горлом EXCO/ 02200PH / суповой колба стекло',343.00,NULL,NULL,NULL,0,0,0,0,0,NULL,'569213',0,0,'шт','Термос 0,8 л с широким горлом EXCO/ 02200PH / суповой колба стекло','','','','<br>Термос 0,8 л с широким горлом EXCO/ 02200PH / суповой колба стекло','',0,0,0,0,0,0,0,0,NULL),(2457,13,'Термос со стеклянной колбой 2 л / 708 /уп.2/12/',243.00,NULL,NULL,NULL,0,0,0,0,0,NULL,'541599',0,0,'шт','Термос со стеклянной колбой 2 л / 708 /уп.2/12/','','','','<br>Термос со стеклянной колбой 2 л / 708 /уп.2/12/','',0,0,0,0,0,0,0,0,NULL),(2456,13,'*Пробка для термоса / 5P /уп.2000/',16.00,NULL,NULL,NULL,0,0,0,0,0,NULL,'553603',0,0,'шт','*Пробка для термоса / 5P /уп.2000/','','','','<br>*Пробка для термоса / 5P /уп.2000/','',0,0,0,0,0,0,0,0,NULL),(2455,13,'Термос 0,5 л с широким горлом и термометром PENGUN / BK-112 / (нерж) п/у',708.00,NULL,NULL,NULL,0,0,0,0,0,NULL,'578767',0,0,'шт','Термос 0,5 л с широким горлом и термометром PENGUN / BK-112 / (нерж) п/у','','','','<br>Термос 0,5 л с широким горлом и термометром PENGUN / BK-112 / (нерж) п/у','',0,0,0,0,0,0,0,0,NULL),(2454,13,'Термос 1,8 л узкое горло Mimi / ET-180H / колба стекло',464.00,NULL,NULL,NULL,0,0,0,0,0,NULL,'572051',0,0,'шт','Термос 1,8 л узкое горло Mimi / ET-180H / колба стекло','','','','<br>Термос 1,8 л узкое горло Mimi / ET-180H / колба стекло','',0,0,0,0,0,0,0,0,NULL),(2453,13,'Термос 1 л узкое горло Mimi / ET-100 / колба стекло',304.00,NULL,NULL,NULL,0,0,0,0,0,NULL,'572050',0,0,'шт','Термос 1 л узкое горло Mimi / ET-100 / колба стекло','','','','<br>Термос 1 л узкое горло Mimi / ET-100 / колба стекло','',0,0,0,0,0,0,0,0,NULL),(2452,13,'Термос 0,5 л узкое горло Mimi / ET-050 / ст/колба',235.00,NULL,NULL,NULL,0,0,0,0,0,NULL,'572049',0,0,'шт','Термос 0,5 л узкое горло Mimi / ET-050 / ст/колба','','','','<br>Термос 0,5 л узкое горло Mimi / ET-050 / ст/колба','',0,0,0,0,0,0,0,0,NULL),(2564,15,NULL,NULL,NULL,NULL,6,-1,0,0,0,0,NULL,NULL,NULL,0,NULL,NULL,NULL,NULL,NULL,NULL,NULL,0,0,0,0,0,0,0,0,NULL),(4784,124,NULL,NULL,NULL,NULL,16,-1,0,0,0,0,NULL,NULL,NULL,0,NULL,NULL,NULL,NULL,NULL,NULL,NULL,0,0,0,0,0,0,0,0,NULL),(4778,124,NULL,NULL,NULL,NULL,10,-1,0,0,0,0,NULL,NULL,NULL,0,NULL,NULL,NULL,NULL,NULL,NULL,NULL,0,0,0,0,0,0,0,0,NULL),(4779,124,NULL,NULL,NULL,NULL,11,-1,0,0,0,0,NULL,NULL,NULL,0,NULL,NULL,NULL,NULL,NULL,NULL,NULL,0,0,0,0,0,0,0,0,NULL),(4780,124,NULL,NULL,NULL,NULL,12,-1,0,0,0,0,NULL,NULL,NULL,0,NULL,NULL,NULL,NULL,NULL,NULL,NULL,0,0,0,0,0,0,0,0,NULL),(4781,124,NULL,NULL,NULL,NULL,13,-1,0,0,0,0,NULL,NULL,NULL,0,NULL,NULL,NULL,NULL,NULL,NULL,NULL,0,0,0,0,0,0,0,0,NULL),(4782,124,NULL,NULL,NULL,NULL,14,-1,0,0,0,0,NULL,NULL,NULL,0,NULL,NULL,NULL,NULL,NULL,NULL,NULL,0,0,0,0,0,0,0,0,NULL),(4783,124,NULL,NULL,NULL,NULL,15,-1,0,0,0,0,NULL,NULL,NULL,0,NULL,NULL,NULL,NULL,NULL,NULL,NULL,0,0,0,0,0,0,0,0,NULL),(4773,124,NULL,NULL,NULL,NULL,5,-1,0,0,0,0,NULL,NULL,NULL,0,NULL,NULL,NULL,NULL,NULL,NULL,NULL,0,0,0,0,0,0,0,0,NULL),(4774,124,NULL,NULL,NULL,NULL,6,-1,0,0,0,0,NULL,NULL,NULL,0,NULL,NULL,NULL,NULL,NULL,NULL,NULL,0,0,0,0,0,0,0,0,NULL),(4772,124,NULL,NULL,NULL,NULL,4,-1,0,0,0,0,NULL,NULL,NULL,0,NULL,NULL,NULL,NULL,NULL,NULL,NULL,0,0,0,0,0,0,0,0,NULL),(4769,124,NULL,NULL,NULL,NULL,1,-1,0,0,0,0,NULL,NULL,NULL,0,NULL,NULL,NULL,NULL,NULL,NULL,NULL,0,0,0,0,0,0,0,0,NULL),(4770,124,NULL,NULL,NULL,NULL,2,-1,0,0,0,0,NULL,NULL,NULL,0,NULL,NULL,NULL,NULL,NULL,NULL,NULL,0,0,0,0,0,0,0,0,NULL),(4771,124,NULL,NULL,NULL,NULL,3,-1,0,0,0,0,NULL,NULL,NULL,0,NULL,NULL,NULL,NULL,NULL,NULL,NULL,0,0,0,0,0,0,0,0,NULL),(4776,124,NULL,NULL,NULL,NULL,8,-1,0,0,0,0,NULL,NULL,NULL,0,NULL,NULL,NULL,NULL,NULL,NULL,NULL,0,0,0,0,0,0,0,0,NULL),(4777,124,NULL,NULL,NULL,NULL,9,-1,0,0,0,0,NULL,NULL,NULL,0,NULL,NULL,NULL,NULL,NULL,NULL,NULL,0,0,0,0,0,0,0,0,NULL),(4775,124,NULL,NULL,NULL,NULL,7,-1,0,0,0,0,NULL,NULL,NULL,0,NULL,NULL,NULL,NULL,NULL,NULL,NULL,0,0,0,0,0,0,0,0,NULL),(4768,124,'Лампа светодиодная B60 JDR E27 80LED 3000K WARM WHITE 105 мм',170.50,2,NULL,NULL,0,0,0,0,0,NULL,'96 056',NULL,0,'шт',NULL,NULL,NULL,NULL,NULL,NULL,0,0,0,0,0,0,0,0,NULL),(4818,124,'4812Название',0.00,1,NULL,22,0,0,0,0,0,NULL,NULL,1,1,'шт','','4812Название','','','','',0,0,0,0,0,0,0,0,NULL),(4817,124,NULL,NULL,NULL,NULL,21,-1,0,0,0,0,NULL,NULL,NULL,0,NULL,NULL,NULL,NULL,NULL,NULL,NULL,0,0,0,0,0,0,0,0,NULL),(4815,124,NULL,NULL,NULL,NULL,19,-1,0,0,0,0,NULL,NULL,NULL,0,NULL,NULL,NULL,NULL,NULL,NULL,NULL,0,0,0,0,0,0,0,0,NULL),(4816,124,NULL,NULL,NULL,NULL,20,-1,0,0,0,0,NULL,NULL,NULL,0,NULL,NULL,NULL,NULL,NULL,NULL,NULL,0,0,0,0,0,0,0,0,NULL),(4814,124,'Название',0.00,1,NULL,18,0,0,0,0,0,NULL,NULL,1,1,'шт','','Название','','','','',0,0,0,0,0,0,0,0,NULL),(4813,124,NULL,NULL,NULL,NULL,17,-1,0,0,0,0,NULL,NULL,NULL,0,NULL,NULL,NULL,NULL,NULL,NULL,NULL,0,0,0,0,0,0,0,0,NULL),(4812,124,'Название',123.00,1,NULL,NULL,0,0,0,0,0,NULL,'123123',1,1,'шт','Название','Название','1','11','','1',0,0,0,0,0,0,0,0,'2'),(4811,124,'Название',123.00,NULL,NULL,NULL,0,0,0,0,0,NULL,'123123',1,1,'шт','Название','1','1','11',NULL,'1',0,0,0,0,0,0,0,0,'1');
/*!40000 ALTER TABLE `product` ENABLE KEYS */;
UNLOCK TABLES;

--
-- Table structure for table `product_access`
--

DROP TABLE IF EXISTS `product_access`;
/*!40101 SET @saved_cs_client     = @@character_set_client */;
/*!40101 SET character_set_client = utf8 */;
CREATE TABLE `product_access` (
  `id` int(11) NOT NULL AUTO_INCREMENT,
  `shop_id` int(11) NOT NULL,
  `product_id` int(11) NOT NULL,
  `shopusergroup_id` int(11) NOT NULL,
  `access` int(1) DEFAULT '1',
  PRIMARY KEY (`id`),
  KEY `shop_id` (`shop_id`),
  KEY `product_id` (`product_id`)
) ENGINE=InnoDB AUTO_INCREMENT=57 DEFAULT CHARSET=utf8;
/*!40101 SET character_set_client = @saved_cs_client */;

--
-- Dumping data for table `product_access`
--

LOCK TABLES `product_access` WRITE;
/*!40000 ALTER TABLE `product_access` DISABLE KEYS */;
INSERT INTO `product_access` VALUES (55,14,15,4,1),(56,14,15,5,1);
/*!40000 ALTER TABLE `product_access` ENABLE KEYS */;
UNLOCK TABLES;

--
-- Table structure for table `product_char`
--

DROP TABLE IF EXISTS `product_char`;
/*!40101 SET @saved_cs_client     = @@character_set_client */;
/*!40101 SET character_set_client = utf8 */;
CREATE TABLE `product_char` (
  `id` int(11) NOT NULL AUTO_INCREMENT,
  `shop_id` int(11) NOT NULL,
  `product_id` int(11) NOT NULL,
  `name` varchar(250) CHARACTER SET utf8 DEFAULT NULL,
  `price` decimal(19,2) DEFAULT NULL,
  `sklad` int(11) DEFAULT NULL,
  `barcode` int(11) DEFAULT NULL,
  PRIMARY KEY (`id`),
  KEY `shop_id` (`shop_id`,`product_id`)
) ENGINE=InnoDB DEFAULT CHARSET=latin1;
/*!40101 SET character_set_client = @saved_cs_client */;

--
-- Dumping data for table `product_char`
--

LOCK TABLES `product_char` WRITE;
/*!40000 ALTER TABLE `product_char` DISABLE KEYS */;
/*!40000 ALTER TABLE `product_char` ENABLE KEYS */;
UNLOCK TABLES;

--
-- Table structure for table `product_images`
--

DROP TABLE IF EXISTS `product_images`;
/*!40101 SET @saved_cs_client     = @@character_set_client */;
/*!40101 SET character_set_client = utf8 */;
CREATE TABLE `product_images` (
  `id` int(11) NOT NULL AUTO_INCREMENT,
  `product_id` int(11) NOT NULL,
  `thumbnail_url` varchar(255) NOT NULL,
  `photo_url` varchar(255) NOT NULL,
  `sort` int(2) NOT NULL,
  `shop_id` int(11) DEFAULT NULL,
  PRIMARY KEY (`id`),
  KEY `shop_id` (`shop_id`)
) ENGINE=InnoDB AUTO_INCREMENT=246 DEFAULT CHARSET=utf8;
/*!40101 SET character_set_client = @saved_cs_client */;

--
-- Dumping data for table `product_images`
--

LOCK TABLES `product_images` WRITE;
/*!40000 ALTER TABLE `product_images` DISABLE KEYS */;
INSERT INTO `product_images` VALUES (1,291,'/images/product/1dop291.205x205.jpg','/images/product/291.jpg',0,NULL),(2,302,'/images/product/1dop302.205x205.jpg','/images/product/302.jpg',1,NULL),(3,302,'/images/product/2dop302.205x205.jpg','/images/product/302.jpg',2,NULL),(4,304,'/images/product/1dop304.205x205.jpg','/images/product/1dop304.jpg',1,NULL),(5,304,'/images/product/2dop304.205x205.jpg','/images/product/2dop304.jpg',2,NULL),(6,305,'/images/product/1dop305.205x205.jpg','/images/product/1dop305.jpg',1,NULL),(7,305,'/images/product/2dop305.205x205.jpg','/images/product/2dop305.jpg',2,NULL),(8,305,'/images/product/1dop305.205x205.jpg','/images/product/1dop305.jpg',1,NULL),(9,305,'/images/product/1dop305.205x205.jpg','/images/product/1dop305.jpg',1,NULL),(10,305,'/images/product/3dop305.205x205.jpg','/images/product/3dop305.jpg',3,NULL),(11,306,'/images/product/1dop306.205x205.jpg','/images/product/1dop306.jpg',1,NULL),(12,307,'/images/product/1dop307.205x205.jpg','/images/product/1dop307.jpg',1,NULL),(13,311,'/images/product/1dop311.205x205.jpg','/images/product/1dop311.jpg',1,NULL),(14,313,'/images/product/1dop313.205x205.jpg','/images/product/1dop313.jpg',1,NULL),(15,313,'/images/product/3dop313.205x205.jpg','/images/product/3dop313.jpg',3,NULL),(16,313,'/images/product/2dop313.205x205.jpg','/images/product/2dop313.jpg',2,NULL),(17,313,'/images/product/4dop313.205x205.jpeg','/images/product/4dop313.jpeg',4,NULL),(18,313,'/images/product/1dop313.205x205.jpg','/images/product/1dop313.jpg',1,NULL),(19,313,'/images/product/5dop313.205x205.jpg','/images/product/5dop313.jpg',5,NULL),(20,313,'/images/product/6dop313.205x205.jpg','/images/product/6dop313.jpg',6,NULL),(21,304,'/images/product/3dop304.205x205.jpg','/images/product/3dop304.jpg',3,NULL),(22,314,'/images/product/1dop314.205x205.jpg','/images/product/1dop314.jpg',1,NULL),(23,314,'/images/product/2dop314.205x205.jpg','/images/product/2dop314.jpg',2,NULL),(24,314,'/images/product/3dop314.205x205.jpg','/images/product/3dop314.jpg',3,NULL),(25,420,'/images/product/1dop420.205x205.jpg','/images/product/1dop420.jpg',1,NULL),(26,420,'/images/product/2dop420.205x205.jpg','/images/product/2dop420.jpg',2,NULL),(27,420,'/images/product/3dop420.205x205.jpg','/images/product/3dop420.jpg',3,NULL),(28,1066,'','',0,NULL),(29,1066,'','',0,NULL),(30,1066,'','',0,NULL),(31,1066,'','',0,NULL),(32,1066,'','',0,NULL),(33,1066,'','',0,NULL),(34,1066,'','',0,NULL),(35,1066,'/images/product/34dop1066.205x205.png','/images/product/34dop1066.png',0,NULL),(36,1066,'','',0,NULL),(37,1066,'','',0,NULL),(38,1066,'','',0,NULL),(39,1066,'','',0,NULL),(40,1066,'','',0,NULL),(41,1066,'','',0,NULL),(42,1066,'','',0,NULL),(43,1066,'','',0,NULL),(44,1066,'','',0,NULL),(45,1066,'','',0,NULL),(46,1066,'','',0,NULL),(47,1066,'','',0,NULL),(48,1066,'','',0,NULL),(49,1066,'','',0,NULL),(50,1066,'','',0,NULL),(51,1066,'','',0,NULL),(52,1066,'','',0,NULL),(53,1066,'','',0,NULL),(54,1066,'','',0,NULL),(55,1066,'','',0,NULL),(56,1066,'','',0,NULL),(57,1066,'','',0,NULL),(58,1066,'','',0,NULL),(59,1066,'','',0,NULL),(60,1066,'','',0,NULL),(61,1066,'','',0,NULL),(62,1066,'','',0,NULL),(63,1066,'','',0,NULL),(64,1066,'','',0,NULL),(65,1066,'','',0,NULL),(66,1066,'','',0,NULL),(67,1066,'','',0,NULL),(68,1066,'','',0,NULL),(69,1066,'','',0,NULL),(70,1066,'/images/product/68dop1066.205x205.png','/images/product/68dop1066.png',0,NULL),(71,1066,'/images/product/69dop1066.205x205.jpg','/images/product/69dop1066.jpg',0,NULL),(72,1066,'','',0,NULL),(73,1066,'','',0,NULL),(74,1066,'','',0,NULL),(75,1066,'','',0,NULL),(76,1066,'','',0,NULL),(77,1066,'','',0,NULL),(78,1066,'','',0,NULL),(79,1066,'','',0,NULL),(80,1066,'','',0,NULL),(81,1066,'','',0,NULL),(82,1066,'','',0,NULL),(83,1066,'','',0,NULL),(84,1066,'','',0,NULL),(85,1066,'','',0,NULL),(86,1066,'','',0,NULL),(87,1066,'','',0,NULL),(88,1066,'','',0,NULL),(89,1066,'','',0,NULL),(90,1066,'','',0,NULL),(91,1066,'','',0,NULL),(92,1066,'','',0,NULL),(93,1066,'','',0,NULL),(94,1066,'','',0,NULL),(95,1066,'','',0,NULL),(96,1066,'','',0,NULL),(97,1066,'','',0,NULL),(98,1066,'','',0,NULL),(99,1066,'','',0,NULL),(100,1066,'','',0,NULL),(101,1066,'','',0,NULL),(102,1066,'','',0,NULL),(103,1066,'','',0,NULL),(104,1066,'','',0,NULL),(105,1066,'','',0,NULL),(106,1066,'','',0,NULL),(107,1066,'','',0,NULL),(108,1066,'','',0,NULL),(109,1066,'','',0,NULL),(110,1066,'','',0,NULL),(111,1066,'','',0,NULL),(112,1066,'','',0,NULL),(113,1066,'','',0,NULL),(114,1066,'','',0,NULL),(115,1066,'','',0,NULL),(116,1066,'','',0,NULL),(117,1066,'','',0,NULL),(118,1066,'','',0,NULL),(119,1066,'','',0,NULL),(120,1066,'','',0,NULL),(121,1066,'','',0,NULL),(122,1066,'','',0,NULL),(123,1066,'','',0,NULL),(124,1066,'','',0,NULL),(125,1066,'','',0,NULL),(126,1066,'','',0,NULL),(127,1066,'','',0,NULL),(128,1066,'','',0,NULL),(129,1066,'','',0,NULL),(130,1066,'','',0,NULL),(131,1066,'','',0,NULL),(132,1066,'','',0,NULL),(133,1066,'','',0,NULL),(134,1066,'','',0,NULL),(135,1066,'','',0,NULL),(136,1066,'','',0,NULL),(137,1066,'','',0,NULL),(138,1066,'','',0,NULL),(139,1066,'','',0,NULL),(140,1066,'','',0,NULL),(141,1066,'','',0,NULL),(142,1066,'','',0,NULL),(143,1066,'','',0,NULL),(144,1066,'','',0,NULL),(145,1066,'','',0,NULL),(146,1066,'','',0,NULL),(147,1066,'','',0,NULL),(148,1066,'','',0,NULL),(149,1066,'','',0,NULL),(150,1066,'','',0,NULL),(151,1066,'','',0,NULL),(152,1066,'','',0,NULL),(153,1066,'','',0,NULL),(154,1066,'','',0,NULL),(155,1066,'','',0,NULL),(156,1066,'','',0,NULL),(157,1066,'','',0,NULL),(158,1066,'','',0,NULL),(159,1066,'','',0,NULL),(160,1066,'/images/product/158dop1066.205x205.png','/images/product/158dop1066.png',0,NULL),(161,1066,'/images/product/159dop1066.205x205.jpg','/images/product/159dop1066.jpg',0,NULL),(162,1066,'','',0,NULL),(163,1066,'','',0,NULL),(164,1066,'','',0,NULL),(165,1066,'','',0,NULL),(166,1066,'','',0,NULL),(167,1066,'','',0,NULL),(168,1066,'','',0,NULL),(169,1066,'','',0,NULL),(170,1066,'','',0,NULL),(171,1066,'','',0,NULL),(172,1066,'/images/product/170dop1066.205x205.jpg','/images/product/170dop1066.jpg',0,NULL),(173,1066,'/images/product/171dop1066.205x205.png','/images/product/171dop1066.png',0,NULL),(174,1066,'','',0,NULL),(175,1066,'','',0,NULL),(176,1066,'','',0,NULL),(177,1066,'','',0,NULL),(178,1066,'/images/product/176dop1066.205x205.jpg','/images/product/176dop1066.jpg',0,NULL),(179,1066,'/images/product/177dop1066.205x205.png','/images/product/177dop1066.png',0,NULL),(180,1066,'','',0,NULL),(181,1066,'','',0,NULL),(182,1066,'/images/product/180dop1066.205x205.png','/images/product/180dop1066.png',0,NULL),(183,1066,'/images/product/181dop1066.205x205.jpg','/images/product/181dop1066.jpg',0,NULL),(184,1067,'','',0,NULL),(185,1067,'','',0,NULL),(186,1067,'','',0,NULL),(187,1067,'','',0,NULL),(188,1067,'/images/product/184dop1067.205x205.jpg','/images/product/184dop1067.jpg',0,NULL),(189,1067,'/images/product/185dop1067.205x205.png','/images/product/185dop1067.png',0,NULL),(190,1067,'/images/product/186dop1067.205x205.jpeg','/images/product/186dop1067.jpeg',0,NULL),(191,1067,'/images/product/187dop1067.205x205.jpg','/images/product/187dop1067.jpg',0,NULL),(192,1068,'','',0,NULL),(193,1068,'','',0,NULL),(194,1068,'','',0,NULL),(195,1068,'','',0,NULL),(196,1068,'/images/product/192dop1068.205x205.png','/images/product/192dop1068.png',0,NULL),(197,1068,'/images/product/193dop1068.205x205.jpg','/images/product/193dop1068.jpg',0,NULL),(198,1068,'/images/product/194dop1068.205x205.jpeg','/images/product/194dop1068.jpeg',0,NULL),(199,1068,'/images/product/195dop1068.205x205.jpg','/images/product/195dop1068.jpg',0,NULL),(200,1078,'','',0,NULL),(201,1078,'','',0,NULL),(204,1078,'','',0,NULL),(205,1078,'','',0,NULL),(206,1078,'/images/product/204dop1078.205x205.png','/images/product/204dop1078.png',0,NULL),(208,1085,'','',0,NULL),(209,1085,'','',0,NULL),(210,1085,'','',0,NULL),(211,1085,'/images/product/208dop1085.205x205.png','/images/product/208dop1085.png',0,NULL),(212,1085,'/images/product/209dop1085.205x205.png','/images/product/209dop1085.png',0,NULL),(213,1085,'/images/product/210dop1085.205x205.png','/images/product/210dop1085.png',0,NULL),(214,1085,'','',0,NULL),(215,1085,'/images/product/214dop1085.205x205.png','/images/product/214dop1085.png',0,NULL),(216,1085,'','',0,NULL),(217,1085,'','',0,NULL),(218,1085,'/images/product/217dop1085.205x205.jpg','/images/product/217dop1085.jpg',0,NULL),(219,1085,'','',0,NULL),(220,1085,'','',0,NULL),(221,1092,'','',0,NULL),(222,1092,'/images/product/221dop1092.205x205.jpg','/images/product/221dop1092.jpg',0,NULL),(223,1092,'','',0,NULL),(224,1091,'','',0,NULL),(225,1091,'/images/product/224dop1091.205x205.jpg','/images/product/224dop1091.jpg',0,NULL),(226,1091,'','',0,NULL),(227,1091,'/images/product/226dop1091.205x205.jpg','/images/product/226dop1091.jpg',0,NULL),(228,2497,'','',0,NULL),(229,2497,'','',0,NULL),(230,2497,'','',0,NULL),(231,2497,'/images/product/228dop2497.205x205.jpg','/images/product/228dop2497.jpg',0,NULL),(232,2497,'/images/product/229dop2497.205x205.jpg','/images/product/229dop2497.jpg',0,NULL),(233,2497,'/images/product/230dop2497.205x205.png','/images/product/230dop2497.png',0,NULL),(234,2503,'','',0,0),(235,2503,'','',0,0),(236,2503,'/images/product/234dop2503.205x205.png','/images/product/234dop2503.png',0,0),(237,2503,'/images/product/235dop2503.205x205.jpg','/images/product/235dop2503.jpg',0,0),(240,2504,'/images/product/238dop2504.205x205.png','/images/product/238dop2504.png',0,0),(241,2504,'/images/product/239dop2504.205x205.jpg','/images/product/239dop2504.jpg',0,0),(244,2505,'/images/product/242dop2505.205x205.png','/images/product/242dop2505.png',0,0),(245,2505,'/images/product/243dop2505.205x205.jpg','/images/product/243dop2505.jpg',0,0);
/*!40000 ALTER TABLE `product_images` ENABLE KEYS */;
UNLOCK TABLES;

--
-- Table structure for table `product_property`
--

DROP TABLE IF EXISTS `product_property`;
/*!40101 SET @saved_cs_client     = @@character_set_client */;
/*!40101 SET character_set_client = utf8 */;
CREATE TABLE `product_property` (
  `id` int(11) NOT NULL AUTO_INCREMENT,
  `value` varchar(250) DEFAULT NULL,
  `shop_id` int(11) DEFAULT NULL,
  `property_id` int(11) DEFAULT NULL,
  `product_id` int(11) DEFAULT NULL,
  PRIMARY KEY (`id`),
  KEY `product_id` (`product_id`),
  KEY `shop_id` (`shop_id`),
  KEY `property_id` (`property_id`)
) ENGINE=InnoDB AUTO_INCREMENT=77 DEFAULT CHARSET=utf8;
/*!40101 SET character_set_client = @saved_cs_client */;

--
-- Dumping data for table `product_property`
--

LOCK TABLES `product_property` WRITE;
/*!40000 ALTER TABLE `product_property` DISABLE KEYS */;
INSERT INTO `product_property` VALUES (27,'Металл',124,1,4811),(28,'Синий',124,3,4811),(71,'Ткань',124,1,4812),(72,'Синий',124,3,4812),(73,'15\"',124,5,4814),(74,'Ткань',124,1,4818),(75,'Синий',124,3,4818),(76,'ромашка',124,6,4818);
/*!40000 ALTER TABLE `product_property` ENABLE KEYS */;
UNLOCK TABLES;

--
-- Table structure for table `property`
--

DROP TABLE IF EXISTS `property`;
/*!40101 SET @saved_cs_client     = @@character_set_client */;
/*!40101 SET character_set_client = utf8 */;
CREATE TABLE `property` (
  `id` int(11) NOT NULL AUTO_INCREMENT,
  `name` varchar(250) DEFAULT NULL,
  `visible` int(11) NOT NULL DEFAULT '0',
  `ordr` int(11) NOT NULL DEFAULT '0',
  `shop_id` int(11) DEFAULT NULL,
  PRIMARY KEY (`id`),
  KEY `group_id` (`visible`,`ordr`),
  KEY `shop_id` (`shop_id`),
  KEY `visible` (`visible`),
  KEY `ordr` (`ordr`)
) ENGINE=InnoDB AUTO_INCREMENT=7 DEFAULT CHARSET=utf8;
/*!40101 SET character_set_client = @saved_cs_client */;

--
-- Dumping data for table `property`
--

LOCK TABLES `property` WRITE;
/*!40000 ALTER TABLE `property` DISABLE KEYS */;
INSERT INTO `property` VALUES (1,'Материал',1,1,124),(3,'Цвет',1,0,124),(4,'Размер',1,0,124),(5,'Диагональ',1,0,124),(6,'Цветок',1,0,124);
/*!40000 ALTER TABLE `property` ENABLE KEYS */;
UNLOCK TABLES;

--
-- Table structure for table `region`
--

DROP TABLE IF EXISTS `region`;
/*!40101 SET @saved_cs_client     = @@character_set_client */;
/*!40101 SET character_set_client = utf8 */;
CREATE TABLE `region` (
  `id` int(11) NOT NULL AUTO_INCREMENT,
  `name_en` varchar(255) DEFAULT NULL,
  `name_ru` varchar(255) DEFAULT NULL,
  `country_id` int(11) NOT NULL,
  `ordr` int(11) NOT NULL DEFAULT '10',
  PRIMARY KEY (`id`),
  KEY `country_id` (`country_id`,`ordr`)
) ENGINE=MyISAM AUTO_INCREMENT=3 DEFAULT CHARSET=utf8;
/*!40101 SET character_set_client = @saved_cs_client */;

--
-- Dumping data for table `region`
--

LOCK TABLES `region` WRITE;
/*!40000 ALTER TABLE `region` DISABLE KEYS */;
/*!40000 ALTER TABLE `region` ENABLE KEYS */;
UNLOCK TABLES;

--
-- Table structure for table `shares`
--

DROP TABLE IF EXISTS `shares`;
/*!40101 SET @saved_cs_client     = @@character_set_client */;
/*!40101 SET character_set_client = utf8 */;
CREATE TABLE `shares` (
  `id` int(11) NOT NULL AUTO_INCREMENT,
  `person_id` int(11) NOT NULL,
  `time` int(11) DEFAULT NULL,
  `object_id` int(11) DEFAULT NULL,
  `object_name` varchar(80) DEFAULT NULL,
  PRIMARY KEY (`id`),
  KEY `person_id` (`person_id`),
  KEY `object_id` (`object_id`,`object_name`)
) ENGINE=MyISAM DEFAULT CHARSET=utf8;
/*!40101 SET character_set_client = @saved_cs_client */;

--
-- Dumping data for table `shares`
--

LOCK TABLES `shares` WRITE;
/*!40000 ALTER TABLE `shares` DISABLE KEYS */;
/*!40000 ALTER TABLE `shares` ENABLE KEYS */;
UNLOCK TABLES;

--
-- Table structure for table `shop`
--

DROP TABLE IF EXISTS `shop`;
/*!40101 SET @saved_cs_client     = @@character_set_client */;
/*!40101 SET character_set_client = utf8 */;
CREATE TABLE `shop` (
  `id` int(11) NOT NULL AUTO_INCREMENT,
  `person_id` int(11) NOT NULL,
  `organization_id` int(11) DEFAULT NULL,
  `shoptemplate_id` int(11) DEFAULT NULL,
  `thumbnail_url` varchar(250) DEFAULT NULL,
  `thumbnail_big_url` varchar(250) DEFAULT NULL,
  `admin_email` varchar(250) DEFAULT NULL,
  `order_email` varchar(250) DEFAULT NULL,
  `name` varchar(250) DEFAULT NULL,
  `currency_id` int(11) DEFAULT NULL,
  `ismall` int(11) NOT NULL DEFAULT '0',
  `add2client` varchar(50) DEFAULT 'options_add_2_friend_req',
  `options_product` int(6) NOT NULL DEFAULT '0',
  `options_price` int(6) NOT NULL DEFAULT '0',
  `options_comment` int(6) NOT NULL DEFAULT '2',
  `lang` varchar(3) NOT NULL,
  `country_content_code2` varchar(3) NOT NULL,
  `menustyle` varchar(255) DEFAULT NULL,
  `bgstyle` varchar(255) DEFAULT NULL,
  `bgimg` varchar(255) DEFAULT NULL,
  `deliverycomp` decimal(10,2) DEFAULT NULL,
  `deliverybalance` decimal(10,2) NOT NULL DEFAULT '0.00',
  `city` varchar(255) DEFAULT NULL,
  `deliverydpdru` int(1) NOT NULL DEFAULT '0',
  `paysimplepay` int(1) NOT NULL DEFAULT '0',
  `terminal` varchar(255) DEFAULT NULL,
  `logistname` varchar(255) DEFAULT NULL,
  `logistphone` varchar(255) DEFAULT NULL,
  PRIMARY KEY (`id`),
  KEY `person_id` (`person_id`),
  KEY `organization_id` (`organization_id`,`shoptemplate_id`),
  KEY `ismall` (`ismall`),
  KEY `add2client` (`add2client`),
  KEY `options_product` (`options_product`,`options_price`,`options_comment`),
  KEY `deliverydpdru` (`deliverydpdru`),
  KEY `paysimplepay` (`paysimplepay`)
) ENGINE=MyISAM AUTO_INCREMENT=125 DEFAULT CHARSET=utf8;
/*!40101 SET character_set_client = @saved_cs_client */;

--
-- Dumping data for table `shop`
--

LOCK TABLES `shop` WRITE;
/*!40000 ALTER TABLE `shop` DISABLE KEYS */;
INSERT INTO `shop` VALUES (13,14,22,NULL,'/images/shop/13.205x205.jpg','/images/shop/13.205x205.jpg','anton.galleon@gmail.com','anton.galleon@gmail.com','Вероятные товары',2,1,'options_add_2_friend_req',0,0,0,'','',NULL,NULL,NULL,NULL,0.00,NULL,0,0,NULL,NULL,NULL),(14,33,23,NULL,'/images/shop/14.205x205.jpg','/images/shop/14.205x205.jpg','support@creograf.ru','support@creograf.ru','test',NULL,1,'options_add_2_friend_auto',0,0,2,'','',NULL,NULL,NULL,NULL,0.00,NULL,0,0,NULL,NULL,NULL),(15,12,24,NULL,'/images/shop/15.205x205.jpg','/images/shop/15.205x205.jpg','support@creograf.ru','support@creograf.ru','тест',NULL,1,'options_add_2_friend_req',0,0,2,'','',NULL,NULL,NULL,NULL,0.00,'Челябинск',0,0,NULL,NULL,NULL),(16,43,25,NULL,'/images/shop/16.205x205.jpg','/images/shop/16.205x205.jpg','vesna021@vesna-logistic.ru','vesna021@vesna-logistic.ru','ВЕСНА',NULL,1,'options_add_2_friend_auto',0,0,2,'','',NULL,NULL,NULL,NULL,0.00,NULL,0,0,NULL,NULL,NULL),(17,20,27,NULL,NULL,NULL,'kesainiya.galeon@gmail.com','kesainiya.galeon@gmail.com','Бижутерия \"Галеон\"',NULL,1,'options_add_2_friend_auto',0,0,2,'','',NULL,NULL,NULL,NULL,0.00,NULL,0,0,NULL,NULL,NULL),(18,20,27,NULL,'/images/shop/18.205x205.jpg','/images/shop/18.205x205.jpg','kesainiya.galeon@gmail.com','kesainiya.galeon@gmail.com','Красота для нас и нашего дома ',2,1,'options_add_2_friend_auto',0,0,0,'','',NULL,NULL,NULL,NULL,0.00,NULL,0,0,NULL,NULL,NULL),(20,13,21,NULL,'/images/shop/20.205x205.jpg','/images/shop/20.205x205.jpg','cycland@mail.ru','cycland@mail.ru','CYCLAND',2,1,'options_add_2_friend_auto',0,0,2,'','',NULL,NULL,NULL,NULL,0.00,NULL,0,0,NULL,NULL,NULL),(22,26,29,NULL,'/images/shop/22.205x205.jpg','/images/shop/22.205x205.jpg','sales2@crt.cc','sales2@crt.cc','猫咪',1,0,'options_add_2_friend_auto',0,0,2,'','',NULL,NULL,NULL,NULL,0.00,NULL,0,0,NULL,NULL,NULL),(23,52,33,NULL,'/images/shop/23.205x205.jpg','/images/shop/23.205x205.jpg','mga27046308@yandex.ru','mga27046308@yandex.ru',' УралВратаАвтоматик',2,0,'options_add_2_friend_auto',0,0,2,'','',NULL,NULL,NULL,NULL,0.00,NULL,0,0,NULL,NULL,NULL),(24,16,34,NULL,'/images/shop/24.205x205.jpg','/images/shop/24.205x205.jpg','spavlov.gt@gmail.com','spavlov.gt@gmail.com','Павлов Стайл Инкарпарейтед',2,0,'options_add_2_friend_auto',0,0,2,'','',NULL,NULL,NULL,NULL,0.00,NULL,0,0,NULL,NULL,NULL),(25,59,35,NULL,'/images/shop/25.205x205.jpg','/images/shop/25.205x205.jpg','vitaliko@tin.it','vitaliko@tin.it','Все для шоссейного велоспорта',1,0,'options_add_2_friend_auto',0,0,2,'','',NULL,NULL,NULL,NULL,0.00,NULL,0,0,NULL,NULL,NULL),(26,23,36,NULL,'/images/shop/26.205x205.png','/images/shop/26.205x205.png','zeropatriot@mail.ru','zeropatriot@mail.ru','Upgrade service',1,0,'options_add_2_friend_auto',0,0,2,'','',NULL,NULL,NULL,NULL,0.00,NULL,0,0,NULL,NULL,NULL),(27,45,30,NULL,'/images/shop/27.205x205.jpg','/images/shop/27.205x205.jpg','stm-174@yandex.ru','stm-174@yandex.ru','Строймаркет ',2,0,'options_add_2_friend_auto',0,0,2,'','',NULL,NULL,NULL,NULL,0.00,NULL,0,0,NULL,NULL,NULL),(28,60,37,NULL,'/images/shop/28.205x205.jpg','/images/shop/28.205x205.jpg','ivanov.ka@creograf.ru','ivanov.ka@creograf.ru','Магазин',2,0,'options_add_2_friend_req',0,0,2,'','',NULL,NULL,NULL,NULL,0.00,NULL,0,0,NULL,NULL,NULL),(29,1,38,NULL,NULL,NULL,'','','',NULL,0,'options_add_2_friend_auto',0,0,2,'','',NULL,NULL,NULL,NULL,0.00,NULL,0,0,NULL,NULL,NULL),(36,66,39,NULL,NULL,NULL,'info@velo.ru','info@velo.ru','Велодвижение',NULL,0,'options_add_2_friend_auto',0,0,2,'','',NULL,NULL,NULL,NULL,0.00,NULL,0,0,NULL,NULL,NULL),(37,75,46,NULL,'/images/shop/37.205x205.jpg','/images/shop/37.205x205.jpg','sales9@crt.cc','sales9@crt.cc','文具',1,0,'options_add_2_friend_req',0,0,2,'','',NULL,NULL,NULL,NULL,0.00,NULL,0,0,NULL,NULL,NULL),(38,77,47,NULL,NULL,NULL,'ivanov.ka@creograf.ru','ivanov.ka@creograf.ru','New shop',1,0,'options_add_2_friend_auto',0,0,2,'','',NULL,NULL,NULL,NULL,0.00,NULL,0,0,NULL,NULL,NULL),(39,78,48,NULL,NULL,NULL,'2213293932@qq.com','2213293932@qq.com','金百合文具',4,0,'options_add_2_friend_auto',0,0,2,'','',NULL,NULL,NULL,NULL,0.00,NULL,0,0,NULL,NULL,NULL),(40,80,49,NULL,'/images/shop/40.205x205.jpg','/images/shop/40.205x205.jpg','2880625154@qq.com','2880625154@qq.com','体育产品',4,0,'options_add_2_friend_req',0,0,0,'','',NULL,NULL,NULL,NULL,0.00,NULL,0,0,NULL,NULL,NULL),(41,109,50,NULL,NULL,NULL,'asd@asd.ru','asd@asd.ru','ddd',1,0,'options_add_2_friend_auto',0,0,2,'ch','CN',NULL,NULL,NULL,NULL,0.00,NULL,0,0,NULL,NULL,NULL),(42,110,57,NULL,'/images/shop/42.205x205.jpg','/images/shop/42.205x205.jpg','test@test.ru','test@test.ru','new shop',1,0,'options_add_2_friend_auto',0,0,2,'en','US',NULL,NULL,NULL,NULL,0.00,NULL,0,0,NULL,NULL,NULL),(43,111,58,NULL,'/images/shop/43.205x205.jpg','/images/shop/43.205x205.jpg','test@test.com','test@test.com','магазин',1,0,'options_add_2_friend_auto',0,0,2,'ru','CN',NULL,NULL,NULL,NULL,0.00,NULL,0,0,NULL,NULL,NULL),(44,113,59,NULL,'/images/shop/44.205x205.jpg','/images/shop/44.205x205.jpg','330564668@qq.com','330564668@qq.com','友鑫画业-YOU XIN PAINTING INDUSTRY',4,0,'options_add_2_friend_req',0,2,0,'ch','CN',NULL,NULL,NULL,NULL,0.00,NULL,0,0,NULL,NULL,NULL),(45,114,60,NULL,'/images/shop/45.205x205.jpg','/images/shop/45.205x205.jpg','454643167@qq.com','454643167@qq.com','海顺相框-HAISHUN FRAME',4,0,'options_add_2_friend_req',0,0,2,'ch','CN',NULL,NULL,NULL,NULL,0.00,NULL,0,0,NULL,NULL,NULL),(46,115,61,NULL,'/images/shop/46.205x205.jpg','/images/shop/46.205x205.jpg','573966620@qq.com','573966620@qq.com','超卓-Chaozhuo',1,0,'options_add_2_friend_req',0,0,2,'ch','CN',NULL,NULL,NULL,NULL,0.00,NULL,0,0,NULL,NULL,NULL),(47,117,62,NULL,NULL,NULL,'t@t.com','t@t.com','noviy magazin',NULL,0,'options_add_2_friend_auto',0,0,2,'ch','CN',NULL,NULL,NULL,NULL,0.00,NULL,0,0,NULL,NULL,NULL),(48,117,62,NULL,NULL,NULL,'t@t.com','t@t.com','noviy magazin',NULL,0,'options_add_2_friend_auto',0,0,2,'ch','CN',NULL,NULL,NULL,NULL,0.00,NULL,0,0,NULL,NULL,NULL),(49,118,64,NULL,'/images/shop/49.205x205.jpg','/images/shop/49.205x205.jpg','2355506080@qq.com','2355506080@qq.com','FEITUN',1,0,'options_add_2_friend_auto',0,0,2,'ch','CN',NULL,NULL,NULL,NULL,0.00,NULL,0,0,NULL,NULL,NULL),(50,119,65,NULL,'/images/shop/50.205x205.jpg','/images/shop/50.205x205.jpg','BOLEMA-03@2355123713.b.qq.com','BOLEMA-03@2355123713.b.qq.com','Chengyue Tools',4,0,'options_add_2_friend_req',0,2,2,'ch','CN',NULL,NULL,NULL,NULL,0.00,NULL,0,0,NULL,NULL,NULL),(51,120,66,NULL,'/images/shop/51.205x205.jpg','/images/shop/51.205x205.jpg','939193787@qq.com','939193787@qq.com','水莲家纺',4,0,'options_add_2_friend_req',0,2,2,'ch','CN',NULL,NULL,NULL,NULL,0.00,NULL,0,0,NULL,NULL,NULL),(52,121,67,NULL,'/images/shop/52.205x205.jpg','/images/shop/52.205x205.jpg','479411643@qq.com','479411643@qq.com','宏顺制带有限公司',1,0,'options_add_2_friend_req',0,0,3,'ch','CN',NULL,NULL,NULL,NULL,0.00,NULL,0,0,NULL,NULL,NULL),(53,122,68,NULL,'/images/shop/53.205x205.jpg','/images/shop/53.205x205.jpg','ouyue518@scarf-market.com','ouyue518@scarf-market.com','O`YUE SCARF',1,0,'options_add_2_friend_req',0,0,3,'ch','US',NULL,NULL,NULL,NULL,0.00,NULL,0,0,NULL,NULL,NULL),(54,123,69,NULL,'/images/shop/54.205x205.jpg','/images/shop/54.205x205.jpg','335756906@qq.com','335756906@qq.com','新坦洋茶叶集团',1,0,'options_add_2_friend_req',0,0,0,'ch','CN',NULL,NULL,NULL,NULL,0.00,NULL,0,0,NULL,NULL,NULL),(55,124,70,NULL,'/images/shop/55.205x205.jpg','/images/shop/55.205x205.jpg','490993486@qq.com','490993486@qq.com','oospo',1,0,'options_add_2_friend_req',0,0,3,'ch','CN',NULL,NULL,NULL,NULL,0.00,NULL,0,0,NULL,NULL,NULL),(56,125,71,NULL,NULL,NULL,'superledyiwu@hotmail.com','superledyiwu@hotmail.com','美源照明电器（义乌门市）',4,0,'options_add_2_friend_req',0,0,3,'ch','CN',NULL,NULL,NULL,NULL,0.00,NULL,0,0,NULL,NULL,NULL),(57,126,72,NULL,NULL,NULL,'jilids@163.com','jilids@163.com','sandy',1,0,'options_add_2_friend_req',0,0,2,'ch','CN',NULL,NULL,NULL,NULL,0.00,NULL,0,0,NULL,NULL,NULL),(58,76,73,NULL,'/images/shop/58.205x205.jpg','/images/shop/58.205x205.jpg','sales2@crt.cc','sales2@crt.cc','金百合',4,0,'options_add_2_friend_req',0,0,0,'ch','CN',NULL,NULL,NULL,NULL,0.00,NULL,0,0,NULL,NULL,NULL),(59,128,74,NULL,NULL,NULL,'dxs495201379@qq.com','dxs495201379@qq.com','依姿娜服饰',4,0,'options_add_2_friend_auto',0,0,2,'ch','CN',NULL,NULL,NULL,NULL,0.00,NULL,0,0,NULL,NULL,NULL),(60,129,75,NULL,'/images/shop/60.205x205.jpg','/images/shop/60.205x205.jpg','61581196@qq.com','61581196@qq.com','Painting By Numbers',1,0,'options_add_2_friend_auto',0,0,2,'ch','CN',NULL,NULL,NULL,NULL,0.00,NULL,0,0,NULL,NULL,NULL),(61,132,76,NULL,'/images/shop/61.205x205.jpg','/images/shop/61.205x205.jpg','olivewu5560@gmail.com','olivewu5560@gmail.com','olive‘s shop',2,0,'options_add_2_friend_req',0,0,2,'ch','CN',NULL,NULL,NULL,NULL,0.00,NULL,0,0,NULL,NULL,NULL),(62,134,77,NULL,'/images/shop/62.205x205.jpg','/images/shop/62.205x205.jpg','940598704@qq.com','hongyu@cnhongyu.cn','HongYu Medical',1,0,'options_add_2_friend_auto',1,2,2,'ch','CN',NULL,NULL,NULL,NULL,0.00,NULL,0,0,NULL,NULL,NULL),(63,135,78,NULL,'/images/shop/63.205x205.jpg','/images/shop/63.205x205.jpg','Sunny@cnhongyu.cn','Sunny@cnhongyu.cn','First Aid products',1,0,'options_add_2_friend_auto',0,0,2,'ch','CN',NULL,NULL,NULL,NULL,0.00,NULL,0,0,NULL,NULL,NULL),(64,140,79,NULL,'/images/shop/64.205x205.jpg','/images/shop/64.205x205.jpg','379178771@qq.com','hy@cnhongyu.cn','Hongyu Medical equipment supplier',1,0,'options_add_2_friend_auto',0,0,2,'ch','CN',NULL,NULL,NULL,NULL,0.00,NULL,0,0,NULL,NULL,NULL),(65,139,80,NULL,'/images/shop/65.205x205.png','/images/shop/65.205x205.png','1395841282@qq.com','1395841282@qq.com','金百合百货店',1,0,'options_add_2_friend_auto',0,0,2,'ch','CN',NULL,NULL,NULL,NULL,0.00,NULL,0,0,NULL,NULL,NULL),(66,141,81,NULL,NULL,NULL,'936422747@qq.com','936422747@qq.com','wellful optics',NULL,0,'options_add_2_friend_auto',0,0,2,'ch','CN',NULL,NULL,NULL,NULL,0.00,NULL,0,0,NULL,NULL,NULL),(67,141,81,NULL,NULL,NULL,'936422747@qq.com','936422747@qq.com','wellful optics',1,0,'options_add_2_friend_req',0,0,3,'ch','CN',NULL,NULL,NULL,NULL,0.00,NULL,0,0,NULL,NULL,NULL),(68,142,83,NULL,'/images/shop/68.205x205.jpg','/images/shop/68.205x205.jpg','hy007@cnhongyu.cn','hy007@cnhongyu.cn','Hongyu Medical',1,0,'options_add_2_friend_auto',0,0,3,'ch','CN',NULL,NULL,NULL,NULL,0.00,NULL,0,0,NULL,NULL,NULL),(69,131,84,NULL,'/images/shop/69.205x205.jpg','/images/shop/69.205x205.jpg','liliwang1016@126.com','liliwang1016@126.com','security door',4,0,'options_add_2_friend_auto',0,0,3,'ch','CN',NULL,NULL,NULL,NULL,0.00,NULL,0,0,NULL,NULL,NULL),(70,144,85,NULL,NULL,NULL,'test@test.com','test@test.com','Мой первый магазин',NULL,0,'options_add_2_friend_auto',0,0,2,'ru','RU',NULL,NULL,NULL,NULL,0.00,NULL,0,0,NULL,NULL,NULL),(71,63,86,NULL,'/images/shop/71.205x205.jpg','/images/shop/71.205x205.jpg','koban92@mail.ua','koban92@mail.ua','Светотехника',4,0,'options_add_2_friend_req',0,2,0,'ru','RU',NULL,NULL,NULL,NULL,0.00,NULL,0,0,NULL,NULL,NULL),(72,145,87,NULL,'/images/shop/72.205x205.png','/images/shop/72.205x205.png','eaglelight2014@163.com','eaglelight2014@163.com','Eagle Lighting',1,0,'options_add_2_friend_auto',0,0,3,'ch','CN',NULL,NULL,NULL,NULL,0.00,NULL,0,0,NULL,NULL,NULL),(73,135,78,NULL,'/images/shop/73.205x205.jpg','/images/shop/73.205x205.jpg','Sunny@cnhongyu.cn','Sunny@cnhongyu.cn','Zhejiang Hongyu Medical Commodity Co.,Ltd',1,0,'options_add_2_friend_req',0,0,2,'ch','CN',NULL,NULL,NULL,NULL,0.00,NULL,0,0,NULL,NULL,NULL),(74,148,89,NULL,'/images/shop/74.205x205.jpg','/images/shop/74.205x205.jpg','','','盼盼的窝',1,0,'options_add_2_friend_auto',0,0,3,'ch','CN',NULL,NULL,NULL,NULL,0.00,NULL,0,0,NULL,NULL,NULL),(75,152,90,NULL,NULL,NULL,'xiahb988@126.com','xiahb988@126.com','盛源旅游',4,0,'options_add_2_friend_req',0,0,2,'ch','CN',NULL,NULL,NULL,NULL,0.00,NULL,0,0,NULL,NULL,NULL),(76,153,91,NULL,NULL,NULL,'120678575@qq.com','120678575@qq.com','浪箭游泳装备',4,0,'options_add_2_friend_req',0,0,2,'ch','CN',NULL,NULL,NULL,NULL,0.00,NULL,0,0,NULL,NULL,NULL),(77,157,92,NULL,NULL,NULL,'2851583080@qq.com','2851583080@qq.com','双才体育',1,0,'options_add_2_friend_auto',0,0,0,'ch','CN',NULL,NULL,NULL,NULL,0.00,NULL,0,0,NULL,NULL,NULL),(78,160,93,NULL,NULL,NULL,'2851583085@qq.com','2851583085@qq.com','双才体育',4,0,'options_add_2_friend_req',0,0,2,'ch','CN',NULL,NULL,NULL,NULL,0.00,NULL,0,0,NULL,NULL,NULL),(79,161,94,NULL,NULL,NULL,'amanda@artune.cn','amanda@artune.cn','地毯',1,0,'options_add_2_friend_req',0,0,2,'ch','CN',NULL,NULL,NULL,NULL,0.00,NULL,0,0,NULL,NULL,NULL),(80,163,95,NULL,NULL,NULL,'zyj-2487@163.com','zyj-2487@163.com','TOPIA',1,0,'options_add_2_friend_req',0,0,2,'ch','CN',NULL,NULL,NULL,NULL,0.00,NULL,0,0,NULL,NULL,NULL),(81,163,95,NULL,NULL,NULL,'zyj-2487@163.com','zyj-2487@163.com','蓝韵',1,0,'options_add_2_friend_req',0,0,2,'ch','RU',NULL,NULL,NULL,NULL,0.00,NULL,0,0,NULL,NULL,NULL),(82,149,97,NULL,'/images/shop/82.205x205.gif','/images/shop/82.205x205.gif','2880625153@qq.com','2880625153@qq.com','健身用品',1,0,'options_add_2_friend_req',0,0,2,'ch','CN',NULL,NULL,NULL,NULL,0.00,NULL,0,0,NULL,NULL,NULL),(83,166,98,NULL,'/images/shop/83.205x205.jpg','/images/shop/83.205x205.jpg','645433731@qq.com','645433731@qq.com','程纲',4,0,'options_add_2_friend_req',3,0,2,'ch','CN',NULL,NULL,NULL,NULL,0.00,NULL,0,0,NULL,NULL,NULL),(84,168,99,NULL,'/images/shop/84.205x205.jpg','/images/shop/84.205x205.jpg','zhengtusport@126.com','zhengtusport@126.com','江西征途体育用品有限公司',1,0,'options_add_2_friend_req',3,0,2,'ch','CN',NULL,NULL,NULL,NULL,0.00,NULL,0,0,NULL,NULL,NULL),(85,167,100,NULL,'/images/shop/85.205x205.jpg','/images/shop/85.205x205.jpg','postmaster@csfgn.com','postmaster@csfgn.com','东阳市真诚服饰有限公司',4,0,'options_add_2_friend_req',0,0,2,'ch','CN',NULL,NULL,NULL,NULL,0.00,NULL,0,0,NULL,NULL,NULL),(86,171,101,NULL,NULL,NULL,'','','',NULL,0,'options_add_2_friend_req',0,0,2,'ch','CN',NULL,NULL,NULL,NULL,0.00,NULL,0,0,NULL,NULL,NULL),(87,170,102,NULL,'/images/shop/87.205x205.jpg','/images/shop/87.205x205.jpg','hope-logistic02@mail.ru','hope-logistic02@mail.ru','Саша',1,0,'options_add_2_friend_req',0,0,2,'ch','CN',NULL,NULL,NULL,NULL,0.00,NULL,0,0,NULL,NULL,NULL),(88,173,103,NULL,'/images/shop/88.205x205.jpg','/images/shop/88.205x205.jpg','superledyiwu@hotmail.com','superledyiwu@hotmail.com','Brighter lighting',4,0,'options_add_2_friend_req',0,0,2,'ch','CN',NULL,NULL,NULL,NULL,0.00,NULL,0,0,NULL,NULL,NULL),(89,169,104,NULL,'/images/shop/89.205x205.jpg','/images/shop/89.205x205.jpg','nadya-logistic@mail.ru','nadya-logistic@mail.ru','Nadezhda',1,0,'options_add_2_friend_req',1,0,3,'ch','CN',NULL,NULL,NULL,NULL,0.00,NULL,0,0,NULL,NULL,NULL),(90,172,105,NULL,NULL,NULL,'','','',2,0,'options_add_2_friend_req',0,0,2,'en','RU',NULL,NULL,NULL,NULL,0.00,NULL,0,0,NULL,NULL,NULL),(91,179,106,NULL,NULL,NULL,'2880625152@qq.com','2880625152@qq.com','日用百货',NULL,0,'options_add_2_friend_req',0,0,2,'ch','CN',NULL,NULL,NULL,NULL,0.00,NULL,0,0,NULL,NULL,NULL),(92,179,106,NULL,NULL,NULL,'2880625152@qq.com','2880625152@qq.com','日用百货',NULL,0,'options_add_2_friend_req',0,0,2,'ch','CN',NULL,NULL,NULL,NULL,0.00,NULL,0,0,NULL,NULL,NULL),(93,179,106,NULL,NULL,NULL,'2880625152@qq.com','2880625152@qq.com','日用百货',NULL,0,'options_add_2_friend_req',0,0,2,'ch','CN',NULL,NULL,NULL,NULL,0.00,NULL,0,0,NULL,NULL,NULL),(94,179,106,NULL,'/images/shop/94.205x205.jpg','/images/shop/94.205x205.jpg','2880625152@qq.com','','日用百货',1,0,'options_add_2_friend_req',0,0,0,'ch','CN',NULL,NULL,NULL,NULL,0.00,NULL,0,0,NULL,NULL,NULL),(95,179,106,NULL,NULL,NULL,'','','',NULL,0,'options_add_2_friend_req',0,0,2,'ch','CN',NULL,NULL,NULL,NULL,0.00,NULL,0,0,NULL,NULL,NULL),(96,179,106,NULL,NULL,NULL,'2880625152@qq.com','2880625152@qq.com','',4,0,'options_add_2_friend_req',0,0,2,'ch','CN',NULL,NULL,NULL,NULL,0.00,NULL,0,0,NULL,NULL,NULL),(97,179,106,NULL,NULL,NULL,'','','',NULL,0,'options_add_2_friend_req',0,0,2,'ch','CN',NULL,NULL,NULL,NULL,0.00,NULL,0,0,NULL,NULL,NULL),(98,179,106,NULL,'/images/shop/98.205x205.jpg','/images/shop/98.205x205.jpg','2880625152@qq.com','2880625152@qq.com','小依饰品',4,0,'options_add_2_friend_req',0,0,2,'ch','CN',NULL,NULL,NULL,NULL,0.00,NULL,0,0,NULL,NULL,NULL),(99,179,106,NULL,NULL,NULL,'','','',NULL,0,'options_add_2_friend_req',0,0,2,'ch','RU',NULL,NULL,NULL,NULL,0.00,NULL,0,0,NULL,NULL,NULL),(100,179,106,NULL,NULL,NULL,'2880625152@qq.com','2880625152@qq.com','小依饰品',4,0,'options_add_2_friend_req',0,0,2,'ch','RU',NULL,NULL,NULL,NULL,0.00,NULL,0,0,NULL,NULL,NULL),(101,179,106,NULL,'/images/shop/101.205x205.jpg','/images/shop/101.205x205.jpg','2880625152@qq.com','2880625152@qq.com','小依鞋业',4,0,'options_add_2_friend_req',0,0,2,'en','RU',NULL,NULL,NULL,NULL,0.00,NULL,0,0,NULL,NULL,NULL),(124,15,30,NULL,'/images/shop/124.205x205.png','/images/shop/124.205x205.png','support@creograf.ru','support@creograf.ru','тест',1,0,'options_add_2_friend_req',0,0,2,'1','CN','menu3','bg5','/images/shop/bg_124.jpg',10.00,0.00,'Екатеринбург',1,0,'SVX','Анастасия','+7 (111) 111-1111');
/*!40000 ALTER TABLE `shop` ENABLE KEYS */;
UNLOCK TABLES;

--
-- Table structure for table `shop_access`
--

DROP TABLE IF EXISTS `shop_access`;
/*!40101 SET @saved_cs_client     = @@character_set_client */;
/*!40101 SET character_set_client = utf8 */;
CREATE TABLE `shop_access` (
  `id` int(11) NOT NULL AUTO_INCREMENT,
  `shop_id` int(11) NOT NULL,
  `shopusergroup_id` int(11) NOT NULL,
  `access_type` enum('price','product') DEFAULT NULL,
  `access` int(1) DEFAULT '1',
  PRIMARY KEY (`id`),
  KEY `shop_id` (`shop_id`)
) ENGINE=InnoDB DEFAULT CHARSET=utf8;
/*!40101 SET character_set_client = @saved_cs_client */;

--
-- Dumping data for table `shop_access`
--

LOCK TABLES `shop_access` WRITE;
/*!40000 ALTER TABLE `shop_access` DISABLE KEYS */;
/*!40000 ALTER TABLE `shop_access` ENABLE KEYS */;
UNLOCK TABLES;

--
-- Table structure for table `shop_addresses`
--

DROP TABLE IF EXISTS `shop_addresses`;
/*!40101 SET @saved_cs_client     = @@character_set_client */;
/*!40101 SET character_set_client = utf8 */;
CREATE TABLE `shop_addresses` (
  `shop_id` int(11) NOT NULL,
  `address_id` int(11) NOT NULL,
  KEY `shop_id` (`shop_id`)
) ENGINE=MyISAM DEFAULT CHARSET=utf8;
/*!40101 SET character_set_client = @saved_cs_client */;

--
-- Dumping data for table `shop_addresses`
--

LOCK TABLES `shop_addresses` WRITE;
/*!40000 ALTER TABLE `shop_addresses` DISABLE KEYS */;
/*!40000 ALTER TABLE `shop_addresses` ENABLE KEYS */;
UNLOCK TABLES;

--
-- Table structure for table `shop_banners`
--

DROP TABLE IF EXISTS `shop_banners`;
/*!40101 SET @saved_cs_client     = @@character_set_client */;
/*!40101 SET character_set_client = utf8 */;
CREATE TABLE `shop_banners` (
  `id` int(11) NOT NULL AUTO_INCREMENT,
  `shop_id` int(11) NOT NULL,
  `link` char(255) DEFAULT NULL,
  `img` char(255) DEFAULT NULL,
  `isvisible` int(1) NOT NULL DEFAULT '0',
  `clicked` int(11) NOT NULL DEFAULT '0',
  `shown` int(11) NOT NULL DEFAULT '0',
  `ordr` int(11) NOT NULL DEFAULT '0',
  PRIMARY KEY (`id`),
  KEY `shop_id` (`shop_id`),
  KEY `isvisible` (`isvisible`),
  KEY `ordr` (`ordr`)
) ENGINE=InnoDB AUTO_INCREMENT=28 DEFAULT CHARSET=utf8;
/*!40101 SET character_set_client = @saved_cs_client */;

--
-- Dumping data for table `shop_banners`
--

LOCK TABLES `shop_banners` WRITE;
/*!40000 ALTER TABLE `shop_banners` DISABLE KEYS */;
INSERT INTO `shop_banners` VALUES (24,124,NULL,NULL,-1,0,23,2),(25,124,'http://creograf.ru/','/images/banner/25.jpg',1,0,23,3),(26,124,NULL,NULL,-1,0,22,4),(27,124,NULL,NULL,-1,0,22,5);
/*!40000 ALTER TABLE `shop_banners` ENABLE KEYS */;
UNLOCK TABLES;

--
-- Table structure for table `shop_client_requests`
--

DROP TABLE IF EXISTS `shop_client_requests`;
/*!40101 SET @saved_cs_client     = @@character_set_client */;
/*!40101 SET character_set_client = utf8 */;
CREATE TABLE `shop_client_requests` (
  `shop_id` int(11) NOT NULL,
  `client_id` int(11) NOT NULL,
  KEY `shop_id` (`shop_id`,`client_id`),
  KEY `shop_id_2` (`shop_id`),
  KEY `client_id` (`client_id`)
) ENGINE=InnoDB DEFAULT CHARSET=utf8;
/*!40101 SET character_set_client = @saved_cs_client */;

--
-- Dumping data for table `shop_client_requests`
--

LOCK TABLES `shop_client_requests` WRITE;
/*!40000 ALTER TABLE `shop_client_requests` DISABLE KEYS */;
INSERT INTO `shop_client_requests` VALUES (13,15),(13,30),(15,15);
/*!40000 ALTER TABLE `shop_client_requests` ENABLE KEYS */;
UNLOCK TABLES;

--
-- Table structure for table `shop_clients`
--

DROP TABLE IF EXISTS `shop_clients`;
/*!40101 SET @saved_cs_client     = @@character_set_client */;
/*!40101 SET character_set_client = utf8 */;
CREATE TABLE `shop_clients` (
  `shop_id` int(11) NOT NULL,
  `client_id` int(11) NOT NULL,
  `issuperclient` int(1) NOT NULL DEFAULT '0',
  `discount` float NOT NULL DEFAULT '0',
  `isnew` int(11) NOT NULL DEFAULT '0',
  `discounthidden` float NOT NULL DEFAULT '0',
  `sum` float DEFAULT NULL,
  `num` int(11) NOT NULL DEFAULT '0',
  `last` int(11) DEFAULT NULL,
  `hiddenclient` int(11) DEFAULT '0',
  KEY `shop_id` (`shop_id`,`client_id`),
  KEY `client_id` (`client_id`),
  KEY `isnew` (`isnew`),
  KEY `sum` (`sum`,`num`,`last`),
  KEY `hiddenclient` (`hiddenclient`)
) ENGINE=InnoDB DEFAULT CHARSET=utf8;
/*!40101 SET character_set_client = @saved_cs_client */;

--
-- Dumping data for table `shop_clients`
--

LOCK TABLES `shop_clients` WRITE;
/*!40000 ALTER TABLE `shop_clients` DISABLE KEYS */;
INSERT INTO `shop_clients` VALUES (16,12,0,30,0,5,NULL,0,NULL,0),(106,12,0,0,0,0,NULL,0,NULL,NULL),(124,15,0,0,0,0,NULL,0,NULL,NULL),(16,15,0,0,0,0,NULL,0,NULL,0),(20,15,0,0,0,0,NULL,0,NULL,0),(14,15,0,0,0,0,NULL,0,NULL,0);
/*!40000 ALTER TABLE `shop_clients` ENABLE KEYS */;
UNLOCK TABLES;

--
-- Table structure for table `shop_emails`
--

DROP TABLE IF EXISTS `shop_emails`;
/*!40101 SET @saved_cs_client     = @@character_set_client */;
/*!40101 SET character_set_client = utf8 */;
CREATE TABLE `shop_emails` (
  `shop_id` int(11) NOT NULL,
  `email` varchar(255) DEFAULT NULL,
  KEY `shop_id` (`shop_id`,`email`)
) ENGINE=MyISAM DEFAULT CHARSET=utf8;
/*!40101 SET character_set_client = @saved_cs_client */;

--
-- Dumping data for table `shop_emails`
--

LOCK TABLES `shop_emails` WRITE;
/*!40000 ALTER TABLE `shop_emails` DISABLE KEYS */;
/*!40000 ALTER TABLE `shop_emails` ENABLE KEYS */;
UNLOCK TABLES;

--
-- Table structure for table `shop_friend_requests`
--

DROP TABLE IF EXISTS `shop_friend_requests`;
/*!40101 SET @saved_cs_client     = @@character_set_client */;
/*!40101 SET character_set_client = utf8 */;
CREATE TABLE `shop_friend_requests` (
  `shop_id` int(11) NOT NULL,
  `friend_id` int(11) NOT NULL,
  KEY `shop_id` (`shop_id`,`friend_id`)
) ENGINE=MyISAM DEFAULT CHARSET=utf8;
/*!40101 SET character_set_client = @saved_cs_client */;

--
-- Dumping data for table `shop_friend_requests`
--

LOCK TABLES `shop_friend_requests` WRITE;
/*!40000 ALTER TABLE `shop_friend_requests` DISABLE KEYS */;
/*!40000 ALTER TABLE `shop_friend_requests` ENABLE KEYS */;
UNLOCK TABLES;

--
-- Table structure for table `shop_friends`
--

DROP TABLE IF EXISTS `shop_friends`;
/*!40101 SET @saved_cs_client     = @@character_set_client */;
/*!40101 SET character_set_client = utf8 */;
CREATE TABLE `shop_friends` (
  `shop_id` int(11) NOT NULL,
  `friend_id` int(11) NOT NULL,
  `issuperfriend` int(1) NOT NULL DEFAULT '0',
  `discount` float NOT NULL DEFAULT '0',
  KEY `shop_id` (`shop_id`,`friend_id`),
  KEY `friend_id` (`friend_id`)
) ENGINE=MyISAM DEFAULT CHARSET=utf8;
/*!40101 SET character_set_client = @saved_cs_client */;

--
-- Dumping data for table `shop_friends`
--

LOCK TABLES `shop_friends` WRITE;
/*!40000 ALTER TABLE `shop_friends` DISABLE KEYS */;
/*!40000 ALTER TABLE `shop_friends` ENABLE KEYS */;
UNLOCK TABLES;

--
-- Table structure for table `shop_page`
--

DROP TABLE IF EXISTS `shop_page`;
/*!40101 SET @saved_cs_client     = @@character_set_client */;
/*!40101 SET character_set_client = utf8 */;
CREATE TABLE `shop_page` (
  `id` int(11) NOT NULL,
  `shop_id` int(11) NOT NULL,
  `name` varchar(255) NOT NULL,
  `text` text NOT NULL,
  `visible` int(11) NOT NULL DEFAULT '1',
  `ordr` int(11) NOT NULL,
  PRIMARY KEY (`id`),
  KEY `shop_id` (`shop_id`,`visible`,`ordr`)
) ENGINE=InnoDB DEFAULT CHARSET=utf8;
/*!40101 SET character_set_client = @saved_cs_client */;

--
-- Dumping data for table `shop_page`
--

LOCK TABLES `shop_page` WRITE;
/*!40000 ALTER TABLE `shop_page` DISABLE KEYS */;
/*!40000 ALTER TABLE `shop_page` ENABLE KEYS */;
UNLOCK TABLES;

--
-- Table structure for table `shop_phone_numbers`
--

DROP TABLE IF EXISTS `shop_phone_numbers`;
/*!40101 SET @saved_cs_client     = @@character_set_client */;
/*!40101 SET character_set_client = utf8 */;
CREATE TABLE `shop_phone_numbers` (
  `shop_id` int(11) NOT NULL,
  `phone_number` varchar(255) DEFAULT NULL,
  `number_type` varchar(255) DEFAULT NULL,
  KEY `shop_id` (`shop_id`,`phone_number`),
  KEY `number_type` (`number_type`)
) ENGINE=MyISAM DEFAULT CHARSET=utf8;
/*!40101 SET character_set_client = @saved_cs_client */;

--
-- Dumping data for table `shop_phone_numbers`
--

LOCK TABLES `shop_phone_numbers` WRITE;
/*!40000 ALTER TABLE `shop_phone_numbers` DISABLE KEYS */;
INSERT INTO `shop_phone_numbers` VALUES (124,'+7 123 123-12-34\r',NULL);
/*!40000 ALTER TABLE `shop_phone_numbers` ENABLE KEYS */;
UNLOCK TABLES;

--
-- Table structure for table `shop_tags`
--

DROP TABLE IF EXISTS `shop_tags`;
/*!40101 SET @saved_cs_client     = @@character_set_client */;
/*!40101 SET character_set_client = utf8 */;
CREATE TABLE `shop_tags` (
  `shop_id` int(11) NOT NULL,
  `tag` char(128) DEFAULT NULL,
  KEY `shop_id` (`shop_id`)
) ENGINE=MyISAM DEFAULT CHARSET=utf8;
/*!40101 SET character_set_client = @saved_cs_client */;

--
-- Dumping data for table `shop_tags`
--

LOCK TABLES `shop_tags` WRITE;
/*!40000 ALTER TABLE `shop_tags` DISABLE KEYS */;
/*!40000 ALTER TABLE `shop_tags` ENABLE KEYS */;
UNLOCK TABLES;

--
-- Table structure for table `shop_templates`
--

DROP TABLE IF EXISTS `shop_templates`;
/*!40101 SET @saved_cs_client     = @@character_set_client */;
/*!40101 SET character_set_client = utf8 */;
CREATE TABLE `shop_templates` (
  `id` int(11) NOT NULL AUTO_INCREMENT,
  `cssfile` varchar(255) DEFAULT NULL,
  `name` varchar(255) DEFAULT NULL,
  `thumbnail_url` varchar(255) DEFAULT NULL,
  PRIMARY KEY (`id`)
) ENGINE=MyISAM DEFAULT CHARSET=utf8;
/*!40101 SET character_set_client = @saved_cs_client */;

--
-- Dumping data for table `shop_templates`
--

LOCK TABLES `shop_templates` WRITE;
/*!40000 ALTER TABLE `shop_templates` DISABLE KEYS */;
/*!40000 ALTER TABLE `shop_templates` ENABLE KEYS */;
UNLOCK TABLES;

--
-- Table structure for table `shop_urls`
--

DROP TABLE IF EXISTS `shop_urls`;
/*!40101 SET @saved_cs_client     = @@character_set_client */;
/*!40101 SET character_set_client = utf8 */;
CREATE TABLE `shop_urls` (
  `shop_id` int(11) NOT NULL,
  `url` varchar(255) DEFAULT NULL,
  KEY `shop_id` (`shop_id`)
) ENGINE=InnoDB DEFAULT CHARSET=utf8;
/*!40101 SET character_set_client = @saved_cs_client */;

--
-- Dumping data for table `shop_urls`
--

LOCK TABLES `shop_urls` WRITE;
/*!40000 ALTER TABLE `shop_urls` DISABLE KEYS */;
/*!40000 ALTER TABLE `shop_urls` ENABLE KEYS */;
UNLOCK TABLES;

--
-- Table structure for table `shop_usergroup`
--

DROP TABLE IF EXISTS `shop_usergroup`;
/*!40101 SET @saved_cs_client     = @@character_set_client */;
/*!40101 SET character_set_client = utf8 */;
CREATE TABLE `shop_usergroup` (
  `id` int(11) NOT NULL AUTO_INCREMENT,
  `name` varchar(255) DEFAULT NULL,
  `shop_id` int(11) NOT NULL,
  PRIMARY KEY (`id`),
  KEY `shop_id` (`shop_id`)
) ENGINE=InnoDB AUTO_INCREMENT=10 DEFAULT CHARSET=utf8;
/*!40101 SET character_set_client = @saved_cs_client */;

--
-- Dumping data for table `shop_usergroup`
--

LOCK TABLES `shop_usergroup` WRITE;
/*!40000 ALTER TABLE `shop_usergroup` DISABLE KEYS */;
INSERT INTO `shop_usergroup` VALUES (4,'группа 1',14),(5,'группа 2',14),(6,'группа 3',14),(7,'Физлица',124),(8,'VIP',124),(9,'Новая группа клиентов',124);
/*!40000 ALTER TABLE `shop_usergroup` ENABLE KEYS */;
UNLOCK TABLES;

--
-- Table structure for table `shop_usergroup_client`
--

DROP TABLE IF EXISTS `shop_usergroup_client`;
/*!40101 SET @saved_cs_client     = @@character_set_client */;
/*!40101 SET character_set_client = utf8 */;
CREATE TABLE `shop_usergroup_client` (
  `id` int(11) NOT NULL AUTO_INCREMENT,
  `shop_id` int(11) NOT NULL,
  `usergroup_id` int(11) NOT NULL,
  `client_id` int(11) NOT NULL,
  PRIMARY KEY (`id`),
  KEY `shop_id` (`shop_id`),
  KEY `usergroup_id` (`usergroup_id`)
) ENGINE=InnoDB AUTO_INCREMENT=5 DEFAULT CHARSET=utf8;
/*!40101 SET character_set_client = @saved_cs_client */;

--
-- Dumping data for table `shop_usergroup_client`
--

LOCK TABLES `shop_usergroup_client` WRITE;
/*!40000 ALTER TABLE `shop_usergroup_client` DISABLE KEYS */;
INSERT INTO `shop_usergroup_client` VALUES (3,14,4,30),(4,14,6,30);
/*!40000 ALTER TABLE `shop_usergroup_client` ENABLE KEYS */;
UNLOCK TABLES;

--
-- Table structure for table `wall`
--

DROP TABLE IF EXISTS `wall`;
/*!40101 SET @saved_cs_client     = @@character_set_client */;
/*!40101 SET character_set_client = utf8 */;
CREATE TABLE `wall` (
  `id` int(11) NOT NULL AUTO_INCREMENT,
  `object_id` int(11) NOT NULL,
  `object_name` varchar(80) NOT NULL,
  `time` int(11) NOT NULL,
  `person_id` int(11) NOT NULL,
  `person_to_id` int(11) NOT NULL,
  `status` enum('new','deleted') NOT NULL,
  PRIMARY KEY (`id`),
  KEY `object_id` (`object_id`,`object_name`),
  KEY `person_id` (`person_id`),
  KEY `person_to_id` (`person_to_id`),
  KEY `status` (`status`)
) ENGINE=InnoDB AUTO_INCREMENT=103 DEFAULT CHARSET=utf8;
/*!40101 SET character_set_client = @saved_cs_client */;

--
-- Dumping data for table `wall`
--

LOCK TABLES `wall` WRITE;
/*!40000 ALTER TABLE `wall` DISABLE KEYS */;
INSERT INTO `wall` VALUES (32,120,'messages',1363147766,13,13,'new'),(33,122,'messages',1363150606,13,13,'new'),(34,122,'messages',1363150606,13,14,'new'),(35,135,'messages',1364057199,14,14,'new'),(36,135,'messages',1364057199,14,13,'new'),(37,135,'messages',1364057199,14,12,'new'),(38,142,'messages',1364459907,18,18,'new'),(39,138,'messages',1364622780,14,14,'new'),(40,138,'messages',1364622780,14,13,'new'),(41,138,'messages',1364622780,14,12,'new'),(42,138,'messages',1364622780,14,16,'new'),(43,138,'messages',1364622780,14,19,'new'),(44,135,'messages',1379050326,12,12,'new'),(45,135,'messages',1379050326,12,1,'new'),(46,135,'messages',1379050326,12,2,'new'),(47,135,'messages',1379050326,12,3,'new'),(48,135,'messages',1379050326,12,4,'new'),(49,135,'messages',1379050326,12,22,'new'),(50,135,'messages',1379050326,12,14,'new'),(51,135,'messages',1379050326,12,15,'new'),(52,135,'messages',1379050326,12,20,'new'),(53,669,'messages',1379050339,12,12,'new'),(54,669,'messages',1379050339,12,1,'new'),(55,669,'messages',1379050339,12,2,'new'),(56,669,'messages',1379050339,12,3,'new'),(57,669,'messages',1379050339,12,4,'new'),(58,669,'messages',1379050339,12,22,'new'),(59,669,'messages',1379050339,12,14,'new'),(60,669,'messages',1379050339,12,15,'new'),(61,669,'messages',1379050339,12,20,'new'),(62,668,'messages',1379050733,12,12,'new'),(63,668,'messages',1379050733,12,1,'new'),(64,668,'messages',1379050733,12,2,'new'),(65,668,'messages',1379050733,12,3,'new'),(66,668,'messages',1379050733,12,4,'new'),(67,668,'messages',1379050733,12,22,'new'),(68,668,'messages',1379050733,12,14,'new'),(69,668,'messages',1379050733,12,15,'new'),(70,668,'messages',1379050733,12,20,'new'),(71,631,'messages',1379050800,12,12,'new'),(72,631,'messages',1379050800,12,1,'new'),(73,631,'messages',1379050800,12,2,'new'),(74,631,'messages',1379050800,12,3,'new'),(75,631,'messages',1379050800,12,4,'new'),(76,631,'messages',1379050800,12,22,'new'),(77,631,'messages',1379050800,12,14,'new'),(78,631,'messages',1379050800,12,15,'new'),(79,631,'messages',1379050800,12,20,'new'),(80,683,'messages',1379067176,12,12,'new'),(81,683,'messages',1379067176,12,1,'new'),(82,683,'messages',1379067176,12,2,'new'),(83,683,'messages',1379067176,12,3,'new'),(84,683,'messages',1379067176,12,4,'new'),(85,683,'messages',1379067176,12,22,'new'),(86,683,'messages',1379067176,12,14,'new'),(87,683,'messages',1379067176,12,15,'new'),(88,683,'messages',1379067176,12,20,'new'),(89,845,'messages',1382731921,12,12,'new'),(90,845,'messages',1382731921,12,1,'new'),(91,845,'messages',1382731921,12,2,'new'),(92,845,'messages',1382731921,12,3,'new'),(93,845,'messages',1382731921,12,4,'new'),(94,845,'messages',1382731921,12,22,'new'),(95,845,'messages',1382731921,12,25,'new'),(96,845,'messages',1382731921,12,14,'new'),(97,845,'messages',1382731921,12,15,'new'),(98,845,'messages',1382731921,12,20,'new'),(99,12,'product',1389986305,30,30,'new'),(100,45,'product',1395870795,30,30,'new'),(101,2266,'messages',1425498361,12,14,'new'),(102,2203,'messages',1425498493,12,14,'new');
/*!40000 ALTER TABLE `wall` ENABLE KEYS */;
UNLOCK TABLES;
/*!40103 SET TIME_ZONE=@OLD_TIME_ZONE */;

/*!40101 SET SQL_MODE=@OLD_SQL_MODE */;
/*!40014 SET FOREIGN_KEY_CHECKS=@OLD_FOREIGN_KEY_CHECKS */;
/*!40014 SET UNIQUE_CHECKS=@OLD_UNIQUE_CHECKS */;
/*!40101 SET CHARACTER_SET_CLIENT=@OLD_CHARACTER_SET_CLIENT */;
/*!40101 SET CHARACTER_SET_RESULTS=@OLD_CHARACTER_SET_RESULTS */;
/*!40101 SET COLLATION_CONNECTION=@OLD_COLLATION_CONNECTION */;
/*!40111 SET SQL_NOTES=@OLD_SQL_NOTES */;

-- Dump completed on 2016-05-06 10:11:24
